feature	s__Bifidobacterium_adolescentis	s__Bifidobacterium_bifidum	s__Bifidobacterium_longum	s__Bifidobacterium_pseudocatenulatum	s__Collinsella_aerofaciens	s__Collinsella_intestinalis	s__Collinsella_stercoris	s__Eggerthella_lenta	s__Bacteroides_caccae	s__Bacteroides_cellulosilyticus	s__Bacteroides_dorei	s__Bacteroides_eggerthii	s__Bacteroides_faecis	s__Bacteroides_faecis_CAG_32	s__Bacteroides_finegoldii	s__Bacteroides_fragilis	s__Bacteroides_massiliensis	s__Bacteroides_ovatus	s__Bacteroides_stercoris	s__Bacteroides_thetaiotaomicron	s__Bacteroides_uniformis	s__Bacteroides_vulgatus	s__Bacteroides_xylanisolvens	s__Barnesiella_intestinihominis	s__Coprobacter_fastidiosus	s__Butyricimonas_synergistica	s__Butyricimonas_virosa	s__Odoribacter_splanchnicus	s__Paraprevotella_xylaniphila	s__Prevotella_copri	s__Alistipes_finegoldii	s__Alistipes_indistinctus	s__Alistipes_putredinis	s__Alistipes_shahii	s__Parabacteroides_distasonis	s__Parabacteroides_goldsteinii	s__Parabacteroides_merdae	s__Lactobacillus_rogosae	s__Streptococcus_parasanguinis	s__Streptococcus_salivarius	s__Streptococcus_thermophilus	s__Clostridium_bolteae_CAG_59	s__Clostridium_sp_CAG_242	s__Clostridium_sp_CAG_58	s__Hungatella_hathewayi	s__Intestinimonas_butyriciproducens	s__Lawsonibacter_asaccharolyticus	s__Monoglobus_pectinilyticus	s__Eubacterium_eligens	s__Eubacterium_hallii	s__Eubacterium_ramulus	s__Eubacterium_sp_CAG_38	s__Eubacterium_ventriosum	s__Anaerostipes_hadrus	s__Anaerotignum_lactatifermentans	s__Blautia_obeum	s__Blautia_sp_CAG_257	s__Blautia_wexlerae	s__Ruminococcus_gnavus	s__Ruminococcus_torques	s__Coprococcus_catus	s__Coprococcus_comes	s__Dorea_formicigenerans	s__Dorea_longicatena	s__Eisenbergiella_massiliensis	s__Eisenbergiella_tayi	s__Fusicatenibacter_saccharivorans	s__Clostridium_aldenense	s__Clostridium_asparagiforme	s__Clostridium_bolteae	s__Clostridium_citroniae	s__Clostridium_clostridioforme	s__Clostridium_lavalense	s__Clostridium_saccharolyticum	s__Clostridium_symbiosum	s__Lachnospira_pectinoschiza	s__Eubacterium_rectale	s__Roseburia_faecis	s__Roseburia_hominis	s__Roseburia_intestinalis	s__Roseburia_inulinivorans	s__Sellimonas_intestinalis	s__Oscillibacter_sp_57_20	s__Oscillibacter_sp_CAG_241	s__Intestinibacter_bartlettii	s__Agathobaculum_butyriciproducens	s__Anaeromassilibacillus_sp_An250	s__Anaerotruncus_colihominis	s__Faecalibacterium_prausnitzii	s__Flavonifractor_plautii	s__Gemmiger_formicilis	s__Clostridium_leptum	s__Eubacterium_siraeum	s__Ruminococcaceae_bacterium_D16	s__Ruminococcus_bicirculans	s__Ruminococcus_bromii	s__Ruminococcus_lactaris	s__Ruthenibacterium_lactatiformans	s__Dielma_fastidiosa	s__Clostridium_innocuum	s__Clostridium_spiroforme	s__Erysipelatoclostridium_ramosum	s__Holdemania_filiformis	s__Firmicutes_bacterium_CAG_83	s__Firmicutes_bacterium_CAG_94	s__Acidaminococcus_intestini	s__Phascolarctobacterium_faecium	s__Dialister_invisus	s__Veillonella_atypica	s__Veillonella_dispar	s__Veillonella_infantium	s__Veillonella_parvula	s__Veillonella_sp_T11011_6	s__Parasutterella_excrementihominis	s__Sutterella_parvirubra	s__Turicimonas_muris	s__Bilophila_wadsworthia	s__Escherichia_coli	s__Haemophilus_parainfluenzae	s__Haemophilus_sp_HMSC71H05	s__Proteobacteria_bacterium_CAG_139	s__Akkermansia_muciniphila
CSM5MCVN	-1.93530153165396	-1.93530153165396	-1.93530153165396	-1.93530153165396	-1.93530153165396	-1.93530153165396	-1.93530153165396	-1.93530153165396	-1.93530153165396	-1.93530153165396	-1.93530153165396	-1.93530153165396	-1.93530153165396	-1.93530153165396	-1.93530153165396	14.3709097745103	-1.93530153165396	-1.93530153165396	-1.93530153165396	14.1719556952131	-1.93530153165396	15.9700062818538	13.0655221159665	-1.93530153165396	-1.93530153165396	-1.93530153165396	-1.93530153165396	-1.93530153165396	-1.93530153165396	-1.93530153165396	-1.93530153165396	-1.93530153165396	-1.93530153165396	-1.93530153165396	-1.93530153165396	-1.93530153165396	-1.93530153165396	-1.93530153165396	-1.93530153165396	-1.93530153165396	-1.93530153165396	-1.93530153165396	-1.93530153165396	-1.93530153165396	-1.93530153165396	-1.93530153165396	-1.93530153165396	-1.93530153165396	-1.93530153165396	6.69361190937269	-1.93530153165396	-1.93530153165396	-1.93530153165396	9.3706120639293	-1.93530153165396	-1.93530153165396	6.75264658018477	-1.93530153165396	-1.93530153165396	-1.93530153165396	-1.93530153165396	-1.93530153165396	-1.93530153165396	11.0466750081689	-1.93530153165396	-1.93530153165396	-1.93530153165396	-1.93530153165396	-1.93530153165396	-1.93530153165396	-1.93530153165396	12.0475785227644	10.649758767511	10.7968626188626	-1.93530153165396	-1.93530153165396	12.220666881221	8.69140158256415	9.06180251800521	-1.93530153165396	-1.93530153165396	-1.93530153165396	-1.93530153165396	-1.93530153165396	-1.93530153165396	-1.93530153165396	-1.93530153165396	-1.93530153165396	-1.93530153165396	12.1577354543335	-1.93530153165396	-1.93530153165396	-1.93530153165396	-1.93530153165396	-1.93530153165396	-1.93530153165396	-1.93530153165396	-1.93530153165396	-1.93530153165396	-1.93530153165396	-1.93530153165396	-1.93530153165396	-1.93530153165396	-1.93530153165396	-1.93530153165396	14.0927283733845	-1.93530153165396	8.63680994950942	-1.93530153165396	-1.93530153165396	-1.93530153165396	-1.93530153165396	-1.93530153165396	-1.93530153165396	11.4740751946564	-1.93530153165396	-1.93530153165396	-1.93530153165396	-1.93530153165396	-1.93530153165396	-1.93530153165396	-1.93530153165396
CSM5MCWE	-1.88624022751761	8.32145460105246	10.1822413675455	-1.88624022751761	-1.88624022751761	-1.88624022751761	-1.88624022751761	7.9119423633731	-1.88624022751761	-1.88624022751761	-1.88624022751761	-1.88624022751761	-1.88624022751761	-1.88624022751761	-1.88624022751761	-1.88624022751761	-1.88624022751761	-1.88624022751761	-1.88624022751761	-1.88624022751761	-1.88624022751761	-1.88624022751761	-1.88624022751761	-1.88624022751761	-1.88624022751761	-1.88624022751761	-1.88624022751761	-1.88624022751761	-1.88624022751761	-1.88624022751761	-1.88624022751761	-1.88624022751761	-1.88624022751761	-1.88624022751761	-1.88624022751761	-1.88624022751761	-1.88624022751761	8.80048654910501	-1.88624022751761	-1.88624022751761	-1.88624022751761	-1.88624022751761	-1.88624022751761	-1.88624022751761	11.8118496041483	-1.88624022751761	-1.88624022751761	-1.88624022751761	-1.88624022751761	-1.88624022751761	-1.88624022751761	-1.88624022751761	-1.88624022751761	-1.88624022751761	-1.88624022751761	-1.88624022751761	-1.88624022751761	-1.88624022751761	13.343749005943	-1.88624022751761	-1.88624022751761	-1.88624022751761	-1.88624022751761	-1.88624022751761	-1.88624022751761	-1.88624022751761	13.8174803895703	-1.88624022751761	-1.88624022751761	-1.88624022751761	-1.88624022751761	13.0586158123953	-1.88624022751761	-1.88624022751761	-1.88624022751761	13.0370805217503	-1.88624022751761	11.800562713259	-1.88624022751761	15.1690466503219	-1.88624022751761	-1.88624022751761	-1.88624022751761	-1.88624022751761	9.64414197805208	-1.88624022751761	-1.88624022751761	-1.88624022751761	-1.88624022751761	12.1509415984835	-1.88624022751761	-1.88624022751761	-1.88624022751761	-1.88624022751761	-1.88624022751761	-1.88624022751761	-1.88624022751761	-1.88624022751761	-1.88624022751761	10.6187919106418	-1.88624022751761	8.13374064045433	-1.88624022751761	-1.88624022751761	-1.88624022751761	-1.88624022751761	-1.88624022751761	-1.88624022751761	-1.88624022751761	-1.88624022751761	-1.88624022751761	15.3734873221023	-1.88624022751761	-1.88624022751761	-1.88624022751761	-1.88624022751761	-1.88624022751761	14.8796108611504	-1.88624022751761	-1.88624022751761	-1.88624022751761	-1.88624022751761
CSM5MCX3	2.85400803967993	-6.02935487723683	-6.02935487723683	-6.02935487723683	6.01320422668583	-6.02935487723683	-6.02935487723683	-6.02935487723683	8.39968102336908	5.56911505600499	-6.02935487723683	-6.02935487723683	6.7608616953638	5.94112833733274	-6.02935487723683	7.22393324844457	-6.02935487723683	8.42410775419296	9.5766929033163	5.23959913370775	9.12218017095168	11.3196247327304	4.97309490273169	8.55305087580699	-6.02935487723683	4.79860980697695	3.30594273414373	7.31466454569333	7.54643930568163	-6.02935487723683	7.37318396843237	-6.02935487723683	8.60763934621449	4.48174920024225	5.04833160425712	-6.02935487723683	7.16216322522212	5.61373005179116	2.07866634413991	-6.02935487723683	-6.02935487723683	-6.02935487723683	4.77715578017255	4.49956295568883	-6.02935487723683	-6.02935487723683	-6.02935487723683	-6.02935487723683	7.97887383841824	4.62510055034294	2.71592960521755	-6.02935487723683	-6.02935487723683	8.0160770109171	-6.02935487723683	5.51624104859432	-6.02935487723683	3.54152296949238	-6.02935487723683	7.63682121761988	-6.02935487723683	5.98828356729762	6.90029958103603	6.5540268564673	-6.02935487723683	-6.02935487723683	5.41369518407232	-6.02935487723683	-6.02935487723683	-6.02935487723683	-6.02935487723683	-6.02935487723683	-6.02935487723683	-6.02935487723683	-6.02935487723683	8.89660793290975	9.3123600167434	-6.02935487723683	4.47874914344568	9.22570901552087	8.26451864814565	-6.02935487723683	7.39172101301337	2.3161005509251	-6.02935487723683	3.59050902297502	-6.02935487723683	-6.02935487723683	9.95487000923113	4.65325110877399	3.66161991634111	-6.02935487723683	-6.02935487723683	-6.02935487723683	6.927876748456	-6.02935487723683	5.71254510587003	2.46169965656971	4.78160463586523	-6.02935487723683	-6.02935487723683	3.11388369119861	5.57021606445635	3.13190028704886	-6.02935487723683	-6.02935487723683	-6.02935487723683	-6.02935487723683	-6.02935487723683	-6.02935487723683	-6.02935487723683	-6.02935487723683	-6.02935487723683	6.5392788548553	2.56868070202351	-6.02935487723683	-6.02935487723683	8.59491509801935	5.480776688429	-6.02935487723683	3.69626120217895	-6.02935487723683
CSM5MCXL	-4.7289651349759	-4.7289651349759	5.54543058685969	-4.7289651349759	5.7139646522721	-4.7289651349759	-4.7289651349759	-4.7289651349759	10.6980214570409	8.93011497980763	-4.7289651349759	-4.7289651349759	7.70428690687895	-4.7289651349759	9.90141055393002	-4.7289651349759	-4.7289651349759	10.4566573011751	12.2025221892152	-4.7289651349759	11.9434322665414	12.4420562542854	-4.7289651349759	-4.7289651349759	-4.7289651349759	-4.7289651349759	-4.7289651349759	-4.7289651349759	-4.7289651349759	-4.7289651349759	-4.7289651349759	-4.7289651349759	-4.7289651349759	-4.7289651349759	9.15889492136152	-4.7289651349759	9.83385450454686	5.3932964363565	-4.7289651349759	-4.7289651349759	-4.7289651349759	6.2297225545899	7.08562666525223	8.43841176022873	-4.7289651349759	6.73604028715951	5.78349963503338	-4.7289651349759	6.92399180126071	2.01744699359748	-4.7289651349759	-4.7289651349759	-4.7289651349759	6.08963245268622	6.97755971895983	-4.7289651349759	-4.7289651349759	5.22478768370778	-4.7289651349759	-4.7289651349759	-4.7289651349759	-4.7289651349759	-4.7289651349759	4.44688730654161	6.55920297720272	-4.7289651349759	7.46286151653704	-4.7289651349759	-4.7289651349759	5.93184086432791	4.08104691299727	-4.7289651349759	4.40998664091263	4.32950528766216	-4.7289651349759	8.92475681497623	10.4466731544383	-4.7289651349759	-4.7289651349759	-4.7289651349759	9.10493626987768	-4.7289651349759	-4.7289651349759	-4.7289651349759	-4.7289651349759	-4.7289651349759	5.23660479985678	6.24355140368667	9.3087132984857	9.79059841837532	-4.7289651349759	3.92642355519174	-4.7289651349759	-4.7289651349759	-4.7289651349759	7.01110387067382	5.50745267448515	5.68946953628539	3.2575398035781	-4.7289651349759	-4.7289651349759	-4.7289651349759	-4.7289651349759	-4.7289651349759	-4.7289651349759	-4.7289651349759	7.85657423726025	-4.7289651349759	-4.7289651349759	-4.7289651349759	-4.7289651349759	-4.7289651349759	-4.7289651349759	9.25211155504507	-4.7289651349759	6.72761217604046	6.42329170764183	-4.7289651349759	-4.7289651349759	-4.7289651349759	6.33189091698475	10.2521217264048
CSM5MCY8	-5.55534508133124	-5.55534508133124	2.72384469586376	-5.55534508133124	5.09366860660974	-5.55534508133124	-5.55534508133124	-5.55534508133124	-5.55534508133124	-5.55534508133124	11.6907809062947	-5.55534508133124	8.16833633099286	-5.55534508133124	-5.55534508133124	7.44530479625249	-5.55534508133124	-5.55534508133124	10.5034856916898	10.4842744092773	10.7999682934945	-5.55534508133124	-5.55534508133124	-5.55534508133124	-5.55534508133124	5.76279345592839	5.2670497768622	-5.55534508133124	-5.55534508133124	-5.55534508133124	8.22472584616865	-5.55534508133124	9.7790397466103	-5.55534508133124	9.47650183625618	-5.55534508133124	10.4178231742406	-5.55534508133124	-5.55534508133124	-5.55534508133124	4.32184982924996	-5.55534508133124	5.84363871049332	6.38663831279658	-5.55534508133124	5.49556079693233	3.36477667054116	7.54397686952443	7.17581401723712	-5.55534508133124	4.70129622301664	-5.55534508133124	-5.55534508133124	-5.55534508133124	-5.55534508133124	-5.55534508133124	-5.55534508133124	4.62239730034264	-5.55534508133124	-5.55534508133124	-5.55534508133124	-5.55534508133124	4.40362448066389	7.03748884111331	-5.55534508133124	-5.55534508133124	6.38644295705315	-5.55534508133124	-5.55534508133124	3.35672401663889	3.18675011441407	4.74795831891435	4.98606759726461	-5.55534508133124	-5.55534508133124	7.10285676847098	8.17963956890382	-5.55534508133124	4.74460047015308	7.88666549654185	7.59116637018539	-5.55534508133124	5.83711751042334	4.02248158079532	-5.55534508133124	5.91028959484429	-5.55534508133124	-5.55534508133124	8.85105343864911	7.19563862273307	-5.55534508133124	5.31381366917648	4.2002803104625	4.00219549062113	6.5538366356694	7.04456196374311	6.68194033768145	6.04962158980273	7.44263578168264	-5.55534508133124	-5.55534508133124	-5.55534508133124	-5.55534508133124	7.20467302043228	-5.55534508133124	-5.55534508133124	7.40205166752025	-5.55534508133124	-5.55534508133124	-5.55534508133124	-5.55534508133124	-5.55534508133124	-5.55534508133124	7.32899204474765	-5.55534508133124	4.78836321060333	6.22685150995697	8.24108560808381	-5.55534508133124	-5.55534508133124	7.91769066052399	3.53406982271606
CSM5MCZ3	-3.77894874632568	-3.77894874632568	-3.77894874632568	-3.77894874632568	-3.77894874632568	-3.77894874632568	-3.77894874632568	8.18097396905833	-3.77894874632568	-3.77894874632568	14.0166090248838	-3.77894874632568	-3.77894874632568	-3.77894874632568	-3.77894874632568	-3.77894874632568	-3.77894874632568	-3.77894874632568	-3.77894874632568	-3.77894874632568	-3.77894874632568	-3.77894874632568	-3.77894874632568	-3.77894874632568	11.4168358368489	-3.77894874632568	-3.77894874632568	11.5981491283705	-3.77894874632568	-3.77894874632568	-3.77894874632568	-3.77894874632568	-3.77894874632568	-3.77894874632568	-3.77894874632568	-3.77894874632568	-3.77894874632568	-3.77894874632568	-3.77894874632568	-3.77894874632568	-3.77894874632568	11.0882016331247	-3.77894874632568	-3.77894874632568	-3.77894874632568	-3.77894874632568	-3.77894874632568	8.24602759148623	11.5013486794912	-3.77894874632568	-3.77894874632568	-3.77894874632568	-3.77894874632568	-3.77894874632568	11.7083623170948	8.47506131893833	7.15095667533007	-3.77894874632568	9.21928122443085	-3.77894874632568	-3.77894874632568	-3.77894874632568	-3.77894874632568	-3.77894874632568	-3.77894874632568	9.52577118726012	-3.77894874632568	-3.77894874632568	-3.77894874632568	9.99149226737084	-3.77894874632568	-3.77894874632568	-3.77894874632568	10.4367336014908	11.4767525636486	-3.77894874632568	-3.77894874632568	9.75469082209154	10.8539515644985	-3.77894874632568	9.25230979640225	7.14484715245398	-3.77894874632568	-3.77894874632568	-3.77894874632568	5.81808157843233	-3.77894874632568	-3.77894874632568	-3.77894874632568	10.9137170427288	8.19456743510215	-3.77894874632568	-3.77894874632568	-3.77894874632568	8.95286079530602	-3.77894874632568	-3.77894874632568	9.4514094738479	4.83191692095319	8.56823710212881	7.31148243366852	8.13697879598122	8.22366654684032	9.06227378475028	9.13990457511156	-3.77894874632568	10.0656457438657	-3.77894874632568	-3.77894874632568	-3.77894874632568	-3.77894874632568	-3.77894874632568	-3.77894874632568	11.7929291360502	-3.77894874632568	8.30213307473614	-3.77894874632568	-3.77894874632568	-3.77894874632568	-3.77894874632568	8.96438013655688	-3.77894874632568
CSM5MCZF	2.83613878076215	5.90972439148019	4.90167337081865	-4.42297734733495	6.36036514243412	-4.42297734733495	-4.42297734733495	-4.42297734733495	10.4557189923649	-4.42297734733495	-4.42297734733495	-4.42297734733495	-4.42297734733495	-4.42297734733495	-4.42297734733495	-4.42297734733495	-4.42297734733495	9.6118944178902	10.529240900037	9.48262159876091	12.6735313023424	11.9618714612552	-4.42297734733495	-4.42297734733495	-4.42297734733495	-4.42297734733495	-4.42297734733495	9.19894967514816	-4.42297734733495	-4.42297734733495	8.92342677878161	3.79607931372565	11.2006762334829	-4.42297734733495	9.3766385572461	-4.42297734733495	9.57200989126446	-4.42297734733495	-4.42297734733495	-4.42297734733495	-4.42297734733495	-4.42297734733495	7.60223866787234	-4.42297734733495	-4.42297734733495	7.19494756811692	6.12133724856143	5.86342290883883	10.3032045834378	-4.42297734733495	-4.42297734733495	6.89503967733583	-4.42297734733495	8.35836225087578	-4.42297734733495	8.09874874854842	-4.42297734733495	-4.42297734733495	-4.42297734733495	-4.42297734733495	-4.42297734733495	6.94632021204494	-4.42297734733495	8.42118156949603	-4.42297734733495	-4.42297734733495	8.5481933045121	-4.42297734733495	-4.42297734733495	-4.42297734733495	-4.42297734733495	-4.42297734733495	-4.42297734733495	-4.42297734733495	-4.42297734733495	-4.42297734733495	11.36750980773	11.0397756415786	-4.42297734733495	-4.42297734733495	9.36052744701823	-4.42297734733495	10.3424989218469	-4.42297734733495	-4.42297734733495	6.62967301246719	-4.42297734733495	-4.42297734733495	11.9871743711961	9.83296061873181	-4.42297734733495	6.62395244578708	9.56247934006585	4.1969529215324	7.44068245103694	8.88077548592553	-4.42297734733495	-4.42297734733495	-4.42297734733495	-4.42297734733495	-4.42297734733495	-4.42297734733495	-4.42297734733495	-4.42297734733495	6.18239410920351	-4.42297734733495	-4.42297734733495	-4.42297734733495	-4.42297734733495	-4.42297734733495	-4.42297734733495	-4.42297734733495	-4.42297734733495	-4.42297734733495	4.8218610650488	-4.42297734733495	-4.42297734733495	-4.42297734733495	3.32677605893949	6.67565919391732	-4.42297734733495	-4.42297734733495
CSM67UA2	-3.3925858616701	-3.3925858616701	-3.3925858616701	-3.3925858616701	-3.3925858616701	-3.3925858616701	-3.3925858616701	-3.3925858616701	10.7966039441069	-3.3925858616701	-3.3925858616701	-3.3925858616701	-3.3925858616701	-3.3925858616701	-3.3925858616701	10.864400885012	-3.3925858616701	-3.3925858616701	-3.3925858616701	13.2451039171122	13.7568780691743	14.0256518860937	-3.3925858616701	-3.3925858616701	-3.3925858616701	-3.3925858616701	-3.3925858616701	-3.3925858616701	-3.3925858616701	-3.3925858616701	11.4741661630499	-3.3925858616701	-3.3925858616701	-3.3925858616701	-3.3925858616701	-3.3925858616701	-3.3925858616701	-3.3925858616701	-3.3925858616701	-3.3925858616701	-3.3925858616701	-3.3925858616701	-3.3925858616701	-3.3925858616701	-3.3925858616701	7.75924060192052	9.02087080354053	-3.3925858616701	-3.3925858616701	8.42886053068462	-3.3925858616701	8.83774515584017	-3.3925858616701	8.76314566758597	8.02801595935458	-3.3925858616701	6.56116695701358	4.15227520698835	-3.3925858616701	8.06060021454926	-3.3925858616701	-3.3925858616701	-3.3925858616701	8.22713808458964	-3.3925858616701	-3.3925858616701	9.11843518167653	-3.3925858616701	5.25581101536148	7.63892714010248	-3.3925858616701	4.00436274095091	-3.3925858616701	7.36894871429869	-3.3925858616701	-3.3925858616701	-3.3925858616701	11.0903031980121	6.83229654717796	-3.3925858616701	7.28218977180991	-3.3925858616701	-3.3925858616701	-3.3925858616701	-3.3925858616701	4.35716754460433	-3.3925858616701	7.86893802836492	10.6494871963367	11.2407117947144	-3.3925858616701	6.34254220908812	-3.3925858616701	-3.3925858616701	-3.3925858616701	-3.3925858616701	7.30255847307204	9.24289951167315	-3.3925858616701	-3.3925858616701	-3.3925858616701	-3.3925858616701	-3.3925858616701	-3.3925858616701	-3.3925858616701	-3.3925858616701	-3.3925858616701	10.3339415584794	-3.3925858616701	-3.3925858616701	-3.3925858616701	-3.3925858616701	-3.3925858616701	-3.3925858616701	-3.3925858616701	-3.3925858616701	-3.3925858616701	8.83427422019026	-3.3925858616701	-3.3925858616701	-3.3925858616701	11.7818969344395
CSM67UAA	-3.67705951035872	7.49970766870262	6.69301960694615	-3.67705951035872	-3.67705951035872	-3.67705951035872	-3.67705951035872	-3.67705951035872	8.56075886473163	7.87864762770679	9.04575422799948	-3.67705951035872	-3.67705951035872	-3.67705951035872	-3.67705951035872	-3.67705951035872	-3.67705951035872	-3.67705951035872	8.56322613834109	7.74638972418316	8.96639994746116	11.2424060385882	7.72784635115571	6.30989564741867	-3.67705951035872	-3.67705951035872	-3.67705951035872	7.21617367585841	-3.67705951035872	-3.67705951035872	4.35269901008211	-3.67705951035872	9.7105424582139	3.60294874252547	8.02500588007513	-3.67705951035872	5.47998556455924	-3.67705951035872	4.96606123765531	-3.67705951035872	-3.67705951035872	-3.67705951035872	-3.67705951035872	5.61679446184528	-3.67705951035872	-3.67705951035872	-3.67705951035872	-3.67705951035872	5.96901649274388	-3.67705951035872	-3.67705951035872	-3.67705951035872	-3.67705951035872	-3.67705951035872	-3.67705951035872	-3.67705951035872	-3.67705951035872	-3.67705951035872	11.7640833206584	-3.67705951035872	-3.67705951035872	-3.67705951035872	-3.67705951035872	-3.67705951035872	-3.67705951035872	-3.67705951035872	-3.67705951035872	-3.67705951035872	-3.67705951035872	-3.67705951035872	13.2841366759582	-3.67705951035872	-3.67705951035872	-3.67705951035872	-3.67705951035872	-3.67705951035872	8.19731647730026	8.38138861357226	-3.67705951035872	9.4768044720876	6.36012817056525	-3.67705951035872	5.88822430737805	-3.67705951035872	6.92209704028087	-3.67705951035872	-3.67705951035872	-3.67705951035872	9.24326356743708	6.65009318692953	-3.67705951035872	-3.67705951035872	6.23593272919166	-3.67705951035872	-3.67705951035872	-3.67705951035872	-3.67705951035872	-3.67705951035872	-3.67705951035872	-3.67705951035872	-3.67705951035872	8.79226546672907	-3.67705951035872	-3.67705951035872	-3.67705951035872	-3.67705951035872	4.30262179202902	-3.67705951035872	6.26136072871743	-3.67705951035872	-3.67705951035872	13.4517734431114	-3.67705951035872	7.57126218432181	-3.67705951035872	-3.67705951035872	-3.67705951035872	12.7851428035422	7.37368762766704	7.08107738550298	-3.67705951035872	-3.67705951035872
CSM67UAQ	-2.82816293496442	-2.82816293496442	8.34860424409691	-2.82816293496442	-2.82816293496442	-2.82816293496442	-2.82816293496442	-2.82816293496442	12.4169243893456	12.2670587768346	13.793478163469	-2.82816293496442	-2.82816293496442	-2.82816293496442	-2.82816293496442	-2.82816293496442	-2.82816293496442	14.3845922360887	-2.82816293496442	10.8005613140167	14.414755196853	6.91638750101048	-2.82816293496442	-2.82816293496442	-2.82816293496442	-2.82816293496442	-2.82816293496442	-2.82816293496442	-2.82816293496442	-2.82816293496442	-2.82816293496442	-2.82816293496442	-2.82816293496442	-2.82816293496442	13.2889593424195	-2.82816293496442	-2.82816293496442	-2.82816293496442	-2.82816293496442	-2.82816293496442	-2.82816293496442	7.14908610113376	-2.82816293496442	7.0658296830099	3.00371954231909	9.04683985477098	-2.82816293496442	-2.82816293496442	-2.82816293496442	-2.82816293496442	-2.82816293496442	-2.82816293496442	-2.82816293496442	-2.82816293496442	-2.82816293496442	10.1526161405759	-2.82816293496442	-2.82816293496442	8.28146008166227	11.057462131883	-2.82816293496442	-2.82816293496442	-2.82816293496442	8.32452410153398	7.32066009639241	-2.82816293496442	10.2576215166914	-2.82816293496442	6.18749985800822	7.60480515143486	-2.82816293496442	-2.82816293496442	-2.82816293496442	-2.82816293496442	-2.82816293496442	-2.82816293496442	-2.82816293496442	-2.82816293496442	-2.82816293496442	10.6738566818423	8.52519219031782	-2.82816293496442	-2.82816293496442	-2.82816293496442	-2.82816293496442	-2.82816293496442	-2.82816293496442	-2.82816293496442	-2.82816293496442	9.02764986012924	-2.82816293496442	8.9492092400622	-2.82816293496442	-2.82816293496442	10.1845440460186	-2.82816293496442	-2.82816293496442	8.66589566474773	-2.82816293496442	-2.82816293496442	-2.82816293496442	-2.82816293496442	-2.82816293496442	-2.82816293496442	-2.82816293496442	-2.82816293496442	-2.82816293496442	7.73752277998763	-2.82816293496442	-2.82816293496442	-2.82816293496442	-2.82816293496442	-2.82816293496442	-2.82816293496442	-2.82816293496442	-2.82816293496442	-2.82816293496442	-2.82816293496442	-2.82816293496442	-2.82816293496442	-2.82816293496442	-2.82816293496442
CSM67UB1	5.05199349562421	-4.28506762913113	-4.28506762913113	-4.28506762913113	4.17682424650002	-4.28506762913113	-4.28506762913113	-4.28506762913113	11.4827739910627	-4.28506762913113	-4.28506762913113	-4.28506762913113	-4.28506762913113	-4.28506762913113	-4.28506762913113	9.40729289155484	-4.28506762913113	10.7020736200991	-4.28506762913113	9.11215242583323	11.0534208031715	13.146710587117	10.3913313040959	-4.28506762913113	-4.28506762913113	-4.28506762913113	-4.28506762913113	11.1592737768081	-4.28506762913113	-4.28506762913113	10.6476581057905	7.11570765582186	12.2602168519234	-4.28506762913113	10.0515798084101	-4.28506762913113	-4.28506762913113	-4.28506762913113	-4.28506762913113	-4.28506762913113	-4.28506762913113	-4.28506762913113	-4.28506762913113	-4.28506762913113	8.35616160403087	8.77860887281304	3.84381251299451	5.68519032703885	9.98651306119197	-4.28506762913113	-4.28506762913113	2.93822805043118	7.47979096157614	6.6111345151222	-4.28506762913113	7.1659930703623	-4.28506762913113	-4.28506762913113	-4.28506762913113	-4.28506762913113	5.4267144753007	6.77279798997896	-4.28506762913113	-4.28506762913113	-4.28506762913113	-4.28506762913113	8.86442636213157	-4.28506762913113	-4.28506762913113	-4.28506762913113	-4.28506762913113	-4.28506762913113	-4.28506762913113	-4.28506762913113	-4.28506762913113	10.3268373436439	6.68487052526471	7.01912248607327	-4.28506762913113	-4.28506762913113	6.4732819602825	-4.28506762913113	-4.28506762913113	-4.28506762913113	-4.28506762913113	6.54309540481355	3.92858507389887	-4.28506762913113	10.9893255901329	5.80577048022039	-4.28506762913113	-4.28506762913113	-4.28506762913113	-4.28506762913113	10.3622431763235	6.69446276064675	-4.28506762913113	7.9580165603648	-4.28506762913113	-4.28506762913113	-4.28506762913113	-4.28506762913113	-4.28506762913113	9.89986695672657	-4.28506762913113	-4.28506762913113	-4.28506762913113	8.81138494398853	-4.28506762913113	-4.28506762913113	-4.28506762913113	-4.28506762913113	-4.28506762913113	-4.28506762913113	-4.28506762913113	-4.28506762913113	4.43604551863156	9.43618829174754	-4.28506762913113	-4.28506762913113	-4.28506762913113	9.76793189094658
CSM67UBB	-3.14873993754008	-3.14873993754008	5.73462297937668	-3.14873993754008	-3.14873993754008	-3.14873993754008	-3.14873993754008	-3.14873993754008	-3.14873993754008	-3.14873993754008	-3.14873993754008	-3.14873993754008	-3.14873993754008	-3.14873993754008	-3.14873993754008	-3.14873993754008	13.3632697641939	12.5488674710187	14.5799539723898	-3.14873993754008	-3.14873993754008	-3.14873993754008	12.2576719877417	-3.14873993754008	-3.14873993754008	-3.14873993754008	-3.14873993754008	-3.14873993754008	-3.14873993754008	7.17743031272128	11.3728641343858	-3.14873993754008	-3.14873993754008	7.85320989241303	-3.14873993754008	-3.14873993754008	-3.14873993754008	-3.14873993754008	-3.14873993754008	-3.14873993754008	-3.14873993754008	-3.14873993754008	-3.14873993754008	5.92130334889738	-3.14873993754008	-3.14873993754008	-3.14873993754008	-3.14873993754008	-3.14873993754008	-3.14873993754008	-3.14873993754008	-3.14873993754008	-3.14873993754008	7.91978726481975	-3.14873993754008	-3.14873993754008	-3.14873993754008	5.15302982557709	8.68337353435675	-3.14873993754008	-3.14873993754008	7.88050479152102	-3.14873993754008	6.52413876757057	7.92445500835409	-3.14873993754008	5.87899883843483	-3.14873993754008	-3.14873993754008	6.41514046967935	-3.14873993754008	-3.14873993754008	-3.14873993754008	-3.14873993754008	-3.14873993754008	-3.14873993754008	9.48563830806758	-3.14873993754008	7.42157648723812	12.5468890443621	-3.14873993754008	-3.14873993754008	9.93861990191433	-3.14873993754008	-3.14873993754008	-3.14873993754008	-3.14873993754008	-3.14873993754008	12.9113283221267	8.84365050661123	5.03465743245835	5.88855571442236	10.1850036738581	-3.14873993754008	-3.14873993754008	11.0042430709504	-3.14873993754008	-3.14873993754008	-3.14873993754008	-3.14873993754008	-3.14873993754008	-3.14873993754008	-3.14873993754008	-3.14873993754008	-3.14873993754008	-3.14873993754008	-3.14873993754008	-3.14873993754008	-3.14873993754008	-3.14873993754008	-3.14873993754008	-3.14873993754008	-3.14873993754008	10.5313528783321	-3.14873993754008	7.2667026007926	7.59827408691537	-3.14873993754008	-3.14873993754008	-3.14873993754008	7.67862946131602	9.8628505257898
CSM67UBH	-2.52121149702067	-2.52121149702067	-2.52121149702067	-2.52121149702067	8.3469949812938	-2.52121149702067	-2.52121149702067	-2.52121149702067	-2.52121149702067	-2.52121149702067	-2.52121149702067	-2.52121149702067	-2.52121149702067	-2.52121149702067	-2.52121149702067	13.382222157333	-2.52121149702067	-2.52121149702067	-2.52121149702067	14.3622576195309	-2.52121149702067	15.1415838666331	12.0284111058174	-2.52121149702067	-2.52121149702067	-2.52121149702067	-2.52121149702067	-2.52121149702067	-2.52121149702067	-2.52121149702067	-2.52121149702067	-2.52121149702067	-2.52121149702067	-2.52121149702067	-2.52121149702067	-2.52121149702067	-2.52121149702067	-2.52121149702067	-2.52121149702067	-2.52121149702067	-2.52121149702067	-2.52121149702067	-2.52121149702067	-2.52121149702067	-2.52121149702067	-2.52121149702067	-2.52121149702067	-2.52121149702067	-2.52121149702067	5.65938945057378	-2.52121149702067	-2.52121149702067	-2.52121149702067	10.2421914696112	-2.52121149702067	-2.52121149702067	9.62845480473513	6.24922758952622	5.35009970630273	-2.52121149702067	-2.52121149702067	-2.52121149702067	-2.52121149702067	11.6829170499354	-2.52121149702067	-2.52121149702067	-2.52121149702067	-2.52121149702067	-2.52121149702067	-2.52121149702067	-2.52121149702067	11.3746349564026	11.5135157120678	10.7877160910468	-2.52121149702067	-2.52121149702067	12.5088618924635	9.77562007797759	8.01755574737187	9.12904687565065	-2.52121149702067	-2.52121149702067	-2.52121149702067	-2.52121149702067	-2.52121149702067	-2.52121149702067	-2.52121149702067	-2.52121149702067	-2.52121149702067	11.7486311556671	-2.52121149702067	-2.52121149702067	-2.52121149702067	-2.52121149702067	-2.52121149702067	-2.52121149702067	-2.52121149702067	-2.52121149702067	-2.52121149702067	-2.52121149702067	-2.52121149702067	8.32503343520464	-2.52121149702067	-2.52121149702067	-2.52121149702067	13.5889952179494	-2.52121149702067	8.18899742695773	-2.52121149702067	-2.52121149702067	-2.52121149702067	-2.52121149702067	-2.52121149702067	-2.52121149702067	11.2921377269431	-2.52121149702067	-2.52121149702067	8.75423059103052	-2.52121149702067	-2.52121149702067	-2.52121149702067	-2.52121149702067
CSM67UBN	-2.25477508581011	-2.25477508581011	-2.25477508581011	-2.25477508581011	8.96164280965903	-2.25477508581011	-2.25477508581011	-2.25477508581011	-2.25477508581011	-2.25477508581011	-2.25477508581011	-2.25477508581011	-2.25477508581011	-2.25477508581011	-2.25477508581011	13.7843618780453	-2.25477508581011	-2.25477508581011	-2.25477508581011	13.6232903584563	-2.25477508581011	15.775046772906	12.0647485430886	-2.25477508581011	-2.25477508581011	-2.25477508581011	-2.25477508581011	-2.25477508581011	-2.25477508581011	-2.25477508581011	-2.25477508581011	-2.25477508581011	-2.25477508581011	-2.25477508581011	-2.25477508581011	-2.25477508581011	-2.25477508581011	-2.25477508581011	-2.25477508581011	-2.25477508581011	-2.25477508581011	-2.25477508581011	-2.25477508581011	-2.25477508581011	-2.25477508581011	-2.25477508581011	-2.25477508581011	-2.25477508581011	-2.25477508581011	7.96938192312947	-2.25477508581011	-2.25477508581011	-2.25477508581011	11.0741486995078	-2.25477508581011	-2.25477508581011	8.56861666217001	6.49210023375992	-2.25477508581011	-2.25477508581011	-2.25477508581011	-2.25477508581011	-2.25477508581011	10.4274416725488	-2.25477508581011	-2.25477508581011	-2.25477508581011	-2.25477508581011	-2.25477508581011	-2.25477508581011	-2.25477508581011	11.1150903509116	9.30818738474725	9.2350966728289	-2.25477508581011	-2.25477508581011	12.7095340927529	9.23191933378866	6.97153705567577	8.14343919590226	-2.25477508581011	-2.25477508581011	-2.25477508581011	-2.25477508581011	-2.25477508581011	-2.25477508581011	-2.25477508581011	-2.25477508581011	-2.25477508581011	10.8523751564487	-2.25477508581011	-2.25477508581011	-2.25477508581011	-2.25477508581011	-2.25477508581011	-2.25477508581011	-2.25477508581011	-2.25477508581011	-2.25477508581011	-2.25477508581011	-2.25477508581011	7.14461416370946	-2.25477508581011	-2.25477508581011	-2.25477508581011	13.569157670797	-2.25477508581011	7.8873749736979	-2.25477508581011	-2.25477508581011	-2.25477508581011	-2.25477508581011	-2.25477508581011	-2.25477508581011	10.568402976479	-2.25477508581011	-2.25477508581011	-2.25477508581011	-2.25477508581011	-2.25477508581011	-2.25477508581011	-2.25477508581011
CSM67UBZ	-4.36734844012423	-4.36734844012423	-4.36734844012423	-4.36734844012423	-4.36734844012423	-4.36734844012423	-4.36734844012423	-4.36734844012423	11.2857010330945	-4.36734844012423	12.8765783817991	-4.36734844012423	-4.36734844012423	-4.36734844012423	-4.36734844012423	-4.36734844012423	-4.36734844012423	11.5678696194816	-4.36734844012423	9.7849635859729	12.4778812877611	-4.36734844012423	8.26288348356122	-4.36734844012423	-4.36734844012423	-4.36734844012423	8.29123509999819	8.2028498240053	-4.36734844012423	-4.36734844012423	8.40492114710681	-4.36734844012423	11.3329717908068	-4.36734844012423	10.7632372917846	-4.36734844012423	-4.36734844012423	-4.36734844012423	-4.36734844012423	-4.36734844012423	-4.36734844012423	-4.36734844012423	-4.36734844012423	7.25605343198661	-4.36734844012423	-4.36734844012423	4.3795268794458	-4.36734844012423	-4.36734844012423	7.97975056545935	-4.36734844012423	6.89301753608458	-4.36734844012423	-4.36734844012423	-4.36734844012423	7.85317429811863	-4.36734844012423	4.39216328199226	5.7226601722696	-4.36734844012423	-4.36734844012423	7.84017814791908	8.3765938214425	9.25826110943626	-4.36734844012423	-4.36734844012423	8.11465373649835	-4.36734844012423	-4.36734844012423	3.01726194305274	-4.36734844012423	4.51878417805072	3.20874890049888	6.00804717706877	3.48080464607529	-4.36734844012423	-4.36734844012423	-4.36734844012423	-4.36734844012423	-4.36734844012423	-4.36734844012423	-4.36734844012423	7.34459999992584	8.65067834168161	-4.36734844012423	4.6567828283308	-4.36734844012423	-4.36734844012423	11.6547572100038	8.03614371238689	3.07162315227163	4.38901911967874	7.23661445307063	-4.36734844012423	-4.36734844012423	9.65408707636335	-4.36734844012423	5.31493118656544	5.98245821452833	-4.36734844012423	-4.36734844012423	-4.36734844012423	6.60739733329099	4.9135435878029	3.53031971060267	9.32443507653159	7.85233614122576	-4.36734844012423	-4.36734844012423	-4.36734844012423	-4.36734844012423	-4.36734844012423	-4.36734844012423	6.92294584224851	-4.36734844012423	3.73159830881911	-4.36734844012423	-4.36734844012423	-4.36734844012423	-4.36734844012423	1.49343778334163	-4.36734844012423
CSM67UCK	-3.87283821790882	-3.87283821790882	-3.87283821790882	-3.87283821790882	6.62428000115001	-3.87283821790882	-3.87283821790882	-3.87283821790882	11.0691886645358	11.0258937951379	-3.87283821790882	-3.87283821790882	-3.87283821790882	-3.87283821790882	-3.87283821790882	-3.87283821790882	-3.87283821790882	6.5917212048174	11.1307904198517	12.5373254481776	12.6801603652079	12.7835404876734	10.0234879797093	9.57492344852835	-3.87283821790882	-3.87283821790882	-3.87283821790882	9.64632752079162	-3.87283821790882	-3.87283821790882	7.95220092243375	7.90645119443014	11.9130173681423	10.3006621192194	12.056269022088	-3.87283821790882	9.28628322744111	-3.87283821790882	3.17554819081307	-3.87283821790882	-3.87283821790882	7.05670885144696	-3.87283821790882	6.85111175248879	6.20380400359645	8.93031389151837	7.23077976648577	-3.87283821790882	9.0617994264103	-3.87283821790882	-3.87283821790882	-3.87283821790882	-3.87283821790882	-3.87283821790882	-3.87283821790882	-3.87283821790882	-3.87283821790882	-3.87283821790882	-3.87283821790882	-3.87283821790882	-3.87283821790882	-3.87283821790882	-3.87283821790882	-3.87283821790882	-3.87283821790882	-3.87283821790882	7.16929931032695	-3.87283821790882	-3.87283821790882	9.54335976623244	-3.87283821790882	-3.87283821790882	8.1408079880317	-3.87283821790882	-3.87283821790882	-3.87283821790882	-3.87283821790882	9.68007434827587	6.54499874256692	6.1404450004502	-3.87283821790882	-3.87283821790882	9.27152341385321	-3.87283821790882	-3.87283821790882	-3.87283821790882	-3.87283821790882	-3.87283821790882	12.16004382093	-3.87283821790882	-3.87283821790882	-3.87283821790882	12.3140249058027	-3.87283821790882	-3.87283821790882	4.8628477266062	-3.87283821790882	-3.87283821790882	-3.87283821790882	-3.87283821790882	-3.87283821790882	-3.87283821790882	-3.87283821790882	-3.87283821790882	-3.87283821790882	-3.87283821790882	7.84556364932185	-3.87283821790882	-3.87283821790882	-3.87283821790882	-3.87283821790882	-3.87283821790882	-3.87283821790882	8.73056991304751	-3.87283821790882	-3.87283821790882	-3.87283821790882	-3.87283821790882	-3.87283821790882	-3.87283821790882	5.17510086470854	-3.87283821790882
CSM67UDN	-4.60291989103358	-4.60291989103358	-4.60291989103358	-4.60291989103358	6.52714797928047	-4.60291989103358	-4.60291989103358	-4.60291989103358	10.5979948819881	6.04205252292441	-4.60291989103358	-4.60291989103358	8.26664195289683	-4.60291989103358	10.3843514914502	-4.60291989103358	-4.60291989103358	10.4553872787302	12.478936585058	-4.60291989103358	11.9943825969373	12.5136048850655	-4.60291989103358	-4.60291989103358	-4.60291989103358	-4.60291989103358	-4.60291989103358	-4.60291989103358	-4.60291989103358	-4.60291989103358	-4.60291989103358	-4.60291989103358	-4.60291989103358	-4.60291989103358	9.76640738701378	-4.60291989103358	10.2158664754486	4.93535638654153	-4.60291989103358	-4.60291989103358	-4.60291989103358	5.64454736075673	6.81559598847547	7.70652579643632	-4.60291989103358	6.78513372188666	5.45761414444183	4.65630587867241	7.36876497310253	-4.60291989103358	-4.60291989103358	-4.60291989103358	-4.60291989103358	6.98697587428917	7.40391492088631	-4.60291989103358	-4.60291989103358	5.58314924856537	3.26839131228983	-4.60291989103358	-4.60291989103358	-4.60291989103358	-4.60291989103358	7.38767350722464	6.33020493566713	-4.60291989103358	7.43320038294559	-4.60291989103358	-4.60291989103358	5.02290192432626	2.46269347256414	-4.60291989103358	3.53476829394403	6.9209554051229	-4.60291989103358	8.59063048233846	11.2568493622894	-4.60291989103358	-4.60291989103358	-4.60291989103358	8.23795817427887	3.13382379141992	-4.60291989103358	-4.60291989103358	-4.60291989103358	-4.60291989103358	-4.60291989103358	3.78439237952814	9.2356536597288	9.41101602532736	-4.60291989103358	4.54138751033816	-4.60291989103358	-4.60291989103358	-4.60291989103358	-4.60291989103358	7.19864468827771	6.01427698477537	-4.60291989103358	-4.60291989103358	-4.60291989103358	-4.60291989103358	-4.60291989103358	-4.60291989103358	-4.60291989103358	-4.60291989103358	8.89216637052308	-4.60291989103358	-4.60291989103358	-4.60291989103358	-4.60291989103358	-4.60291989103358	-4.60291989103358	9.16869206951762	-4.60291989103358	6.5882978041724	7.36178794985503	7.67268348131343	-4.60291989103358	-4.60291989103358	6.52185470553707	6.66142882336545
CSM67UEA	-4.6071784957205	-4.6071784957205	-4.6071784957205	-4.6071784957205	5.22110047921787	-4.6071784957205	-4.6071784957205	-4.6071784957205	10.0709312578248	11.4190245389051	-4.6071784957205	-4.6071784957205	-4.6071784957205	-4.6071784957205	-4.6071784957205	-4.6071784957205	-4.6071784957205	3.23313448759967	10.1181341885738	9.61359114913103	11.1729883984058	12.6948156419631	9.59028354581527	9.15690296916232	-4.6071784957205	-4.6071784957205	-4.6071784957205	9.25068344665087	-4.6071784957205	-4.6071784957205	7.7129413269396	5.54476941611363	11.4965576492425	9.28204802900199	9.85365413781484	-4.6071784957205	10.2847672467755	-4.6071784957205	-4.6071784957205	5.56408174627304	-4.6071784957205	-4.6071784957205	4.66623056772267	7.29793093885194	-4.6071784957205	7.56104170015681	7.03133061201659	-4.6071784957205	8.44444262376948	-4.6071784957205	-4.6071784957205	-4.6071784957205	1.82415258621298	5.03825050942992	-4.6071784957205	-4.6071784957205	5.14612549754948	-4.6071784957205	-4.6071784957205	-4.6071784957205	-4.6071784957205	-4.6071784957205	-4.6071784957205	5.579267490431	5.3365388760347	-4.6071784957205	4.01455487496966	-4.6071784957205	-4.6071784957205	3.33411707518603	-4.6071784957205	-4.6071784957205	5.21731996056526	-4.6071784957205	-4.6071784957205	-4.6071784957205	8.95181397552882	8.02079347338126	5.92893629757979	9.46109732644197	-4.6071784957205	-4.6071784957205	10.4640879759783	-4.6071784957205	-4.6071784957205	-4.6071784957205	-4.6071784957205	-4.6071784957205	11.2120475348954	7.17776449074536	-4.6071784957205	-4.6071784957205	11.3503857786593	-4.6071784957205	-4.6071784957205	6.98373526036167	-4.6071784957205	5.61407164005558	-4.6071784957205	-4.6071784957205	-4.6071784957205	-4.6071784957205	-4.6071784957205	-4.6071784957205	-4.6071784957205	-4.6071784957205	8.4441205805528	-4.6071784957205	-4.6071784957205	4.15233322639599	-4.6071784957205	-4.6071784957205	-4.6071784957205	9.21205611932726	-4.6071784957205	5.39574706902169	-4.6071784957205	-4.6071784957205	-4.6071784957205	-4.6071784957205	6.00486195752542	-4.6071784957205
CSM67UEI	-4.27630015236367	-4.27630015236367	-4.27630015236367	-4.27630015236367	-4.27630015236367	-4.27630015236367	-4.27630015236367	4.86265162352485	-4.27630015236367	-4.27630015236367	12.537960670434	-4.27630015236367	10.7506634629447	-4.27630015236367	-4.27630015236367	9.54795307683328	-4.27630015236367	-4.27630015236367	11.4327817515085	10.8206916012392	11.8441039321106	-4.27630015236367	-4.27630015236367	-4.27630015236367	-4.27630015236367	6.27588622724666	5.95508728466301	-4.27630015236367	-4.27630015236367	-4.27630015236367	9.37822089418181	-4.27630015236367	11.0953490129524	-4.27630015236367	11.7463414184372	-4.27630015236367	11.0953342464093	-4.27630015236367	-4.27630015236367	-4.27630015236367	-4.27630015236367	11.9032640935773	6.89414908806763	7.39158423714461	-4.27630015236367	8.89304413444769	-4.27630015236367	-4.27630015236367	-4.27630015236367	7.89238729442549	7.9684690305021	-4.27630015236367	-4.27630015236367	-4.27630015236367	-4.27630015236367	-4.27630015236367	-4.27630015236367	4.90471439023068	-4.27630015236367	-4.27630015236367	-4.27630015236367	-4.27630015236367	-4.27630015236367	-4.27630015236367	8.81035521511512	-4.27630015236367	-4.27630015236367	7.09033863033608	-4.27630015236367	10.9530715376408	-4.27630015236367	-4.27630015236367	9.10377205438214	-4.27630015236367	7.79166493154852	-4.27630015236367	-4.27630015236367	-4.27630015236367	-4.27630015236367	-4.27630015236367	-4.27630015236367	-4.27630015236367	-4.27630015236367	-4.27630015236367	-4.27630015236367	6.18425709241251	-4.27630015236367	6.06450640939452	-4.27630015236367	9.65990564112803	-4.27630015236367	6.18540220719225	-4.27630015236367	6.60327417539257	-4.27630015236367	-4.27630015236367	-4.27630015236367	9.49555210088608	6.88096414034191	7.00457975575413	-4.27630015236367	-4.27630015236367	-4.27630015236367	-4.27630015236367	-4.27630015236367	-4.27630015236367	9.73578079720359	-4.27630015236367	-4.27630015236367	-4.27630015236367	-4.27630015236367	-4.27630015236367	-4.27630015236367	9.3864216312922	-4.27630015236367	6.68534221120929	8.58843433098826	11.4158701500101	-4.27630015236367	-4.27630015236367	9.05392419026371	10.7725578204485
CSM67UEW	10.596917464461	5.04346718084136	5.35087458509319	-4.97562325476685	9.33330895259779	-4.97562325476685	4.61936708560357	-4.97562325476685	-4.97562325476685	-4.97562325476685	-4.97562325476685	-4.97562325476685	-4.97562325476685	-4.97562325476685	-4.97562325476685	9.45881781338851	-4.97562325476685	5.51289717447477	10.9856853608977	8.51007821839325	10.3315661546877	10.6263311696082	8.46152312486655	-4.97562325476685	-4.97562325476685	-4.97562325476685	-4.97562325476685	-4.97562325476685	-4.97562325476685	-4.97562325476685	-4.97562325476685	-4.97562325476685	-4.97562325476685	5.72426728063099	-4.97562325476685	-4.97562325476685	-4.97562325476685	-4.97562325476685	8.7847349934315	6.89035761149379	-4.97562325476685	4.91685390524922	-4.97562325476685	-4.97562325476685	-4.97562325476685	-4.97562325476685	-4.97562325476685	-4.97562325476685	9.15710463392427	6.08287267274248	-4.97562325476685	-4.97562325476685	-4.97562325476685	9.35215448741568	-4.97562325476685	9.18236362204633	-4.97562325476685	5.77396858899326	9.01243710485928	-4.97562325476685	-4.97562325476685	-4.97562325476685	4.15144419801551	7.55311605319301	-4.97562325476685	4.05331513747476	9.63137687992541	-4.97562325476685	-4.97562325476685	5.57211005797105	-4.97562325476685	-4.97562325476685	-4.97562325476685	-4.97562325476685	-4.97562325476685	10.05478253999	6.38311319630804	10.080728344234	9.41082221601872	10.7637097332649	6.56288223380614	-4.97562325476685	5.79225102249301	-4.97562325476685	-4.97562325476685	-4.97562325476685	-4.97562325476685	-4.97562325476685	12.4054903450278	-4.97562325476685	5.98323848102606	-4.97562325476685	-4.97562325476685	-4.97562325476685	7.13581448291156	2.72104382675961	9.48885320732913	-4.97562325476685	-4.97562325476685	-4.97562325476685	-4.97562325476685	-4.97562325476685	-4.97562325476685	-4.97562325476685	-4.97562325476685	-4.97562325476685	5.38974124480338	-4.97562325476685	8.3280461639701	8.67667519232847	7.49703932986324	7.66719027287499	6.88104083967377	6.78977929566973	-4.97562325476685	-4.97562325476685	-4.97562325476685	8.51724242648542	6.9973249456289	-4.97562325476685	-4.97562325476685	-4.97562325476685
CSM67UF5	10.9976986675788	-4.98296209630971	7.55097801360407	-4.98296209630971	9.13983534772104	-4.98296209630971	4.07201018843278	-4.98296209630971	-4.98296209630971	-4.98296209630971	-4.98296209630971	-4.98296209630971	-4.98296209630971	-4.98296209630971	-4.98296209630971	8.42822919681719	-4.98296209630971	7.03877296160133	10.3916843776766	8.53357757631539	9.16497753569855	9.79424114800247	7.45180267866508	-4.98296209630971	-4.98296209630971	-4.98296209630971	-4.98296209630971	-4.98296209630971	-4.98296209630971	-4.98296209630971	4.32640879912943	-4.98296209630971	-4.98296209630971	7.37403173412392	-4.98296209630971	-4.98296209630971	-4.98296209630971	6.41231657372295	8.18060272361538	6.06762627627578	-4.98296209630971	-4.98296209630971	-4.98296209630971	-4.98296209630971	-4.98296209630971	-4.98296209630971	-4.98296209630971	-4.98296209630971	9.73206366793362	6.38321356797397	3.39289791898989	-4.98296209630971	-4.98296209630971	10.1371909669495	-4.98296209630971	10.1582434662639	-4.98296209630971	5.22029665977552	5.86988339180477	-4.98296209630971	-4.98296209630971	-4.98296209630971	5.87027030635952	7.58218610937294	-4.98296209630971	-4.98296209630971	9.61949604651752	-4.98296209630971	-4.98296209630971	-4.98296209630971	-4.98296209630971	-4.98296209630971	-4.98296209630971	-4.98296209630971	-4.98296209630971	11.5096129249267	6.99646713050913	11.0083020674486	7.40859792285725	11.4775907740479	6.58720344583259	-4.98296209630971	7.59767305258881	-4.98296209630971	-4.98296209630971	6.5898441845101	-4.98296209630971	-4.98296209630971	11.1164023152114	-4.98296209630971	5.34025500834829	-4.98296209630971	-4.98296209630971	-4.98296209630971	8.04196704708346	-4.98296209630971	9.89100554733642	-4.98296209630971	-4.98296209630971	-4.98296209630971	-4.98296209630971	-4.98296209630971	-4.98296209630971	-4.98296209630971	-4.98296209630971	-4.98296209630971	-4.98296209630971	-4.98296209630971	9.19086675455542	8.92970330266114	7.59402216905052	8.35538486087955	6.39312365242052	6.49486454882113	-4.98296209630971	-4.98296209630971	-4.98296209630971	5.83182374657753	5.21695664331045	6.29298708471517	1.98400504230428	-4.98296209630971
CSM67UFZ	6.34707787407404	-5.42821954764179	-5.42821954764179	-5.42821954764179	5.1036366355121	-5.42821954764179	-5.42821954764179	-5.42821954764179	9.54616738523365	6.79991297958947	-5.42821954764179	-5.42821954764179	6.37446832438287	6.11301150744313	-5.42821954764179	7.02530284568046	-5.42821954764179	9.179229124012	11.4973559739306	5.05443428750285	10.4392265825071	11.7682540855284	3.67130098922915	9.02832403336311	-5.42821954764179	6.77224238724779	5.94384487115994	6.6365832692239	8.66044379196674	-5.42821954764179	4.68678421996757	-5.42821954764179	10.1296222868842	6.04441503174486	5.82737197952634	-5.42821954764179	6.76228758134677	-5.42821954764179	-5.42821954764179	-5.42821954764179	-5.42821954764179	-5.42821954764179	5.25530363822237	5.40113275920277	-5.42821954764179	-5.42821954764179	3.91060198598293	-5.42821954764179	9.05862755889356	3.32972132903701	-5.42821954764179	-5.42821954764179	-5.42821954764179	6.54932633304528	-5.42821954764179	3.37580535477139	-5.42821954764179	2.77999983585504	-5.42821954764179	4.00774130552349	-5.42821954764179	4.84237336244787	5.18824232225402	4.07561099706915	-5.42821954764179	-5.42821954764179	6.80566766138297	-5.42821954764179	-5.42821954764179	-5.42821954764179	-5.42821954764179	-5.42821954764179	-5.42821954764179	-5.42821954764179	-5.42821954764179	9.1918055791031	9.05288763576206	-5.42821954764179	5.42035997057412	4.66468929880352	7.25026320424398	-5.42821954764179	7.71479119820365	-5.42821954764179	-5.42821954764179	3.38179250033138	-5.42821954764179	-5.42821954764179	9.98861832056437	6.97346511067266	4.1179499970915	-5.42821954764179	2.94070562710534	4.19628135080978	5.55165172605138	-5.42821954764179	3.57644875393219	3.56781312168258	7.2234391548417	-5.42821954764179	-5.42821954764179	-5.42821954764179	4.31163080330451	6.31216812978666	-5.42821954764179	-5.42821954764179	-5.42821954764179	-5.42821954764179	-5.42821954764179	-5.42821954764179	-5.42821954764179	-5.42821954764179	-5.42821954764179	-5.42821954764179	5.10842629901528	-5.42821954764179	3.49590434404422	4.80172598004744	-5.42821954764179	-5.42821954764179	-5.42821954764179	-5.42821954764179
CSM67UGO	8.06223683423548	7.25019992473596	7.24975935242541	-4.16633577789036	7.325274115861	-4.16633577789036	-4.16633577789036	-4.16633577789036	10.464013348721	-4.16633577789036	-4.16633577789036	-4.16633577789036	-4.16633577789036	-4.16633577789036	-4.16633577789036	-4.16633577789036	-4.16633577789036	11.0233968129959	11.0266127892275	8.006650500852	12.1836578721353	12.1653702073249	-4.16633577789036	-4.16633577789036	-4.16633577789036	-4.16633577789036	-4.16633577789036	9.20852954463978	-4.16633577789036	7.6645414740637	9.5551069282605	-4.16633577789036	11.2721587292733	-4.16633577789036	9.32351527460903	-4.16633577789036	9.95372945619786	-4.16633577789036	-4.16633577789036	-4.16633577789036	-4.16633577789036	-4.16633577789036	8.67377343594222	-4.16633577789036	-4.16633577789036	-4.16633577789036	7.18690203983479	-4.16633577789036	9.47858928549805	-4.16633577789036	-4.16633577789036	8.02462830595901	-4.16633577789036	8.1079607768844	-4.16633577789036	8.4327278294168	-4.16633577789036	-4.16633577789036	-4.16633577789036	-4.16633577789036	-4.16633577789036	8.31228372844477	4.18149156789213	8.99157040359777	5.89633263899808	-4.16633577789036	8.95934409386178	-4.16633577789036	-4.16633577789036	-4.16633577789036	-4.16633577789036	-4.16633577789036	-4.16633577789036	-4.16633577789036	-4.16633577789036	-4.16633577789036	12.9959571929716	10.8553494584949	-4.16633577789036	-4.16633577789036	9.27417728441513	-4.16633577789036	10.6519407785896	-4.16633577789036	-4.16633577789036	6.50519768605592	-4.16633577789036	-4.16633577789036	11.8372342637331	9.38831767926446	-4.16633577789036	-4.16633577789036	7.27402974687539	4.76442295766791	7.53713566375688	9.44633740572405	-4.16633577789036	-4.16633577789036	-4.16633577789036	-4.16633577789036	-4.16633577789036	-4.16633577789036	-4.16633577789036	-4.16633577789036	7.29541217546291	-4.16633577789036	-4.16633577789036	-4.16633577789036	-4.16633577789036	-4.16633577789036	-4.16633577789036	-4.16633577789036	-4.16633577789036	-4.16633577789036	-4.16633577789036	-4.16633577789036	-4.16633577789036	-4.16633577789036	-4.16633577789036	-4.16633577789036	-4.16633577789036	-4.16633577789036
CSM67UH7	-4.99712666733833	-4.99712666733833	-4.99712666733833	-4.99712666733833	-4.99712666733833	-4.99712666733833	-4.99712666733833	4.16202566786842	9.89791902877594	7.2492286272915	-4.99712666733833	-4.99712666733833	-4.99712666733833	-4.99712666733833	-4.99712666733833	9.28361427102332	9.32839578340265	7.8715076546322	-4.99712666733833	10.5050533631582	-4.99712666733833	11.4748552127055	3.95457250097048	-4.99712666733833	-4.99712666733833	4.49319117270408	3.60275189069651	-4.99712666733833	-4.99712666733833	-4.99712666733833	9.30014994551267	7.13126007440625	7.31010718909839	-4.99712666733833	8.2717946377661	-4.99712666733833	-4.99712666733833	3.72071903755658	-4.99712666733833	-4.99712666733833	-4.99712666733833	-4.99712666733833	-4.99712666733833	-4.99712666733833	-4.99712666733833	-4.99712666733833	-4.99712666733833	-4.99712666733833	7.88390627543799	5.52884415600657	-4.99712666733833	5.1367183535302	-4.99712666733833	9.00771498974327	-4.99712666733833	5.60948314877982	-4.99712666733833	5.94009681789079	-4.99712666733833	7.42591450321396	4.94850999870595	7.31820837161417	5.17489836380189	6.7618069502781	7.73154502244799	4.36258153628867	7.35836117759514	-4.99712666733833	-4.99712666733833	-4.99712666733833	-4.99712666733833	-4.99712666733833	-4.99712666733833	-4.99712666733833	-4.99712666733833	7.91515991562964	8.02784656864045	7.22997824133276	4.70858045334129	2.86267251322378	8.32146281568308	-4.99712666733833	-4.99712666733833	-4.99712666733833	-4.99712666733833	-4.99712666733833	-4.99712666733833	-4.99712666733833	9.75935591795326	-4.99712666733833	7.15322711593543	3.03912327479378	5.61466757751556	-4.99712666733833	5.26756057700794	-4.99712666733833	-4.99712666733833	5.94577149751554	-4.99712666733833	-4.99712666733833	-4.99712666733833	-4.99712666733833	7.42268948721635	6.11384252634938	-4.99712666733833	-4.99712666733833	9.89472023587165	-4.99712666733833	-4.99712666733833	-4.99712666733833	-4.99712666733833	-4.99712666733833	-4.99712666733833	10.1859186353246	-4.99712666733833	7.80064442652744	2.74397242269703	-4.99712666733833	6.22839668598743	-4.99712666733833	7.99442390444711	12.8202428651249
CSM79HGP	-4.17654297644488	-4.17654297644488	-4.17654297644488	-4.17654297644488	-4.17654297644488	-4.17654297644488	-4.17654297644488	-4.17654297644488	10.4165207062079	-4.17654297644488	-4.17654297644488	-4.17654297644488	-4.17654297644488	-4.17654297644488	-4.17654297644488	10.502448501253	-4.17654297644488	-4.17654297644488	-4.17654297644488	11.704255810931	13.2293912661452	13.1435257106351	-4.17654297644488	-4.17654297644488	-4.17654297644488	-4.17654297644488	-4.17654297644488	-4.17654297644488	-4.17654297644488	-4.17654297644488	11.6984169804461	-4.17654297644488	-4.17654297644488	-4.17654297644488	-4.17654297644488	-4.17654297644488	-4.17654297644488	-4.17654297644488	-4.17654297644488	-4.17654297644488	-4.17654297644488	5.61439158985192	-4.17654297644488	-4.17654297644488	-4.17654297644488	7.6972058160104	7.65032423776371	4.64681050866891	-4.17654297644488	7.48230800568356	-4.17654297644488	7.31035673770096	-4.17654297644488	7.99385585823048	8.19784103995589	-4.17654297644488	8.35534171582017	4.6585219585862	-4.17654297644488	5.17451540247018	-4.17654297644488	-4.17654297644488	-4.17654297644488	6.42136594452893	5.68356723612168	-4.17654297644488	8.41217299683796	-4.17654297644488	6.40930882928573	9.07405705114156	5.44663525796888	8.5816056756002	-4.17654297644488	5.90135996131411	-4.17654297644488	-4.17654297644488	-4.17654297644488	10.0335341827309	5.94451261307228	-4.17654297644488	7.59350998812055	-4.17654297644488	-4.17654297644488	-4.17654297644488	-4.17654297644488	7.22131950018387	-4.17654297644488	6.791155188042	9.82708978200302	9.67482784699547	-4.17654297644488	3.72112517428203	-4.17654297644488	-4.17654297644488	5.08743294469722	-4.17654297644488	6.96894988793366	8.6945628282051	-4.17654297644488	-4.17654297644488	-4.17654297644488	-4.17654297644488	2.27076288609634	-4.17654297644488	-4.17654297644488	-4.17654297644488	-4.17654297644488	9.62829179758877	-4.17654297644488	-4.17654297644488	-4.17654297644488	-4.17654297644488	-4.17654297644488	8.70441358691923	-4.17654297644488	4.14244314894718	-4.17654297644488	6.4708086349429	-4.17654297644488	-4.17654297644488	5.67254118721186	10.0935091620132
CSM79HGZ	-4.69672498153276	-4.69672498153276	-4.69672498153276	-4.69672498153276	-4.69672498153276	-4.69672498153276	-4.69672498153276	-4.69672498153276	10.5715278065986	10.1619982565956	-4.69672498153276	-4.69672498153276	-4.69672498153276	-4.69672498153276	-4.69672498153276	8.76078260820161	11.3707446260607	8.53705632828096	-4.69672498153276	10.9639659001851	-4.69672498153276	11.9109042785084	3.76093049716728	-4.69672498153276	-4.69672498153276	6.80878304210961	6.18001947601819	-4.69672498153276	-4.69672498153276	-4.69672498153276	12.1474322295671	7.8455377179517	11.264769606527	-4.69672498153276	10.0698799729551	-4.69672498153276	-4.69672498153276	3.36191873068286	-4.69672498153276	-4.69672498153276	-4.69672498153276	-4.69672498153276	-4.69672498153276	5.73063274349016	-4.69672498153276	-4.69672498153276	4.76133447432368	6.19129122279357	9.33154823221289	-4.69672498153276	-4.69672498153276	2.27962308891499	-4.69672498153276	-4.69672498153276	-4.69672498153276	-4.69672498153276	-4.69672498153276	-4.69672498153276	-4.69672498153276	4.2139956804186	1.86994744827048	5.91062711490451	3.80454205933322	5.91752862365177	-4.69672498153276	-4.69672498153276	7.71543050552161	-4.69672498153276	-4.69672498153276	-4.69672498153276	-4.69672498153276	-4.69672498153276	-4.69672498153276	-4.69672498153276	-4.69672498153276	9.01741818872699	10.4692353787697	8.67692771272608	6.13004877738991	9.68330986935027	8.30796010472929	-4.69672498153276	9.76362500144428	4.07681440202541	-4.69672498153276	4.70266426798681	-4.69672498153276	-4.69672498153276	10.8087911664107	-4.69672498153276	5.09700350701063	-4.69672498153276	6.97449399843163	-4.69672498153276	8.44687333025938	-4.69672498153276	-4.69672498153276	-4.69672498153276	-4.69672498153276	-4.69672498153276	-4.69672498153276	-4.69672498153276	-4.69672498153276	7.78762691818365	-4.69672498153276	-4.69672498153276	7.71274146661735	-4.69672498153276	-4.69672498153276	-4.69672498153276	-4.69672498153276	5.52197469013397	-4.69672498153276	8.95390031997741	-4.69672498153276	5.27353297463722	-4.69672498153276	-4.69672498153276	6.28075766090408	-4.69672498153276	6.15495886388851	10.9709627441081
CSM79HH8	5.41903612724011	-5.33547803951777	-5.33547803951777	-5.33547803951777	4.22769992316589	-5.33547803951777	-5.33547803951777	-5.33547803951777	6.5348491052547	8.88391036752527	8.3421729154758	-5.33547803951777	-5.33547803951777	-5.33547803951777	8.98254024421548	-5.33547803951777	8.89676787800846	9.11435866849095	8.19625082959952	9.90062226201388	10.4732297979198	10.8128714148313	9.62797799842129	7.12279586316653	-5.33547803951777	-5.33547803951777	5.74066191439493	8.02159533917221	-5.33547803951777	-5.33547803951777	9.5233438436158	8.02541550574873	7.83875836419708	6.84840523270264	8.76421171297863	-5.33547803951777	6.62699959195381	-5.33547803951777	-5.33547803951777	-5.33547803951777	-5.33547803951777	-5.33547803951777	-5.33547803951777	-5.33547803951777	5.19611137737513	7.64946295660281	-5.33547803951777	-5.33547803951777	-5.33547803951777	6.19627899318758	-5.33547803951777	-5.33547803951777	-5.33547803951777	7.21521569323791	-5.33547803951777	-5.33547803951777	4.63103125943451	4.29888746608748	-5.33547803951777	-5.33547803951777	-5.33547803951777	5.29968004824905	-5.33547803951777	7.24886321943209	-5.33547803951777	-5.33547803951777	5.15998185020382	-5.33547803951777	-5.33547803951777	6.75097175393124	4.14114199864975	8.79260791505206	4.76813005717502	-5.33547803951777	-5.33547803951777	-5.33547803951777	8.17365816203916	3.00043305467917	5.72773257981957	-5.33547803951777	-5.33547803951777	-5.33547803951777	-5.33547803951777	-5.33547803951777	-5.33547803951777	-5.33547803951777	-5.33547803951777	5.02134372633071	5.72616348439478	10.4201388579346	-5.33547803951777	-5.33547803951777	4.52097031501257	-5.33547803951777	-5.33547803951777	-5.33547803951777	-5.33547803951777	5.48412022869056	-5.33547803951777	-5.33547803951777	-5.33547803951777	-5.33547803951777	-5.33547803951777	3.43185110827627	-5.33547803951777	11.6105618645641	6.50178201221004	-5.33547803951777	-5.33547803951777	-5.33547803951777	-5.33547803951777	-5.33547803951777	-5.33547803951777	9.10417843462713	-5.33547803951777	6.4446537941429	7.86041642939091	8.10589309732124	-5.33547803951777	-5.33547803951777	10.567811829124	6.50891429897525
CSM79HHO	-5.10953581582907	-5.10953581582907	-5.10953581582907	-5.10953581582907	5.32783937606975	-5.10953581582907	3.73133380826233	-5.10953581582907	9.2113521512966	-5.10953581582907	11.6773257433774	-5.10953581582907	-5.10953581582907	-5.10953581582907	-5.10953581582907	9.3643705272459	-5.10953581582907	6.31128532508552	11.5802493556126	7.87694139865406	10.4647324271892	-5.10953581582907	7.82500530362638	10.6013974374397	6.7551093360477	-5.10953581582907	-5.10953581582907	9.12504751130614	-5.10953581582907	-5.10953581582907	10.0246273721382	6.90725712101827	10.6674841589204	7.88272115412997	9.65554201707451	-5.10953581582907	9.84693777618827	-5.10953581582907	-5.10953581582907	-5.10953581582907	-5.10953581582907	-5.10953581582907	-5.10953581582907	6.0405672769971	-5.10953581582907	6.72794111486668	5.72554478858966	-5.10953581582907	6.23308756817141	2.38656152934689	-5.10953581582907	3.94776991997805	-5.10953581582907	5.03458150902854	-5.10953581582907	5.2605433014758	-5.10953581582907	4.17970815374258	-5.10953581582907	3.59014558516045	-5.10953581582907	5.27949032124617	5.20377400525663	6.88945730818138	-5.10953581582907	-5.10953581582907	7.70804273389047	-5.10953581582907	-5.10953581582907	-5.10953581582907	-5.10953581582907	-5.10953581582907	-5.10953581582907	-5.10953581582907	-5.10953581582907	-5.10953581582907	6.94937583170066	7.81956072312871	6.92230843474448	7.74774420372166	5.02192361287791	-5.10953581582907	-5.10953581582907	4.87649899767463	-5.10953581582907	2.74639638388955	-5.10953581582907	-5.10953581582907	10.3434034319857	-5.10953581582907	-5.10953581582907	4.03690583029688	11.0321954014381	1.27228020157703	-5.10953581582907	-5.10953581582907	5.21859836423115	5.20940017842413	-5.10953581582907	-5.10953581582907	-5.10953581582907	-5.10953581582907	-5.10953581582907	4.3038270294651	6.60003315544266	-5.10953581582907	-5.10953581582907	-5.10953581582907	-5.10953581582907	-5.10953581582907	-5.10953581582907	-5.10953581582907	-5.10953581582907	-5.10953581582907	5.25045844086274	-5.10953581582907	3.06544871711402	-5.10953581582907	3.94776991997805	4.15633386593959	-5.10953581582907	6.99373415109828
CSM79HI7	-1.32188562677049	10.2857225484589	8.36908916680746	-1.32188562677049	-1.32188562677049	-1.32188562677049	-1.32188562677049	-1.32188562677049	-1.32188562677049	-1.32188562677049	-1.32188562677049	-1.32188562677049	-1.32188562677049	-1.32188562677049	-1.32188562677049	-1.32188562677049	-1.32188562677049	-1.32188562677049	-1.32188562677049	-1.32188562677049	-1.32188562677049	-1.32188562677049	-1.32188562677049	-1.32188562677049	-1.32188562677049	-1.32188562677049	-1.32188562677049	-1.32188562677049	-1.32188562677049	-1.32188562677049	-1.32188562677049	-1.32188562677049	-1.32188562677049	-1.32188562677049	-1.32188562677049	-1.32188562677049	-1.32188562677049	-1.32188562677049	-1.32188562677049	-1.32188562677049	-1.32188562677049	10.3441127946346	-1.32188562677049	-1.32188562677049	10.7305170567025	-1.32188562677049	-1.32188562677049	-1.32188562677049	-1.32188562677049	-1.32188562677049	-1.32188562677049	-1.32188562677049	-1.32188562677049	-1.32188562677049	-1.32188562677049	-1.32188562677049	-1.32188562677049	-1.32188562677049	14.4802630360621	-1.32188562677049	-1.32188562677049	-1.32188562677049	-1.32188562677049	-1.32188562677049	-1.32188562677049	-1.32188562677049	-1.32188562677049	10.4074487627378	-1.32188562677049	-1.32188562677049	13.643085898756	13.2741742873716	-1.32188562677049	-1.32188562677049	-1.32188562677049	-1.32188562677049	-1.32188562677049	-1.32188562677049	-1.32188562677049	-1.32188562677049	-1.32188562677049	-1.32188562677049	-1.32188562677049	-1.32188562677049	10.8454513879349	-1.32188562677049	-1.32188562677049	-1.32188562677049	-1.32188562677049	-1.32188562677049	-1.32188562677049	-1.32188562677049	-1.32188562677049	-1.32188562677049	-1.32188562677049	-1.32188562677049	-1.32188562677049	-1.32188562677049	-1.32188562677049	-1.32188562677049	-1.32188562677049	11.9462580679432	-1.32188562677049	-1.32188562677049	-1.32188562677049	-1.32188562677049	-1.32188562677049	-1.32188562677049	-1.32188562677049	-1.32188562677049	-1.32188562677049	15.7235764336729	-1.32188562677049	-1.32188562677049	-1.32188562677049	-1.32188562677049	-1.32188562677049	15.3577195036713	-1.32188562677049	-1.32188562677049	-1.32188562677049	-1.32188562677049
CSM79HIB	-1.99751524752166	8.89068774700246	7.52405281048132	-1.99751524752166	-1.99751524752166	-1.99751524752166	-1.99751524752166	-1.99751524752166	-1.99751524752166	-1.99751524752166	-1.99751524752166	-1.99751524752166	-1.99751524752166	-1.99751524752166	-1.99751524752166	-1.99751524752166	-1.99751524752166	-1.99751524752166	-1.99751524752166	-1.99751524752166	-1.99751524752166	-1.99751524752166	-1.99751524752166	-1.99751524752166	-1.99751524752166	-1.99751524752166	-1.99751524752166	-1.99751524752166	-1.99751524752166	-1.99751524752166	-1.99751524752166	-1.99751524752166	-1.99751524752166	-1.99751524752166	-1.99751524752166	-1.99751524752166	-1.99751524752166	-1.99751524752166	11.1853052082527	6.72359790024103	-1.99751524752166	8.14974167412233	-1.99751524752166	-1.99751524752166	8.84208527183571	-1.99751524752166	-1.99751524752166	-1.99751524752166	-1.99751524752166	-1.99751524752166	-1.99751524752166	-1.99751524752166	-1.99751524752166	-1.99751524752166	-1.99751524752166	-1.99751524752166	-1.99751524752166	-1.99751524752166	15.6399730540304	-1.99751524752166	-1.99751524752166	-1.99751524752166	-1.99751524752166	-1.99751524752166	-1.99751524752166	-1.99751524752166	-1.99751524752166	8.91577159474632	-1.99751524752166	-1.99751524752166	11.4275286610116	10.6741481799499	-1.99751524752166	-1.99751524752166	-1.99751524752166	-1.99751524752166	-1.99751524752166	-1.99751524752166	-1.99751524752166	-1.99751524752166	-1.99751524752166	-1.99751524752166	-1.99751524752166	-1.99751524752166	12.0257985992846	-1.99751524752166	-1.99751524752166	-1.99751524752166	7.44242777082947	-1.99751524752166	-1.99751524752166	-1.99751524752166	-1.99751524752166	-1.99751524752166	-1.99751524752166	-1.99751524752166	-1.99751524752166	-1.99751524752166	-1.99751524752166	-1.99751524752166	7.1886348856533	12.9396243366619	-1.99751524752166	-1.99751524752166	-1.99751524752166	-1.99751524752166	-1.99751524752166	-1.99751524752166	7.41747878645489	6.62060866247302	-1.99751524752166	14.624568766315	5.14214508844326	-1.99751524752166	-1.99751524752166	-1.99751524752166	-1.99751524752166	13.5920117998437	8.05443541265209	8.7284137894028	-1.99751524752166	-1.99751524752166
CSM79HIJ	-4.36627784899122	-4.36627784899122	6.10397132764113	-4.36627784899122	-4.36627784899122	-4.36627784899122	-4.36627784899122	4.1019351602033	11.0146165342984	10.8816233709734	12.5208398321188	-4.36627784899122	-4.36627784899122	-4.36627784899122	-4.36627784899122	-4.36627784899122	-4.36627784899122	11.4888583904347	8.27579234278373	10.2395614989382	13.2591231167394	5.73240635280817	5.19900596874555	5.09412060684005	-4.36627784899122	-4.36627784899122	-4.36627784899122	-4.36627784899122	-4.36627784899122	-4.36627784899122	5.03062507403617	-4.36627784899122	6.48230166922469	1.37351506318801	11.4840809610221	-4.36627784899122	4.88145464220202	-4.36627784899122	-4.36627784899122	-4.36627784899122	-4.36627784899122	7.38109503714458	4.39323387312527	6.6836752096484	7.55577932720812	9.48320989112201	-4.36627784899122	-4.36627784899122	-4.36627784899122	-4.36627784899122	-4.36627784899122	6.80149178585399	-4.36627784899122	-4.36627784899122	7.56805824911641	5.84178576553965	-4.36627784899122	-4.36627784899122	-4.36627784899122	8.84711565274275	-4.36627784899122	-4.36627784899122	-4.36627784899122	7.82300971187813	7.75085975230552	4.45707563612257	9.36801289211158	3.80022247016383	7.17893085889916	8.40570785781971	5.58795034524809	-4.36627784899122	-4.36627784899122	-4.36627784899122	7.18115531724224	8.48726708044082	-4.36627784899122	-4.36627784899122	-4.36627784899122	7.40269195170168	-4.36627784899122	4.38218578095083	-4.36627784899122	-4.36627784899122	-4.36627784899122	-4.36627784899122	2.73292389456187	-4.36627784899122	5.97775233826577	8.67261913327111	-4.36627784899122	6.56147553008436	7.15184409088582	-4.36627784899122	-4.36627784899122	-4.36627784899122	-4.36627784899122	9.15467505378158	-4.36627784899122	-4.36627784899122	-4.36627784899122	-4.36627784899122	6.01719460375922	-4.36627784899122	-4.36627784899122	-4.36627784899122	-4.36627784899122	6.02428552013979	-4.36627784899122	-4.36627784899122	-4.36627784899122	-4.36627784899122	-4.36627784899122	-4.36627784899122	-4.36627784899122	-4.36627784899122	-4.36627784899122	-4.36627784899122	-4.36627784899122	-4.36627784899122	-4.36627784899122	-4.36627784899122
CSM79HIT	8.03009411015312	-4.88527215772136	-4.88527215772136	-4.88527215772136	7.67546691602961	-4.88527215772136	-4.88527215772136	-4.88527215772136	11.1181857434788	-4.88527215772136	-4.88527215772136	-4.88527215772136	-4.88527215772136	-4.88527215772136	-4.88527215772136	7.835840219735	-4.88527215772136	10.0527302881688	-4.88527215772136	8.59009884722983	10.4432625441426	12.1540986223386	10.3398050975453	-4.88527215772136	-4.88527215772136	-4.88527215772136	-4.88527215772136	10.6861480418273	-4.88527215772136	-4.88527215772136	9.6416090206622	6.60347331324713	11.2909122908024	-4.88527215772136	9.25756969979199	-4.88527215772136	-4.88527215772136	-4.88527215772136	-4.88527215772136	-4.88527215772136	-4.88527215772136	-4.88527215772136	-4.88527215772136	-4.88527215772136	-4.88527215772136	8.18092501931874	-4.88527215772136	5.30343193032675	9.66214032002253	-4.88527215772136	-4.88527215772136	-4.88527215772136	7.83974605541998	8.92276151789236	-4.88527215772136	8.62560140194159	-4.88527215772136	-4.88527215772136	-4.88527215772136	-4.88527215772136	2.188844658476	7.50358443768261	-4.88527215772136	-4.88527215772136	-4.88527215772136	-4.88527215772136	8.75635038098817	-4.88527215772136	-4.88527215772136	-4.88527215772136	-4.88527215772136	-4.88527215772136	-4.88527215772136	-4.88527215772136	-4.88527215772136	8.2703151418196	9.87611162339841	5.8406568792031	7.45358597731676	8.35211667894024	5.5229525212402	-4.88527215772136	-4.88527215772136	-4.88527215772136	-4.88527215772136	5.14577272822964	6.56621397864897	5.07558767467264	10.7901627760673	7.14579808057224	4.50747310091008	-4.88527215772136	-4.88527215772136	-4.88527215772136	10.8454950666841	7.68690433955463	-4.88527215772136	7.73142227735191	-4.88527215772136	-4.88527215772136	-4.88527215772136	-4.88527215772136	-4.88527215772136	10.4044408403617	-4.88527215772136	-4.88527215772136	-4.88527215772136	9.14259680033838	-4.88527215772136	-4.88527215772136	-4.88527215772136	-4.88527215772136	-4.88527215772136	9.19188009602821	-4.88527215772136	4.26542436132731	5.67963968317876	9.23618588967651	-4.88527215772136	-4.88527215772136	6.49755601135863	5.34971098272276
CSM79HJM	7.6433497479529	6.36697955863383	-4.28155953211261	-4.28155953211261	-4.28155953211261	-4.28155953211261	-4.28155953211261	-4.28155953211261	10.4777600329054	-4.28155953211261	12.2611291822656	-4.28155953211261	-4.28155953211261	-4.28155953211261	-4.28155953211261	9.11654136475052	-4.28155953211261	11.840696552228	-4.28155953211261	-4.28155953211261	-4.28155953211261	13.3828329545951	9.10696244063425	-4.28155953211261	-4.28155953211261	-4.28155953211261	-4.28155953211261	-4.28155953211261	-4.28155953211261	-4.28155953211261	-4.28155953211261	-4.28155953211261	10.9233009639379	-4.28155953211261	-4.28155953211261	-4.28155953211261	-4.28155953211261	-4.28155953211261	5.89275636330314	3.30979751458594	-4.28155953211261	-4.28155953211261	-4.28155953211261	-4.28155953211261	-4.28155953211261	9.44928707332228	6.13328350378912	4.75929653187111	-4.28155953211261	5.54022977643902	-4.28155953211261	-4.28155953211261	-4.28155953211261	7.32395422987945	-4.28155953211261	-4.28155953211261	2.81764221144049	6.44261052808253	9.19479458998875	-4.28155953211261	-4.28155953211261	-4.28155953211261	-4.28155953211261	-4.28155953211261	6.52596396823066	5.72181860323832	-4.28155953211261	3.15151581678597	-4.28155953211261	4.32382767003955	2.37901561772708	4.56651888905606	-4.28155953211261	4.46372495034177	-4.28155953211261	5.94041811451728	10.7813657177789	-4.28155953211261	8.51066232731712	-4.28155953211261	7.13221940366626	5.93091893819655	-4.28155953211261	-4.28155953211261	-4.28155953211261	6.12061021024282	-4.28155953211261	2.64697828605206	9.10913641776963	9.9088682627508	-4.28155953211261	6.12757023349736	8.89360689941827	-4.28155953211261	9.46624054603463	-4.28155953211261	-4.28155953211261	8.48752598187844	-4.28155953211261	-4.28155953211261	-4.28155953211261	-4.28155953211261	-4.28155953211261	-4.28155953211261	8.12651882643799	-4.28155953211261	7.43178114114025	-4.28155953211261	-4.28155953211261	-4.28155953211261	-4.28155953211261	-4.28155953211261	-4.28155953211261	9.42559826009762	-4.28155953211261	-4.28155953211261	6.46910444486625	-4.28155953211261	-4.28155953211261	-4.28155953211261	5.80595645300916	10.2494128719745
CSM79HJS	8.23008640532644	8.55984915759788	-4.60165993014709	-4.60165993014709	-4.60165993014709	-4.60165993014709	-4.60165993014709	-4.60165993014709	9.99099468799835	-4.60165993014709	11.7312624631486	-4.60165993014709	-4.60165993014709	-4.60165993014709	7.1238010190231	8.90172694460477	-4.60165993014709	11.6066503037213	8.248267230541	5.64011963079217	7.46014388221582	13.0936409158769	8.65577789875384	-4.60165993014709	-4.60165993014709	-4.60165993014709	-4.60165993014709	-4.60165993014709	-4.60165993014709	-4.60165993014709	-4.60165993014709	-4.60165993014709	10.3005964543579	-4.60165993014709	6.50691480556415	-4.60165993014709	5.3386897871216	-4.60165993014709	-4.60165993014709	-4.60165993014709	-4.60165993014709	3.13943915988827	-4.60165993014709	-4.60165993014709	-4.60165993014709	7.03225232187196	7.23306638535523	-4.60165993014709	-4.60165993014709	4.19180043090563	-4.60165993014709	7.8436697445007	-4.60165993014709	6.53221350966659	-4.60165993014709	-4.60165993014709	-4.60165993014709	7.34636064004943	5.37605344474101	-4.60165993014709	-4.60165993014709	-4.60165993014709	-4.60165993014709	-4.60165993014709	-4.60165993014709	-4.60165993014709	6.06031768799915	-4.60165993014709	-4.60165993014709	-4.60165993014709	-4.60165993014709	5.67961316139046	-4.60165993014709	-4.60165993014709	7.90114496119256	-4.60165993014709	9.47331145060501	6.57860004334476	7.10593553479795	8.99293085208022	7.73303017941207	-4.60165993014709	-4.60165993014709	-4.60165993014709	-4.60165993014709	5.75516183570139	-4.60165993014709	-4.60165993014709	11.3378102450865	10.2845917660247	-4.60165993014709	7.8086221421434	4.10466490999165	4.36034727944122	6.37359957709682	-4.60165993014709	5.19652266074361	4.87189050235638	-4.60165993014709	-4.60165993014709	-4.60165993014709	-4.60165993014709	-4.60165993014709	-4.60165993014709	5.97479760551016	-4.60165993014709	5.2791217848534	-4.60165993014709	-4.60165993014709	-4.60165993014709	-4.60165993014709	-4.60165993014709	-4.60165993014709	10.4802067888313	-4.60165993014709	6.24536380315339	6.46733502823973	3.90971637594758	-4.60165993014709	-4.60165993014709	7.06648136146578	-4.60165993014709
CSM79HKB	-3.82936193126162	-3.82936193126162	-3.82936193126162	-3.82936193126162	5.77443844169529	-3.82936193126162	-3.82936193126162	-3.82936193126162	11.2778715600737	11.6570919023983	-3.82936193126162	-3.82936193126162	-3.82936193126162	-3.82936193126162	-3.82936193126162	-3.82936193126162	-3.82936193126162	5.03580848839015	9.89192695425918	11.7372737574131	12.0205223240268	13.8005385384499	10.7376831046047	10.5257430319881	-3.82936193126162	-3.82936193126162	-3.82936193126162	10.1625870785884	-3.82936193126162	-3.82936193126162	7.92195819338335	8.12607391348912	11.9607157845434	10.0539296975891	11.2221870884813	-3.82936193126162	9.63786834875219	-3.82936193126162	5.23027182328985	-3.82936193126162	-3.82936193126162	-3.82936193126162	-3.82936193126162	6.54603368593138	-3.82936193126162	-3.82936193126162	7.59561717430456	7.2307080312959	8.70881987507371	-3.82936193126162	-3.82936193126162	-3.82936193126162	-3.82936193126162	-3.82936193126162	-3.82936193126162	-3.82936193126162	-3.82936193126162	-3.82936193126162	-3.82936193126162	-3.82936193126162	-3.82936193126162	-3.82936193126162	-3.82936193126162	-3.82936193126162	-3.82936193126162	-3.82936193126162	8.38274745641983	-3.82936193126162	-3.82936193126162	-3.82936193126162	-3.82936193126162	-3.82936193126162	-3.82936193126162	-3.82936193126162	-3.82936193126162	-3.82936193126162	8.74454664206289	9.03493254338657	5.43745328764254	6.84610708735226	-3.82936193126162	-3.82936193126162	10.6364410188495	-3.82936193126162	-3.82936193126162	-3.82936193126162	-3.82936193126162	-3.82936193126162	11.2245260461466	-3.82936193126162	-3.82936193126162	-3.82936193126162	11.6125539746016	-3.82936193126162	-3.82936193126162	8.56115917426611	-3.82936193126162	4.47488553381685	-3.82936193126162	-3.82936193126162	-3.82936193126162	-3.82936193126162	-3.82936193126162	-3.82936193126162	-3.82936193126162	-3.82936193126162	7.97817901443815	-3.82936193126162	-3.82936193126162	-3.82936193126162	-3.82936193126162	-3.82936193126162	-3.82936193126162	9.23913853733255	-3.82936193126162	5.40771773790418	-3.82936193126162	-3.82936193126162	-3.82936193126162	5.332942991676	5.72676431332112	-3.82936193126162
CSM79HKZ	-4.63752761834744	-4.63752761834744	-4.63752761834744	-4.63752761834744	4.90074865922767	-4.63752761834744	-4.63752761834744	-4.63752761834744	-4.63752761834744	9.10699271760985	-4.63752761834744	-4.63752761834744	-4.63752761834744	-4.63752761834744	-4.63752761834744	6.38602381665751	11.0823239401018	9.04145391572455	11.2891703319509	11.4932256854574	12.2077842658174	12.5922183226119	10.2638581213091	-4.63752761834744	-4.63752761834744	7.14306341890922	6.56630144878693	-4.63752761834744	-4.63752761834744	-4.63752761834744	-4.63752761834744	6.21589818547506	-4.63752761834744	-4.63752761834744	9.71410255608353	-4.63752761834744	-4.63752761834744	2.75327090338824	-4.63752761834744	-4.63752761834744	-4.63752761834744	-4.63752761834744	6.32688766254967	5.94731283486592	-4.63752761834744	5.37171537185455	7.30106419538073	-4.63752761834744	5.6620815272937	-4.63752761834744	-4.63752761834744	6.03214844681545	7.63630180168315	2.62158850974966	-4.63752761834744	1.13391350478258	-4.63752761834744	0.665777289711636	-4.63752761834744	-4.63752761834744	-4.63752761834744	-4.63752761834744	4.35726527893616	4.48409082356794	-4.63752761834744	-4.63752761834744	4.95337022603072	-4.63752761834744	-4.63752761834744	-4.63752761834744	-4.63752761834744	-4.63752761834744	-4.63752761834744	-4.63752761834744	-4.63752761834744	5.7924915702763	8.40171715900623	8.81441428858724	6.34913704435639	9.18342908242188	8.17589191527586	-4.63752761834744	8.76248416218295	-4.63752761834744	-4.63752761834744	-4.63752761834744	-4.63752761834744	-4.63752761834744	9.80401815724319	8.42394072568254	-4.63752761834744	4.41158710512952	-4.63752761834744	2.49417089211947	4.75438402903199	6.16553167945597	-4.63752761834744	5.01113219860785	-4.63752761834744	-4.63752761834744	-4.63752761834744	-4.63752761834744	-4.63752761834744	-4.63752761834744	-4.63752761834744	5.6208683186797	7.50630253481926	-4.63752761834744	-4.63752761834744	-4.63752761834744	-4.63752761834744	-4.63752761834744	-4.63752761834744	5.73286501789654	-4.63752761834744	3.70555025282194	6.3540335522991	11.437329683556	-4.63752761834744	-4.63752761834744	8.38828300758004	-4.63752761834744
CSM79HLA	-6.18959293078913	-6.18959293078913	7.0288639559005	-6.18959293078913	7.78815636742357	-6.18959293078913	2.55250226495618	3.90414301135694	9.62836621220956	6.20507736890257	-6.18959293078913	-6.18959293078913	4.53633610613533	-6.18959293078913	5.65062706996511	-6.18959293078913	-6.18959293078913	9.00748357695687	9.94652150245754	-6.18959293078913	10.2285170122463	10.1784175806229	-6.18959293078913	-6.18959293078913	-6.18959293078913	-6.18959293078913	-6.18959293078913	-6.18959293078913	-6.18959293078913	-6.18959293078913	0.520930178663296	-6.18959293078913	-6.18959293078913	-6.18959293078913	6.55405729261198	-6.18959293078913	8.79052393972261	5.87940490877882	-6.18959293078913	-6.18959293078913	-6.18959293078913	-6.18959293078913	8.59483534367651	6.55013573043545	3.69067717057081	7.78116855864637	5.80440591699748	5.63060397589706	5.97415137792335	6.70960439504786	-6.18959293078913	-6.18959293078913	-6.18959293078913	8.28005419250969	7.05041302796389	-6.18959293078913	4.88251482212994	7.66375372834937	-6.18959293078913	-6.18959293078913	-6.18959293078913	-6.18959293078913	2.77497477181248	7.23115652623083	8.19349081372668	4.96895494929105	8.11242248420752	-6.18959293078913	-6.18959293078913	4.37144053106397	4.83248926012234	4.17923112689255	5.52030457988154	5.40887700245269	5.10593494317333	8.79784264330229	10.2600723156038	-6.18959293078913	-6.18959293078913	-6.18959293078913	7.47270933649305	6.33530065115873	-6.18959293078913	-6.18959293078913	-6.18959293078913	2.81752905868011	4.65898658742678	6.67849993914856	7.3649307137241	8.50315188840748	-6.18959293078913	4.79113004465552	-6.18959293078913	-6.18959293078913	-6.18959293078913	-6.18959293078913	8.34349933824466	8.31155215832081	-6.18959293078913	-6.18959293078913	4.4310268475574	1.88474476330038	3.83880773344579	-6.18959293078913	4.37531891011099	-6.18959293078913	8.25181915896515	-6.18959293078913	-6.18959293078913	-6.18959293078913	-6.18959293078913	-6.18959293078913	-6.18959293078913	8.70990718966527	-6.18959293078913	6.52396275830499	7.66008810935244	-6.18959293078913	-6.18959293078913	-6.18959293078913	6.03235798514507	-6.18959293078913
CSM79HLM	-4.5734685148541	-4.5734685148541	4.69240116691456	-4.5734685148541	2.5090800545012	-4.5734685148541	-4.5734685148541	-4.5734685148541	10.8378679308654	-4.5734685148541	12.6644694968366	-4.5734685148541	-4.5734685148541	-4.5734685148541	-4.5734685148541	8.83330809817156	-4.5734685148541	11.2990502025907	-4.5734685148541	8.71985377497896	12.5359003233744	-4.5734685148541	8.16099753338278	-4.5734685148541	-4.5734685148541	-4.5734685148541	8.58522872043607	8.38722498427114	-4.5734685148541	-4.5734685148541	9.14226701066917	4.51932629326704	11.3534122708121	-4.5734685148541	10.01368196153	-4.5734685148541	-4.5734685148541	-4.5734685148541	-4.5734685148541	-4.5734685148541	-4.5734685148541	-4.5734685148541	-4.5734685148541	5.44962263732786	-4.5734685148541	5.96767993502383	-4.5734685148541	-4.5734685148541	-4.5734685148541	7.40821605526291	-4.5734685148541	6.6106889594304	-4.5734685148541	-4.5734685148541	-4.5734685148541	7.73322292210731	-4.5734685148541	-4.5734685148541	7.88036614549021	-4.5734685148541	-4.5734685148541	7.34132225336117	6.29072848810281	7.67173349350319	-4.5734685148541	-4.5734685148541	6.9260778477385	-4.5734685148541	-4.5734685148541	-4.5734685148541	-4.5734685148541	6.21277366833672	-4.5734685148541	6.68959717759604	-4.5734685148541	-4.5734685148541	7.16572361941631	-4.5734685148541	-4.5734685148541	-4.5734685148541	-4.5734685148541	-4.5734685148541	-4.5734685148541	7.76617739742386	-4.5734685148541	3.61271747937198	-4.5734685148541	-4.5734685148541	10.1223909364417	7.53129650207597	4.09575883241763	5.44339236484971	9.39643640752964	-4.5734685148541	-4.5734685148541	8.90718589990623	-4.5734685148541	3.66955095413515	5.49047834761885	-4.5734685148541	-4.5734685148541	-4.5734685148541	4.93705052090314	5.53544658319045	4.15576683480517	10.1484888824664	7.62467780015163	-4.5734685148541	-4.5734685148541	-4.5734685148541	-4.5734685148541	-4.5734685148541	-4.5734685148541	8.0321551181313	-4.5734685148541	4.59823497350716	5.40702637404281	-4.5734685148541	-4.5734685148541	-4.5734685148541	4.93408337978999	-4.5734685148541
CSM79HMN	4.81714150565946	-4.97491156643036	-4.97491156643036	-4.97491156643036	4.98594826596364	-4.97491156643036	-4.97491156643036	-4.97491156643036	9.60471755170882	7.01008414086898	-4.97491156643036	-4.97491156643036	7.04441575184605	6.23543474689182	-4.97491156643036	9.15589939249227	-4.97491156643036	8.80864485276305	11.2007792751892	3.2495200067908	10.1468163318916	12.1856164569418	4.67374825052493	10.4992538342027	-4.97491156643036	7.59629365621424	6.54111907249328	8.14252167781503	8.71669086072261	-4.97491156643036	9.17630021671646	5.56199970118591	10.9163676715074	6.1982101184856	-4.97491156643036	-4.97491156643036	7.07515618127237	-4.97491156643036	-4.97491156643036	-4.97491156643036	-4.97491156643036	-4.97491156643036	4.10543400892963	5.47730414692022	-4.97491156643036	5.21679541415616	5.34501400436486	-4.97491156643036	9.48846163104108	4.18002179827408	-4.97491156643036	-4.97491156643036	-4.97491156643036	8.91826441416477	-4.97491156643036	4.20918749434059	-4.97491156643036	-4.97491156643036	-4.97491156643036	-4.97491156643036	-4.97491156643036	5.78492561251295	8.07484025708927	6.44919361373528	-4.97491156643036	-4.97491156643036	6.71457724193147	-4.97491156643036	-4.97491156643036	-4.97491156643036	-4.97491156643036	-4.97491156643036	-4.97491156643036	-4.97491156643036	-4.97491156643036	9.60202658984591	9.21885801425713	-4.97491156643036	5.71364123612704	-4.97491156643036	9.31242034272167	-4.97491156643036	8.43075079169813	-4.97491156643036	-4.97491156643036	-4.97491156643036	-4.97491156643036	-4.97491156643036	11.3236272950001	5.3199759758891	-4.97491156643036	-4.97491156643036	-4.97491156643036	4.38565751879251	5.21416837669246	-4.97491156643036	6.42137895357507	-4.97491156643036	5.59617456281933	-4.97491156643036	-4.97491156643036	-4.97491156643036	-4.97491156643036	7.5745415417422	-4.97491156643036	-4.97491156643036	-4.97491156643036	-4.97491156643036	-4.97491156643036	-4.97491156643036	-4.97491156643036	-4.97491156643036	-4.97491156643036	7.23977883930665	-4.97491156643036	-4.97491156643036	2.42814952465973	6.90578406225072	-4.97491156643036	-4.97491156643036	-4.97491156643036	-4.97491156643036
CSM79HN6	-5.03698730848286	-5.03698730848286	-5.03698730848286	3.04045984084833	5.53793848145099	-5.03698730848286	-5.03698730848286	-5.03698730848286	9.32362913320405	-5.03698730848286	11.4540468842167	-5.03698730848286	-5.03698730848286	-5.03698730848286	-5.03698730848286	9.25072508589846	-5.03698730848286	6.89504972662938	11.3230729414549	8.35029245856065	11.6970866943129	-5.03698730848286	8.65419622355079	10.30292623047	7.88668363762601	-5.03698730848286	-5.03698730848286	8.79774825900817	-5.03698730848286	-5.03698730848286	9.86133503167347	5.85773145859094	10.1677086774373	7.53515451665288	8.5511721086645	-5.03698730848286	9.6298491293519	-5.03698730848286	-5.03698730848286	-5.03698730848286	-5.03698730848286	-5.03698730848286	-5.03698730848286	7.19534257862565	-5.03698730848286	5.20941596250059	6.29274822276328	-5.03698730848286	8.52104831274692	1.00564552519952	-5.03698730848286	5.84559674671981	-5.03698730848286	7.54807299068206	-5.03698730848286	-5.03698730848286	-5.03698730848286	5.08928373055192	-5.03698730848286	3.07703813387389	5.03839260535668	5.21789627903759	4.36157385221826	7.4512937060805	5.27996659004691	-5.03698730848286	6.227745991722	-5.03698730848286	-5.03698730848286	-5.03698730848286	-5.03698730848286	-5.03698730848286	-5.03698730848286	-5.03698730848286	-5.03698730848286	-5.03698730848286	5.83407327025447	5.02695955399008	6.72857060468717	6.77642045537542	5.56664786425795	-5.03698730848286	3.95780558880074	5.48764108862812	-5.03698730848286	4.55664072665678	2.86439004530975	-5.03698730848286	9.54790481834036	2.44231232929997	2.06221443507023	-5.03698730848286	11.7643880492495	-5.03698730848286	-5.03698730848286	-5.03698730848286	8.05180067094843	5.80222098479036	-5.03698730848286	-5.03698730848286	-5.03698730848286	-5.03698730848286	-5.03698730848286	-5.03698730848286	-5.03698730848286	-5.03698730848286	-5.03698730848286	-5.03698730848286	-5.03698730848286	-5.03698730848286	-5.03698730848286	-5.03698730848286	-5.03698730848286	-5.03698730848286	5.13618381080237	-5.03698730848286	5.24770681201465	-5.03698730848286	-5.03698730848286	-5.03698730848286	-5.03698730848286	8.25736273759625
CSM79HOJ	-4.70354262780933	5.56981739690958	4.47127418809781	-4.70354262780933	6.55553520302164	-4.70354262780933	-4.70354262780933	-4.70354262780933	10.1961367455735	-4.70354262780933	7.55027678059356	-4.70354262780933	6.18297799754275	3.7997544584148	-4.70354262780933	-4.70354262780933	1.98231831925903	11.0730553199976	10.2775722900434	4.80326610389926	12.8909335106182	11.453392990751	-4.70354262780933	-4.70354262780933	-4.70354262780933	-4.70354262780933	-4.70354262780933	5.74346036631545	-4.70354262780933	-4.70354262780933	8.30363658394854	4.72198976569345	10.1178474147306	-4.70354262780933	7.44480026422689	-4.70354262780933	8.33830676422091	-4.70354262780933	-4.70354262780933	-4.70354262780933	-4.70354262780933	-4.70354262780933	5.65296133469319	-4.70354262780933	-4.70354262780933	-4.70354262780933	6.63635000626921	-4.70354262780933	9.97070624116682	-4.70354262780933	4.39486009092599	8.93434850101104	-4.70354262780933	9.69680079242977	-4.70354262780933	8.36597045423661	-4.70354262780933	4.55377674536085	-4.70354262780933	-4.70354262780933	-4.70354262780933	5.60377536415851	5.72114653131756	6.82142009777141	3.61055470759648	-4.70354262780933	8.8173028666062	-4.70354262780933	-4.70354262780933	-4.70354262780933	-4.70354262780933	-4.70354262780933	4.59214941126636	-4.70354262780933	-4.70354262780933	-4.70354262780933	11.2607513990614	6.21374341994877	6.15566788584467	-4.70354262780933	8.58655475690452	-4.70354262780933	10.7599207297827	-4.70354262780933	-4.70354262780933	6.31050225316278	-4.70354262780933	-4.70354262780933	10.3535662336489	7.89724083855614	-4.70354262780933	1.86312980199392	8.42609621906534	5.92413039507093	-4.70354262780933	-4.70354262780933	-4.70354262780933	4.74668041148534	3.21980558412083	-4.70354262780933	-4.70354262780933	-4.70354262780933	-4.70354262780933	-4.70354262780933	6.30554937780536	-4.70354262780933	-4.70354262780933	-4.70354262780933	-4.70354262780933	-4.70354262780933	-4.70354262780933	-4.70354262780933	-4.70354262780933	6.24253344971359	4.24426346524773	-4.70354262780933	-4.70354262780933	-4.70354262780933	-4.70354262780933	-4.70354262780933	-4.70354262780933	-4.70354262780933
CSM79HP4	-3.96145761732312	-3.96145761732312	-3.96145761732312	-3.96145761732312	-3.96145761732312	-3.96145761732312	-3.96145761732312	-3.96145761732312	11.2769301638423	10.960894938828	-3.96145761732312	-3.96145761732312	-3.96145761732312	-3.96145761732312	-3.96145761732312	9.14278455839637	11.7827778369423	9.31469237364439	-3.96145761732312	11.6066628008546	-3.96145761732312	12.575534601151	4.92881522205713	-3.96145761732312	-3.96145761732312	6.6065461329738	6.00458210986997	9.0588088021099	-3.96145761732312	-3.96145761732312	12.5836663751254	7.55686326616402	11.8485601740027	-3.96145761732312	10.2704124882471	-3.96145761732312	-3.96145761732312	-3.96145761732312	-3.96145761732312	-3.96145761732312	-3.96145761732312	-3.96145761732312	-3.96145761732312	5.81935369734549	-3.96145761732312	-3.96145761732312	6.30982778959141	-3.96145761732312	9.58060376492751	-3.96145761732312	-3.96145761732312	-3.96145761732312	-3.96145761732312	-3.96145761732312	-3.96145761732312	-3.96145761732312	-3.96145761732312	-3.96145761732312	-3.96145761732312	-3.96145761732312	-3.96145761732312	4.16742252480252	-3.96145761732312	-3.96145761732312	-3.96145761732312	-3.96145761732312	7.9792878787276	-3.96145761732312	-3.96145761732312	-3.96145761732312	-3.96145761732312	-3.96145761732312	-3.96145761732312	-3.96145761732312	-3.96145761732312	8.80240343320914	11.4679988766509	10.5342268308064	7.14741673936983	11.5956309533012	10.3214287451779	-3.96145761732312	10.5490588926147	-3.96145761732312	-3.96145761732312	-3.96145761732312	-3.96145761732312	-3.96145761732312	12.2489811797816	-3.96145761732312	3.42315276585385	-3.96145761732312	9.67310763637708	-3.96145761732312	10.7615696934889	-3.96145761732312	-3.96145761732312	-3.96145761732312	-3.96145761732312	-3.96145761732312	-3.96145761732312	-3.96145761732312	-3.96145761732312	7.66694600689322	-3.96145761732312	-3.96145761732312	8.66280219992347	-3.96145761732312	-3.96145761732312	-3.96145761732312	-3.96145761732312	-3.96145761732312	-3.96145761732312	9.76593294936573	-3.96145761732312	6.65451394832909	-3.96145761732312	-3.96145761732312	-3.96145761732312	-3.96145761732312	6.9637791779433	11.1099199437754
CSM79HPA	4.94178885514589	-5.92908170344873	-5.92908170344873	-5.92908170344873	4.94311823850788	-5.92908170344873	-5.92908170344873	-5.92908170344873	6.02558293799388	9.35595874390522	6.77743587240156	-5.92908170344873	-5.92908170344873	-5.92908170344873	7.99383916790184	6.13023535105723	7.54168389307293	7.18391998981595	7.07993602850477	8.52981892856795	9.68021476911554	9.81979074531043	9.08956661028546	4.30733610601231	-5.92908170344873	-5.92908170344873	6.63753190333561	7.98318435297983	-5.92908170344873	5.25382465857293	8.13166339322377	7.51295793021293	6.7115649130359	5.96023015212899	8.72452061132945	-5.92908170344873	5.74375780123786	-5.92908170344873	-5.92908170344873	-5.92908170344873	-5.92908170344873	-5.92908170344873	-5.92908170344873	-5.92908170344873	4.03460685177815	6.16029419120405	4.6915380748978	-5.92908170344873	2.81460940709429	-5.92908170344873	-5.92908170344873	-5.92908170344873	-5.92908170344873	5.83701978928367	-5.92908170344873	-5.92908170344873	2.6980415473397	4.03177812894526	3.87464076089782	-5.92908170344873	-5.92908170344873	-5.92908170344873	-5.92908170344873	5.56619900434803	-5.92908170344873	3.57101359114016	3.31091455343496	-5.92908170344873	-5.92908170344873	6.11671068136435	4.67554600057626	9.37314327229882	4.54343434106092	-5.92908170344873	-5.92908170344873	6.01394294392133	7.65721818540746	9.32916285733167	5.19539799920787	4.89391140786349	5.08808735791244	-5.92908170344873	-5.92908170344873	-5.92908170344873	-5.92908170344873	-5.92908170344873	-5.92908170344873	3.68345176276519	7.59913470681122	8.35366052041829	-5.92908170344873	-5.92908170344873	3.95883525409644	-5.92908170344873	-5.92908170344873	-5.92908170344873	-5.92908170344873	5.06466669466644	-5.92908170344873	-5.92908170344873	-5.92908170344873	-5.92908170344873	-5.92908170344873	6.53144321993684	-5.92908170344873	10.8141569283998	6.13202875182485	-5.92908170344873	-5.92908170344873	-5.92908170344873	-5.92908170344873	-5.92908170344873	-5.92908170344873	7.94324482083814	-5.92908170344873	5.40985935391444	5.08364480749672	6.79712609737315	-5.92908170344873	-5.92908170344873	9.4637878980057	5.16043359975845
CSM79HPS	-3.56233577825541	-3.56233577825541	8.87298574310795	-3.56233577825541	7.4265268361668	-3.56233577825541	-3.56233577825541	-3.56233577825541	10.087322064022	-3.56233577825541	10.9544543029488	-3.56233577825541	-3.56233577825541	-3.56233577825541	-3.56233577825541	9.64826006364099	-3.56233577825541	9.41199383942828	10.5515601173094	-3.56233577825541	12.0923839913328	11.2186102795398	-3.56233577825541	-3.56233577825541	-3.56233577825541	-3.56233577825541	-3.56233577825541	-3.56233577825541	10.218677533401	14.4818233880652	-3.56233577825541	-3.56233577825541	-3.56233577825541	-3.56233577825541	11.047257650811	-3.56233577825541	-3.56233577825541	-3.56233577825541	-3.56233577825541	-3.56233577825541	-3.56233577825541	-3.56233577825541	-3.56233577825541	-3.56233577825541	-3.56233577825541	9.91150244598827	6.9172312882468	-3.56233577825541	9.24238378995505	-3.56233577825541	-3.56233577825541	-3.56233577825541	-3.56233577825541	-3.56233577825541	-3.56233577825541	5.3919503789493	-3.56233577825541	5.49380391264347	-3.56233577825541	6.91300664387415	-3.56233577825541	-3.56233577825541	-3.56233577825541	6.68619432348969	-3.56233577825541	-3.56233577825541	7.51272018149762	-3.56233577825541	-3.56233577825541	4.50575384802283	4.51821118756908	-3.56233577825541	-3.56233577825541	-3.56233577825541	5.10517217381969	-3.56233577825541	11.5376083273962	-3.56233577825541	6.20424325701325	7.92855877864399	7.90434677554008	-3.56233577825541	-3.56233577825541	-3.56233577825541	-3.56233577825541	-3.56233577825541	-3.56233577825541	-3.56233577825541	10.6607982236004	6.89535292951464	-3.56233577825541	7.70559666474906	9.67532042569557	2.57106226474123	9.87724565804798	-3.56233577825541	-3.56233577825541	4.74930817024756	-3.56233577825541	-3.56233577825541	-3.56233577825541	-3.56233577825541	-3.56233577825541	-3.56233577825541	-3.56233577825541	-3.56233577825541	-3.56233577825541	-3.56233577825541	-3.56233577825541	-3.56233577825541	-3.56233577825541	-3.56233577825541	-3.56233577825541	-3.56233577825541	7.63287443285481	-3.56233577825541	-3.56233577825541	-3.56233577825541	5.69593724747607	5.55050201235953	-3.56233577825541	-3.56233577825541
CSM79HR6	-2.41420373982003	-2.41420373982003	-2.41420373982003	-2.41420373982003	-2.41420373982003	-2.41420373982003	-2.41420373982003	-2.41420373982003	13.1154922383852	-2.41420373982003	14.2744086952988	-2.41420373982003	-2.41420373982003	-2.41420373982003	-2.41420373982003	-2.41420373982003	-2.41420373982003	14.8266471003572	-2.41420373982003	-2.41420373982003	-2.41420373982003	14.8565185038871	11.8559309112879	-2.41420373982003	-2.41420373982003	-2.41420373982003	-2.41420373982003	-2.41420373982003	-2.41420373982003	-2.41420373982003	-2.41420373982003	-2.41420373982003	-2.41420373982003	-2.41420373982003	-2.41420373982003	-2.41420373982003	-2.41420373982003	-2.41420373982003	-2.41420373982003	-2.41420373982003	-2.41420373982003	7.49332563354243	-2.41420373982003	-2.41420373982003	-2.41420373982003	-2.41420373982003	9.10471373713619	-2.41420373982003	-2.41420373982003	-2.41420373982003	-2.41420373982003	-2.41420373982003	-2.41420373982003	-2.41420373982003	-2.41420373982003	-2.41420373982003	6.57686059236843	-2.41420373982003	9.25445115809067	-2.41420373982003	-2.41420373982003	-2.41420373982003	-2.41420373982003	-2.41420373982003	7.00647859163315	-2.41420373982003	-2.41420373982003	-2.41420373982003	-2.41420373982003	10.0891955692121	-2.41420373982003	-2.41420373982003	8.37451722012491	9.95933482863321	8.12984739311771	-2.41420373982003	7.46504234834306	-2.41420373982003	-2.41420373982003	-2.41420373982003	-2.41420373982003	-2.41420373982003	-2.41420373982003	-2.41420373982003	-2.41420373982003	-2.41420373982003	-2.41420373982003	-2.41420373982003	13.2987064139353	12.6997424433673	-2.41420373982003	7.19565073477087	-2.41420373982003	-2.41420373982003	-2.41420373982003	-2.41420373982003	-2.41420373982003	10.3138154620364	-2.41420373982003	-2.41420373982003	-2.41420373982003	-2.41420373982003	-2.41420373982003	-2.41420373982003	-2.41420373982003	-2.41420373982003	-2.41420373982003	-2.41420373982003	-2.41420373982003	-2.41420373982003	-2.41420373982003	-2.41420373982003	-2.41420373982003	11.5338873838761	-2.41420373982003	6.83352875137321	8.04835659610837	6.22183858543458	-2.41420373982003	-2.41420373982003	8.06367561004293	-2.41420373982003
CSM79HRG	-4.0008881913307	-4.0008881913307	-4.0008881913307	-4.0008881913307	6.03323280884063	-4.0008881913307	-4.0008881913307	-4.0008881913307	8.38900904753453	-4.0008881913307	-4.0008881913307	-4.0008881913307	-4.0008881913307	-4.0008881913307	-4.0008881913307	-4.0008881913307	-4.0008881913307	12.0323738187394	-4.0008881913307	9.31778347095331	13.1126283968178	12.8287479906057	-4.0008881913307	-4.0008881913307	-4.0008881913307	-4.0008881913307	-4.0008881913307	8.61656867640366	-4.0008881913307	-4.0008881913307	-4.0008881913307	-4.0008881913307	-4.0008881913307	-4.0008881913307	-4.0008881913307	-4.0008881913307	10.015521126996	-4.0008881913307	3.80743485906035	-4.0008881913307	-4.0008881913307	-4.0008881913307	-4.0008881913307	6.37232170089296	-4.0008881913307	-4.0008881913307	9.29480813274608	4.43314075882477	11.215633157937	-4.0008881913307	-4.0008881913307	-4.0008881913307	-4.0008881913307	9.78066322709284	6.09573721043323	9.59307878468547	-4.0008881913307	5.90912800316813	-4.0008881913307	4.06406270041844	-4.0008881913307	8.89638223591556	-4.0008881913307	7.41509676557201	2.19555593646382	-4.0008881913307	8.62343744765091	-4.0008881913307	-4.0008881913307	-4.0008881913307	-4.0008881913307	-4.0008881913307	-4.0008881913307	-4.0008881913307	-4.0008881913307	-4.0008881913307	11.9016489440603	-4.0008881913307	9.46590283716063	-4.0008881913307	7.1871516521902	-4.0008881913307	-4.0008881913307	-4.0008881913307	-4.0008881913307	7.47444962630809	-4.0008881913307	-4.0008881913307	11.7117415015191	7.05618898318197	-4.0008881913307	7.2402416736175	12.1648723242182	-4.0008881913307	-4.0008881913307	-4.0008881913307	9.27914708768786	7.33028755331593	-4.0008881913307	-4.0008881913307	-4.0008881913307	-4.0008881913307	-4.0008881913307	7.50884217474298	6.11815419087096	11.5224948456158	7.9688986708311	7.21121592438039	-4.0008881913307	-4.0008881913307	-4.0008881913307	5.6745060801653	-4.0008881913307	8.46083778912935	-4.0008881913307	-4.0008881913307	-4.0008881913307	-4.0008881913307	-4.0008881913307	-4.0008881913307	4.75390357236933	-4.0008881913307
CSM7KOJO	-1.60251262778008	8.24445748192087	8.24392826937677	-1.60251262778008	-1.60251262778008	-1.60251262778008	-1.60251262778008	-1.60251262778008	-1.60251262778008	-1.60251262778008	-1.60251262778008	-1.60251262778008	-1.60251262778008	-1.60251262778008	-1.60251262778008	-1.60251262778008	-1.60251262778008	-1.60251262778008	-1.60251262778008	-1.60251262778008	-1.60251262778008	-1.60251262778008	-1.60251262778008	-1.60251262778008	-1.60251262778008	-1.60251262778008	-1.60251262778008	-1.60251262778008	-1.60251262778008	-1.60251262778008	-1.60251262778008	-1.60251262778008	-1.60251262778008	-1.60251262778008	-1.60251262778008	-1.60251262778008	-1.60251262778008	-1.60251262778008	-1.60251262778008	-1.60251262778008	-1.60251262778008	-1.60251262778008	-1.60251262778008	-1.60251262778008	10.4428101108441	-1.60251262778008	-1.60251262778008	-1.60251262778008	-1.60251262778008	-1.60251262778008	-1.60251262778008	-1.60251262778008	-1.60251262778008	-1.60251262778008	-1.60251262778008	-1.60251262778008	-1.60251262778008	-1.60251262778008	14.0700130071318	-1.60251262778008	-1.60251262778008	-1.60251262778008	-1.60251262778008	-1.60251262778008	-1.60251262778008	-1.60251262778008	-1.60251262778008	9.7653986257667	-1.60251262778008	-1.60251262778008	13.2189176434637	10.3872120739026	-1.60251262778008	-1.60251262778008	-1.60251262778008	-1.60251262778008	-1.60251262778008	-1.60251262778008	-1.60251262778008	-1.60251262778008	-1.60251262778008	-1.60251262778008	-1.60251262778008	-1.60251262778008	11.0170296705072	-1.60251262778008	-1.60251262778008	-1.60251262778008	-1.60251262778008	15.1861272201017	-1.60251262778008	-1.60251262778008	-1.60251262778008	-1.60251262778008	-1.60251262778008	-1.60251262778008	-1.60251262778008	-1.60251262778008	-1.60251262778008	-1.60251262778008	-1.60251262778008	11.5241236079494	-1.60251262778008	-1.60251262778008	-1.60251262778008	-1.60251262778008	-1.60251262778008	-1.60251262778008	10.6083535105842	8.95097971241915	-1.60251262778008	15.9624314389189	-1.60251262778008	-1.60251262778008	-1.60251262778008	-1.60251262778008	-1.60251262778008	14.1950252175466	-1.60251262778008	9.65204358203553	-1.60251262778008	-1.60251262778008
CSM7KOKB	-3.05728830689888	-3.05728830689888	-3.05728830689888	-3.05728830689888	-3.05728830689888	-3.05728830689888	-3.05728830689888	-3.05728830689888	12.7569418231756	-3.05728830689888	-3.05728830689888	-3.05728830689888	-3.05728830689888	-3.05728830689888	8.1783145736806	8.10751128078809	-3.05728830689888	13.2647567405206	9.51655104095478	12.6011026581618	13.4987997243982	13.9372111024782	13.4132415788884	-3.05728830689888	-3.05728830689888	-3.05728830689888	-3.05728830689888	11.436449176131	-3.05728830689888	-3.05728830689888	9.71971021146023	7.56113237951905	11.9947603046125	-3.05728830689888	12.1901448780568	-3.05728830689888	-3.05728830689888	-3.05728830689888	-3.05728830689888	-3.05728830689888	-3.05728830689888	7.95642714447758	-3.05728830689888	-3.05728830689888	-3.05728830689888	-3.05728830689888	-3.05728830689888	-3.05728830689888	9.92106843214118	-3.05728830689888	-3.05728830689888	-3.05728830689888	6.6784312698508	-3.05728830689888	-3.05728830689888	-3.05728830689888	-3.05728830689888	-3.05728830689888	-3.05728830689888	-3.05728830689888	-3.05728830689888	-3.05728830689888	-3.05728830689888	-3.05728830689888	5.62558880015828	5.14546807475675	-3.05728830689888	-3.05728830689888	-3.05728830689888	8.82817265580892	-3.05728830689888	7.15261720014417	8.14885381231716	-3.05728830689888	9.13301566399643	-3.05728830689888	-3.05728830689888	-3.05728830689888	-3.05728830689888	-3.05728830689888	-3.05728830689888	-3.05728830689888	-3.05728830689888	-3.05728830689888	-3.05728830689888	-3.05728830689888	-3.05728830689888	-3.05728830689888	12.770360252463	10.2322339189115	-3.05728830689888	-3.05728830689888	-3.05728830689888	-3.05728830689888	-3.05728830689888	-3.05728830689888	-3.05728830689888	7.43927744121967	-3.05728830689888	-3.05728830689888	-3.05728830689888	-3.05728830689888	-3.05728830689888	-3.05728830689888	-3.05728830689888	-3.05728830689888	-3.05728830689888	9.69314434667526	-3.05728830689888	-3.05728830689888	-3.05728830689888	-3.05728830689888	-3.05728830689888	9.87720454663061	-3.05728830689888	-3.05728830689888	-3.05728830689888	-3.05728830689888	-3.05728830689888	-3.05728830689888	7.54932150921927	-3.05728830689888
CSM7KOKN	-3.6696132633617	-3.6696132633617	-3.6696132633617	-3.6696132633617	7.59627290761876	-3.6696132633617	-3.6696132633617	-3.6696132633617	11.767157250489	-3.6696132633617	-3.6696132633617	-3.6696132633617	-3.6696132633617	-3.6696132633617	12.1933657256925	-3.6696132633617	-3.6696132633617	9.12224682774051	12.9152082132087	10.4451578272309	11.7499569702142	13.8901549497509	11.3339787984111	-3.6696132633617	-3.6696132633617	-3.6696132633617	-3.6696132633617	8.92308479920852	-3.6696132633617	-3.6696132633617	7.93343622927094	-3.6696132633617	10.5664552636383	7.18284516043721	10.3514559336717	-3.6696132633617	9.90255231148024	-3.6696132633617	-3.6696132633617	-3.6696132633617	-3.6696132633617	-3.6696132633617	-3.6696132633617	-3.6696132633617	-3.6696132633617	-3.6696132633617	-3.6696132633617	-3.6696132633617	11.7701491369388	-3.6696132633617	-3.6696132633617	-3.6696132633617	5.18704767365555	-3.6696132633617	-3.6696132633617	5.47255532851115	-3.6696132633617	7.62292734160392	6.55924946627183	-3.6696132633617	-3.6696132633617	7.78918331177012	-3.6696132633617	-3.6696132633617	-3.6696132633617	-3.6696132633617	7.54532386830135	-3.6696132633617	-3.6696132633617	-3.6696132633617	-3.6696132633617	-3.6696132633617	-3.6696132633617	-3.6696132633617	-3.6696132633617	-3.6696132633617	11.4487668393282	9.16661617594555	-3.6696132633617	-3.6696132633617	-3.6696132633617	-3.6696132633617	-3.6696132633617	-3.6696132633617	-3.6696132633617	-3.6696132633617	-3.6696132633617	-3.6696132633617	11.119675874936	7.57204139135466	2.72898167117351	-3.6696132633617	9.91730266310988	-3.6696132633617	-3.6696132633617	-3.6696132633617	-3.6696132633617	-3.6696132633617	-3.6696132633617	-3.6696132633617	-3.6696132633617	-3.6696132633617	-3.6696132633617	-3.6696132633617	-3.6696132633617	8.18619953173197	8.25403678771566	-3.6696132633617	7.212407157512	-3.6696132633617	-3.6696132633617	8.9826856829485	-3.6696132633617	7.85801360446142	-3.6696132633617	3.79832906892415	-3.6696132633617	-3.6696132633617	5.64607762422231	5.87584128062613	-3.6696132633617	-3.6696132633617
CSM7KOKZ	-4.80244495519801	-4.80244495519801	-4.80244495519801	-4.80244495519801	4.58277266668289	-4.80244495519801	-4.80244495519801	-4.80244495519801	-4.80244495519801	9.63543134902824	-4.80244495519801	-4.80244495519801	-4.80244495519801	-4.80244495519801	-4.80244495519801	6.93945502790885	11.0162537378776	8.91232882557998	11.0923472566647	10.506823491663	11.074445128906	12.8446273179274	10.5809168533966	-4.80244495519801	-4.80244495519801	7.31452868120872	6.58888898100398	-4.80244495519801	-4.80244495519801	-4.80244495519801	-4.80244495519801	7.04574487435247	-4.80244495519801	-4.80244495519801	9.1942123030198	-4.80244495519801	-4.80244495519801	-4.80244495519801	-4.80244495519801	-4.80244495519801	-4.80244495519801	-4.80244495519801	5.36459845926359	5.40929905802551	-4.80244495519801	6.22631304531821	8.21587037821396	-4.80244495519801	5.91243937136609	0.835909714135736	-4.80244495519801	7.9264046119779	3.88718779315773	-4.80244495519801	-4.80244495519801	3.01799456006417	-4.80244495519801	2.0230150810573	-4.80244495519801	-4.80244495519801	-4.80244495519801	-4.80244495519801	2.85719799936667	4.77330212764035	-4.80244495519801	-4.80244495519801	6.16127781688522	-4.80244495519801	-4.80244495519801	3.56879718073392	-4.80244495519801	-4.80244495519801	-4.80244495519801	-4.80244495519801	-4.80244495519801	-4.80244495519801	9.45021088600802	10.3965663152812	8.41027270545344	9.38804469890677	6.53016893161713	-4.80244495519801	8.49763104080995	-4.80244495519801	-4.80244495519801	-4.80244495519801	3.01397202849379	3.56648021954912	9.77655521041986	7.87081799087727	-4.80244495519801	-4.80244495519801	-4.80244495519801	-4.80244495519801	9.72346854265483	6.93179038092207	-4.80244495519801	5.4822491652995	-4.80244495519801	-4.80244495519801	-4.80244495519801	-4.80244495519801	-4.80244495519801	-4.80244495519801	-4.80244495519801	7.5689344801336	6.11520386487003	-4.80244495519801	-4.80244495519801	-4.80244495519801	-4.80244495519801	-4.80244495519801	-4.80244495519801	5.84276563339075	-4.80244495519801	-4.80244495519801	6.38877274000797	5.11991341808837	4.1997636230844	2.9643955818875	8.83434674843923	6.19532887563521
CSM7KOLA	-5.8363473680786	-5.8363473680786	4.38744674348437	-5.8363473680786	6.94350034794491	-5.8363473680786	-5.8363473680786	-5.8363473680786	9.78473532352476	9.14469273076597	-5.8363473680786	-5.8363473680786	-5.8363473680786	-5.8363473680786	-5.8363473680786	-5.8363473680786	-5.8363473680786	-5.8363473680786	9.11777505498097	8.14740357062133	10.2740165700724	11.1060601639064	8.33214201157244	8.7965441110508	-5.8363473680786	-5.8363473680786	-5.8363473680786	7.45763213358232	-5.8363473680786	-5.8363473680786	6.37257620967956	2.1084993429234	9.4095918936388	6.97729005954558	8.70862831695302	-5.8363473680786	6.6169017115872	-5.8363473680786	3.06760370398011	5.32618339091005	-5.8363473680786	-5.8363473680786	-5.8363473680786	5.61503242603973	-5.8363473680786	7.30660460217985	5.97505914989253	-5.8363473680786	8.11831712137271	5.27282651985021	-5.8363473680786	5.58677373223156	6.43720166632646	5.98193553562342	3.04284656003172	5.85957442597555	-5.8363473680786	-5.8363473680786	-5.8363473680786	4.61990397958657	-5.8363473680786	-5.8363473680786	5.80866719991637	4.90397636899128	-5.8363473680786	-5.8363473680786	6.47755224890502	-5.8363473680786	-5.8363473680786	-5.8363473680786	-5.8363473680786	-5.8363473680786	3.87664531697441	-5.8363473680786	-5.8363473680786	-5.8363473680786	8.19508955988836	9.69694075593606	6.88676455641555	10.2137478830156	9.00680601203216	-5.8363473680786	7.77451135798364	-5.8363473680786	-5.8363473680786	-5.8363473680786	-5.8363473680786	-5.8363473680786	10.645057938363	5.96153897023722	2.70475764338395	-5.8363473680786	6.22018644668124	-5.8363473680786	-5.8363473680786	7.80477527833541	-5.8363473680786	-5.8363473680786	-5.8363473680786	-5.8363473680786	-5.8363473680786	-5.8363473680786	1.92198609941231	-5.8363473680786	-5.8363473680786	-5.8363473680786	5.83068020411069	-5.8363473680786	5.22889940144691	6.59295282523798	4.06368421948414	4.6184645505034	1.82329558648608	7.78703490392734	-5.8363473680786	4.19821230555125	2.33863716486449	4.60483166735808	7.96198752908959	-5.8363473680786	4.48324845266417	-5.8363473680786
CSM7KOLE	4.78389447122231	-4.48575200665128	-4.48575200665128	-4.48575200665128	6.99310982454316	-4.48575200665128	-4.48575200665128	-4.48575200665128	10.4975551153714	9.62252592169153	-4.48575200665128	-4.48575200665128	-4.48575200665128	-4.48575200665128	-4.48575200665128	-4.48575200665128	-4.48575200665128	4.66494451239739	10.5508306262747	10.0798062513499	10.8087371474601	13.0927129645357	10.1067784801833	8.95599703112695	-4.48575200665128	-4.48575200665128	-4.48575200665128	9.27931857695485	-4.48575200665128	-4.48575200665128	6.20871245678697	-4.48575200665128	11.5918289983837	7.44299145650647	10.1051956050854	-4.48575200665128	8.57081552618221	-4.48575200665128	-4.48575200665128	-4.48575200665128	-4.48575200665128	-4.48575200665128	4.85482684224863	8.63065567072777	-4.48575200665128	5.85408543757403	6.4411033193429	-4.48575200665128	9.04028954992092	-4.48575200665128	-4.48575200665128	8.05922206548471	6.80566606776342	-4.48575200665128	-4.48575200665128	-4.48575200665128	-4.48575200665128	-4.48575200665128	-4.48575200665128	-4.48575200665128	-4.48575200665128	-4.48575200665128	-4.48575200665128	-4.48575200665128	-4.48575200665128	-4.48575200665128	5.86629207142396	-4.48575200665128	-4.48575200665128	-4.48575200665128	-4.48575200665128	-4.48575200665128	-4.48575200665128	-4.48575200665128	-4.48575200665128	-4.48575200665128	10.1505471249561	10.2740577580785	-4.48575200665128	11.4153375949364	8.99595016349398	-4.48575200665128	8.50809822279295	-4.48575200665128	-4.48575200665128	-4.48575200665128	-4.48575200665128	-4.48575200665128	11.3005788502713	8.33877390642453	-4.48575200665128	-4.48575200665128	8.84090802991072	-4.48575200665128	-4.48575200665128	6.97008445383482	-4.48575200665128	-4.48575200665128	-4.48575200665128	-4.48575200665128	-4.48575200665128	-4.48575200665128	-4.48575200665128	-4.48575200665128	-4.48575200665128	7.85904291054893	7.22480225918005	-4.48575200665128	-4.48575200665128	4.43035152390245	-4.48575200665128	-4.48575200665128	-4.48575200665128	9.56707400514374	-4.48575200665128	6.38454827477319	6.50648266673998	5.25821212536687	7.11042025817166	-4.48575200665128	6.33124240638239	-4.48575200665128
CSM7KOLK	-3.9410759880439	-3.9410759880439	-3.9410759880439	-3.9410759880439	-3.9410759880439	-3.9410759880439	-3.9410759880439	-3.9410759880439	11.0366477527913	-3.9410759880439	12.4273783790924	-3.9410759880439	-3.9410759880439	-3.9410759880439	-3.9410759880439	10.6580214523759	-3.9410759880439	8.78161845095926	12.5709944089298	9.71382088311806	12.5569461523366	4.44167110681941	9.58714042221605	11.680302544482	7.02489568648527	-3.9410759880439	-3.9410759880439	9.64101464710752	-3.9410759880439	-3.9410759880439	11.7805179136142	7.7623127994119	10.487607915435	8.95021498762403	10.2731375328394	-3.9410759880439	10.3759798643321	-3.9410759880439	-3.9410759880439	-3.9410759880439	-3.9410759880439	-3.9410759880439	-3.9410759880439	6.14519134961687	-3.9410759880439	6.82236472201609	5.85488203154956	-3.9410759880439	9.10265751649892	-3.9410759880439	-3.9410759880439	-3.9410759880439	-3.9410759880439	5.21174119768861	-3.9410759880439	-3.9410759880439	-3.9410759880439	5.68276379706876	-3.9410759880439	-3.9410759880439	-3.9410759880439	2.19232205495274	-3.9410759880439	6.67563094385382	-3.9410759880439	-3.9410759880439	4.97502754250982	-3.9410759880439	-3.9410759880439	-3.9410759880439	-3.9410759880439	-3.9410759880439	-3.9410759880439	-3.9410759880439	-3.9410759880439	-3.9410759880439	-3.9410759880439	7.91629696933941	9.38820561918335	9.18176927323574	4.62319161075826	-3.9410759880439	7.57095908064118	5.32384726170257	-3.9410759880439	6.20461236733989	-3.9410759880439	-3.9410759880439	10.5085326680995	-3.9410759880439	-3.9410759880439	-3.9410759880439	12.7272285443149	-3.9410759880439	-3.9410759880439	-3.9410759880439	6.86786377118538	-3.9410759880439	-3.9410759880439	-3.9410759880439	-3.9410759880439	-3.9410759880439	-3.9410759880439	-3.9410759880439	-3.9410759880439	-3.9410759880439	-3.9410759880439	-3.9410759880439	-3.9410759880439	-3.9410759880439	-3.9410759880439	-3.9410759880439	-3.9410759880439	-3.9410759880439	7.11852202409112	-3.9410759880439	-3.9410759880439	-3.9410759880439	-3.9410759880439	-3.9410759880439	-3.9410759880439	7.26547376202729
CSM7KOLY	8.05931803300071	-3.81086920369115	-3.81086920369115	-3.81086920369115	-3.81086920369115	-3.81086920369115	-3.81086920369115	-3.81086920369115	-3.81086920369115	-3.81086920369115	-3.81086920369115	-3.81086920369115	-3.81086920369115	-3.81086920369115	-3.81086920369115	13.6131504491249	-3.81086920369115	11.1358792587346	-3.81086920369115	-3.81086920369115	-3.81086920369115	-3.81086920369115	-3.81086920369115	-3.81086920369115	-3.81086920369115	-3.81086920369115	-3.81086920369115	-3.81086920369115	-3.81086920369115	-3.81086920369115	-3.81086920369115	-3.81086920369115	13.1681089457828	-3.81086920369115	-3.81086920369115	-3.81086920369115	-3.81086920369115	-3.81086920369115	-3.81086920369115	-3.81086920369115	-3.81086920369115	-3.81086920369115	5.24293431046481	7.62324030084337	-3.81086920369115	7.78769252656918	3.67966019836957	4.87539142884063	9.53869508280787	-3.81086920369115	-3.81086920369115	8.52386487041501	-3.81086920369115	7.16404784366003	8.0539166337466	-3.81086920369115	-3.81086920369115	8.62766742268992	5.95570983157752	4.34420568412029	4.34993471726352	-3.81086920369115	-3.81086920369115	6.13668308000708	8.57477538858423	-3.81086920369115	9.40485882584163	-3.81086920369115	5.97220059536584	4.73413368836436	-3.81086920369115	-3.81086920369115	3.85815908489854	-3.81086920369115	-3.81086920369115	-3.81086920369115	12.4637523896378	-3.81086920369115	10.2918565677632	12.0088973626695	10.4412633397711	-3.81086920369115	-3.81086920369115	-3.81086920369115	-3.81086920369115	-3.81086920369115	7.42526137442436	-3.81086920369115	11.2998590864525	8.79950453941638	5.1382362658481	-3.81086920369115	-3.81086920369115	-3.81086920369115	-3.81086920369115	9.06756356070622	-3.81086920369115	6.04976303853855	-3.81086920369115	-3.81086920369115	-3.81086920369115	-3.81086920369115	-3.81086920369115	-3.81086920369115	6.17516560981255	-3.81086920369115	-3.81086920369115	6.96602245631667	-3.81086920369115	-3.81086920369115	-3.81086920369115	-3.81086920369115	-3.81086920369115	7.02558919097033	-3.81086920369115	5.19870046782255	-3.81086920369115	-3.81086920369115	5.38952183743137	-3.81086920369115	9.80570371176236	8.52038570225735
CSM7KOMB	-5.09083510470878	-5.09083510470878	5.15450305220678	-5.09083510470878	-5.09083510470878	-5.09083510470878	-5.09083510470878	-5.09083510470878	10.1224390406276	8.75049036266439	10.70615280887	-5.09083510470878	-5.09083510470878	-5.09083510470878	5.84940706311664	8.72671437324471	-5.09083510470878	10.1942973518526	8.00910064309349	9.65897544058954	11.7705869733761	10.104715547156	9.5573588985534	-5.09083510470878	-5.09083510470878	-5.09083510470878	-5.09083510470878	7.62602616390286	-5.09083510470878	-5.09083510470878	6.72420034796929	-5.09083510470878	8.29731896793107	-5.09083510470878	10.5732579745405	-5.09083510470878	-5.09083510470878	-5.09083510470878	-5.09083510470878	-5.09083510470878	-5.09083510470878	-5.09083510470878	-5.09083510470878	4.17124346267181	5.36080275765349	7.9754466906288	-5.09083510470878	4.95982167104397	6.91880286076417	-5.09083510470878	-5.09083510470878	8.18742200395421	-5.09083510470878	10.4665741103751	7.35461264484587	5.06694576813377	-5.09083510470878	7.91209362387672	9.10252335966195	6.61848739115995	-5.09083510470878	-5.09083510470878	-5.09083510470878	8.94201901711381	5.43674425494713	-5.09083510470878	9.16334384708618	-5.09083510470878	5.82590653770795	9.62570674988964	-5.09083510470878	7.79131739972348	-5.09083510470878	-5.09083510470878	5.71628338155471	-5.09083510470878	7.67256786192313	7.80425370045179	-5.09083510470878	6.84500893331455	-5.09083510470878	-5.09083510470878	-5.09083510470878	-5.09083510470878	-5.09083510470878	-5.09083510470878	-5.09083510470878	-5.09083510470878	9.79284606005851	8.42842477492878	-5.09083510470878	6.58029851169213	-5.09083510470878	-5.09083510470878	-5.09083510470878	-5.09083510470878	-5.09083510470878	5.52905218019744	-5.09083510470878	-5.09083510470878	-5.09083510470878	4.97608845667927	-5.09083510470878	-5.09083510470878	-5.09083510470878	3.39610504353643	-5.09083510470878	6.46659516490378	-5.09083510470878	4.72986848634842	-5.09083510470878	-5.09083510470878	-5.09083510470878	4.73905972752397	-5.09083510470878	-5.09083510470878	-5.09083510470878	11.8451439109825	-5.09083510470878	-5.09083510470878	4.40400728871255	-5.09083510470878
CSM7KOMT	8.98388204032377	-0.389340617402087	-0.23884260642097	-6.45544870750583	6.69344169648319	-6.45544870750583	1.61264091877241	-6.45544870750583	-6.45544870750583	-6.45544870750583	-6.45544870750583	-6.45544870750583	-6.45544870750583	-6.45544870750583	-6.45544870750583	8.1423643996811	-6.45544870750583	6.98868072738398	9.77986101728078	7.50640297205706	7.73433965102983	8.02862992448596	8.77060750729053	-6.45544870750583	-6.45544870750583	-6.45544870750583	-6.45544870750583	5.81416665100951	-6.45544870750583	-6.45544870750583	4.59132171290684	-6.45544870750583	-6.45544870750583	7.23264998101317	-6.45544870750583	-6.45544870750583	-6.45544870750583	3.8350344368548	5.55880340849981	5.47566722037046	-6.45544870750583	-6.45544870750583	-6.45544870750583	1.61576983246403	3.30364870907089	4.97475797228739	1.85619524099714	-6.45544870750583	9.72193052530017	6.43086570075934	2.57707992315422	-6.45544870750583	-6.45544870750583	6.69157020863091	-6.45544870750583	7.63686824655693	-6.45544870750583	4.47445671414992	-6.45544870750583	3.85786111357987	-6.45544870750583	5.51110326067958	4.9604260638443	5.32184670151887	-6.45544870750583	5.8280061867364	6.64202958878724	-6.45544870750583	-6.45544870750583	-6.45544870750583	-6.45544870750583	-6.45544870750583	-6.45544870750583	-6.45544870750583	4.55331223257141	8.17778714993802	8.6688786070463	9.26956746577358	6.8516516405636	6.51070754370076	4.60854553723599	-6.45544870750583	7.04673507899248	-6.45544870750583	2.44031789655025	1.9364079925991	0.989384566386358	3.48055443670697	9.73571625495637	3.07414507575945	4.65342564918711	-6.45544870750583	-6.45544870750583	-6.45544870750583	7.16784873308431	-6.45544870750583	6.26485675072419	2.87719778885431	-6.45544870750583	-6.45544870750583	-6.45544870750583	-6.45544870750583	-6.45544870750583	6.8062956701592	4.63498247248837	-6.45544870750583	-6.45544870750583	5.53848832641467	5.17054648067218	5.70143894592061	4.55859617346627	4.97714484130745	3.58042583307362	6.71979360649073	-6.45544870750583	1.60002643425144	-6.45544870750583	5.61503900976664	3.04987203940324	3.76361571467559	3.85553522204754	3.64611071191548
CSM7KON2	6.63982532762384	6.98923165507932	6.87331774699896	-4.51314840201452	7.21004609213378	-4.51314840201452	3.11293435605786	-4.51314840201452	9.57872111321097	-4.51314840201452	-4.51314840201452	-4.51314840201452	-4.51314840201452	-4.51314840201452	-4.51314840201452	-4.51314840201452	-4.51314840201452	10.4051626617792	11.1047270219565	7.31787436692527	11.9059840733975	12.0962230746496	-4.51314840201452	-4.51314840201452	-4.51314840201452	-4.51314840201452	-4.51314840201452	8.81122640802569	-4.51314840201452	-4.51314840201452	9.02743966602613	-4.51314840201452	11.2987455418087	-4.51314840201452	9.40988024237691	-4.51314840201452	10.2374475563199	-4.51314840201452	-4.51314840201452	-4.51314840201452	-4.51314840201452	-4.51314840201452	7.44382806737896	-4.51314840201452	-4.51314840201452	1.83424080764149	7.02672079840325	4.91238399148825	10.0313015830282	-4.51314840201452	4.56947222835929	8.91938870351693	-4.51314840201452	8.08958739447043	-4.51314840201452	8.31449754608368	-4.51314840201452	-4.51314840201452	-4.51314840201452	-4.51314840201452	-4.51314840201452	7.59801448353261	4.18653299897499	8.73905129964991	-4.51314840201452	-4.51314840201452	8.88357013775557	-4.51314840201452	-4.51314840201452	-4.51314840201452	-4.51314840201452	-4.51314840201452	-4.51314840201452	-4.51314840201452	-4.51314840201452	-4.51314840201452	10.8370875135068	11.13290329966	-4.51314840201452	7.83177707712446	8.96326186902753	-4.51314840201452	10.2926617979283	-4.51314840201452	-4.51314840201452	7.54315312605604	-4.51314840201452	-4.51314840201452	12.2767845278401	9.80523887068108	-4.51314840201452	5.60669974953898	5.97090536616197	6.02720694255033	6.98558685651966	-4.51314840201452	-4.51314840201452	-4.51314840201452	-4.51314840201452	-4.51314840201452	-4.51314840201452	-4.51314840201452	-4.51314840201452	-4.51314840201452	7.16394313516881	-4.51314840201452	-4.51314840201452	-4.51314840201452	-4.51314840201452	-4.51314840201452	-4.51314840201452	-4.51314840201452	-4.51314840201452	3.2663185654438	5.75466971527121	-4.51314840201452	-4.51314840201452	-4.51314840201452	-4.51314840201452	-4.51314840201452	-4.51314840201452	-4.51314840201452
CSM7KON8	5.78606994069176	6.733048007531	4.95094323737585	-4.29099269619008	6.36581949993831	-4.29099269619008	-4.29099269619008	-4.29099269619008	10.5286036967777	-4.29099269619008	-4.29099269619008	-4.29099269619008	-4.29099269619008	-4.29099269619008	-4.29099269619008	-4.29099269619008	-4.29099269619008	11.105101669609	11.5172803803196	8.81090467393021	12.419029427717	12.4242787920034	-4.29099269619008	-4.29099269619008	-4.29099269619008	-4.29099269619008	-4.29099269619008	9.51398357044929	-4.29099269619008	-4.29099269619008	9.93009029745588	-4.29099269619008	11.0887012622476	-4.29099269619008	9.47608468387758	-4.29099269619008	10.2807717576768	-4.29099269619008	-4.29099269619008	-4.29099269619008	-4.29099269619008	-4.29099269619008	8.27293269939281	-4.29099269619008	-4.29099269619008	6.30641673674856	7.35655981096142	6.48798442681627	10.4173888805775	-4.29099269619008	-4.29099269619008	6.35896951094653	-4.29099269619008	7.6108686860482	-4.29099269619008	8.09807211455928	-4.29099269619008	-4.29099269619008	-4.29099269619008	-4.29099269619008	-4.29099269619008	6.36204599955253	6.39253048967408	8.90942556832712	-4.29099269619008	-4.29099269619008	8.2539101181387	-4.29099269619008	-4.29099269619008	-4.29099269619008	-4.29099269619008	-4.29099269619008	-4.29099269619008	-4.29099269619008	-4.29099269619008	-4.29099269619008	11.1335158774679	10.9146999060513	-4.29099269619008	10.0652426182123	8.9390602824453	-4.29099269619008	10.593323994278	-4.29099269619008	-4.29099269619008	7.09751401536615	4.56424292701688	-4.29099269619008	12.1743406778903	9.89439793297476	-4.29099269619008	2.93230298337223	7.16547881263395	6.28265484425998	7.664892742649	-4.29099269619008	-4.29099269619008	-4.29099269619008	-4.29099269619008	-4.29099269619008	-4.29099269619008	-4.29099269619008	-4.29099269619008	-4.29099269619008	-4.29099269619008	-4.29099269619008	-4.29099269619008	-4.29099269619008	-4.29099269619008	-4.29099269619008	-4.29099269619008	-4.29099269619008	-4.29099269619008	-4.29099269619008	6.39092483743445	-4.29099269619008	-4.29099269619008	-4.29099269619008	-4.29099269619008	-4.29099269619008	-4.29099269619008	-4.29099269619008
CSM7KONA	-3.07514501488551	-3.07514501488551	-3.07514501488551	-3.07514501488551	-3.07514501488551	-3.07514501488551	-3.07514501488551	-3.07514501488551	-3.07514501488551	13.5219276958927	-3.07514501488551	-3.07514501488551	-3.07514501488551	-3.07514501488551	10.8823519659833	-3.07514501488551	11.2962090821643	11.4775731487775	-3.07514501488551	12.3357777536047	12.4278196804874	13.4585007854322	12.268333279491	-3.07514501488551	-3.07514501488551	-3.07514501488551	9.07626551023476	11.2652839948057	-3.07514501488551	-3.07514501488551	11.886993410288	10.102238603206	8.65692401209765	7.29336503161479	12.5987599282225	-3.07514501488551	-3.07514501488551	-3.07514501488551	-3.07514501488551	-3.07514501488551	-3.07514501488551	-3.07514501488551	-3.07514501488551	-3.07514501488551	-3.07514501488551	7.69420276072541	-3.07514501488551	-3.07514501488551	-3.07514501488551	-3.07514501488551	-3.07514501488551	-3.07514501488551	-3.07514501488551	-3.07514501488551	-3.07514501488551	-3.07514501488551	-3.07514501488551	-3.07514501488551	-3.07514501488551	-3.07514501488551	-3.07514501488551	-3.07514501488551	-3.07514501488551	-3.07514501488551	-3.07514501488551	-3.07514501488551	-3.07514501488551	-3.07514501488551	-3.07514501488551	8.77283024694658	-3.07514501488551	10.0819501694372	-3.07514501488551	-3.07514501488551	-3.07514501488551	-3.07514501488551	9.59350059575925	-3.07514501488551	-3.07514501488551	-3.07514501488551	-3.07514501488551	-3.07514501488551	-3.07514501488551	-3.07514501488551	-3.07514501488551	-3.07514501488551	-3.07514501488551	-3.07514501488551	-3.07514501488551	11.7937367122613	-3.07514501488551	-3.07514501488551	-3.07514501488551	-3.07514501488551	-3.07514501488551	-3.07514501488551	-3.07514501488551	-3.07514501488551	-3.07514501488551	-3.07514501488551	-3.07514501488551	-3.07514501488551	-3.07514501488551	-3.07514501488551	-3.07514501488551	13.140895614472	6.38991509183963	-3.07514501488551	-3.07514501488551	-3.07514501488551	-3.07514501488551	-3.07514501488551	-3.07514501488551	10.3976090015121	-3.07514501488551	6.83586417904946	6.62199464625381	8.4581809378424	-3.07514501488551	-3.07514501488551	11.7984929331812	8.93613462765528
CSM7KONK	-3.87620632742738	-3.87620632742738	-3.87620632742738	-3.87620632742738	4.63516997866729	-3.87620632742738	-3.87620632742738	-3.87620632742738	8.45000657333285	11.7825092242316	8.60382084750875	-3.87620632742738	-3.87620632742738	-3.87620632742738	10.9156739295027	-3.87620632742738	10.2490004536516	10.852133378035	8.21125731643038	10.8343145317011	11.9037712733012	12.7747633450794	10.9749735245378	6.15263552626145	-3.87620632742738	-3.87620632742738	8.67438112636719	9.95982326781681	-3.87620632742738	-3.87620632742738	10.0021015491608	8.7903592385974	8.6563639735768	8.30752356742305	11.164220481765	-3.87620632742738	8.14070744000957	-3.87620632742738	-3.87620632742738	-3.87620632742738	-3.87620632742738	-3.87620632742738	-3.87620632742738	-3.87620632742738	-3.87620632742738	6.15835334620247	-3.87620632742738	-3.87620632742738	-3.87620632742738	-3.87620632742738	-3.87620632742738	-3.87620632742738	-3.87620632742738	-3.87620632742738	-3.87620632742738	-3.87620632742738	-3.87620632742738	-3.87620632742738	-3.87620632742738	-3.87620632742738	-3.87620632742738	-3.87620632742738	-3.87620632742738	-3.87620632742738	-3.87620632742738	-3.87620632742738	-3.87620632742738	-3.87620632742738	-3.87620632742738	6.23798775631927	-3.87620632742738	7.61601630518365	-3.87620632742738	-3.87620632742738	-3.87620632742738	-3.87620632742738	9.15780877974365	8.41568156334532	2.7843688224123	-3.87620632742738	-3.87620632742738	-3.87620632742738	-3.87620632742738	-3.87620632742738	-3.87620632742738	-3.87620632742738	-3.87620632742738	-3.87620632742738	8.03577038743374	10.0428089252238	-3.87620632742738	-3.87620632742738	4.9427197596633	-3.87620632742738	-3.87620632742738	-3.87620632742738	-3.87620632742738	-3.87620632742738	-3.87620632742738	-3.87620632742738	-3.87620632742738	-3.87620632742738	-3.87620632742738	-3.87620632742738	-3.87620632742738	10.7667641858628	5.58807834501572	-3.87620632742738	-3.87620632742738	-3.87620632742738	-3.87620632742738	-3.87620632742738	-3.87620632742738	8.78533038330528	-3.87620632742738	6.74416934605049	4.8334237545239	8.78428348203713	-3.87620632742738	-3.87620632742738	10.634479852418	6.03777596220139
CSM7KOO9	-3.03434515637374	-3.03434515637374	-3.03434515637374	-3.03434515637374	-3.03434515637374	-3.03434515637374	-3.03434515637374	-3.03434515637374	11.0288150115096	-3.03434515637374	-3.03434515637374	-3.03434515637374	-3.03434515637374	-3.03434515637374	-3.03434515637374	-3.03434515637374	-3.03434515637374	11.8978864000261	-3.03434515637374	12.4325531842539	14.3927701323752	13.9519810577778	-3.03434515637374	-3.03434515637374	-3.03434515637374	-3.03434515637374	-3.03434515637374	9.47157649339134	-3.03434515637374	-3.03434515637374	-3.03434515637374	-3.03434515637374	-3.03434515637374	-3.03434515637374	-3.03434515637374	-3.03434515637374	12.7795163221439	-3.03434515637374	-3.03434515637374	-3.03434515637374	-3.03434515637374	-3.03434515637374	-3.03434515637374	-3.03434515637374	-3.03434515637374	-3.03434515637374	9.70886684980485	5.96168751295064	10.4989629551948	-3.03434515637374	-3.03434515637374	-3.03434515637374	-3.03434515637374	8.78202007391033	7.31706016852594	8.10230014644655	-3.03434515637374	-3.03434515637374	-3.03434515637374	-3.03434515637374	-3.03434515637374	8.69038784944683	-3.03434515637374	-3.03434515637374	-3.03434515637374	-3.03434515637374	8.57689506105748	-3.03434515637374	5.44846360818067	-3.03434515637374	-3.03434515637374	-3.03434515637374	-3.03434515637374	-3.03434515637374	-3.03434515637374	-3.03434515637374	10.7280715397855	-3.03434515637374	7.84088675622151	-3.03434515637374	-3.03434515637374	-3.03434515637374	-3.03434515637374	-3.03434515637374	-3.03434515637374	-3.03434515637374	4.23874743962579	-3.03434515637374	12.9540598311936	6.23435845889936	-3.03434515637374	9.77686552239217	11.7393582484448	-3.03434515637374	-3.03434515637374	-3.03434515637374	10.2887705495243	4.13654332213877	-3.03434515637374	-3.03434515637374	-3.03434515637374	-3.03434515637374	-3.03434515637374	-3.03434515637374	6.27230489573986	-3.03434515637374	9.01502104614702	-3.03434515637374	-3.03434515637374	-3.03434515637374	-3.03434515637374	-3.03434515637374	-3.03434515637374	9.61330270827666	-3.03434515637374	-3.03434515637374	-3.03434515637374	-3.03434515637374	-3.03434515637374	-3.03434515637374	5.7816184044797	11.4981028365186
CSM7KOOF	-3.79510164081378	-3.79510164081378	-3.79510164081378	-3.79510164081378	6.94109936334116	-3.79510164081378	-3.79510164081378	-3.79510164081378	10.4370849473713	-3.79510164081378	-3.79510164081378	-3.79510164081378	-3.79510164081378	-3.79510164081378	-3.79510164081378	-3.79510164081378	-3.79510164081378	11.3397861972674	-3.79510164081378	11.0310570114062	13.8084635948819	12.4025240633563	-3.79510164081378	-3.79510164081378	-3.79510164081378	-3.79510164081378	-3.79510164081378	9.27565470878329	-3.79510164081378	-3.79510164081378	-3.79510164081378	-3.79510164081378	-3.79510164081378	-3.79510164081378	-3.79510164081378	-3.79510164081378	11.342133023296	-3.79510164081378	-3.79510164081378	-3.79510164081378	-3.79510164081378	4.53600290723926	-3.79510164081378	6.74498919547043	-3.79510164081378	-3.79510164081378	9.28075905413877	-3.79510164081378	-3.79510164081378	-3.79510164081378	-3.79510164081378	-3.79510164081378	-3.79510164081378	9.48099690153203	8.02045115774372	8.03512052253432	-3.79510164081378	6.50349760775102	-3.79510164081378	-3.79510164081378	-3.79510164081378	6.58744219179936	-3.79510164081378	7.41848743656119	-3.79510164081378	-3.79510164081378	6.74578251051098	-3.79510164081378	-3.79510164081378	5.2863821090374	-3.79510164081378	-3.79510164081378	-3.79510164081378	6.83861209052372	-3.79510164081378	-3.79510164081378	9.20398840681421	-3.79510164081378	7.95865797007358	5.85998865293347	6.4566102496582	-3.79510164081378	-3.79510164081378	-3.79510164081378	-3.79510164081378	8.45470555362925	7.87603197558714	-3.79510164081378	12.8845639446341	7.99697712985386	-3.79510164081378	9.90922145778216	10.5248266541926	-3.79510164081378	-3.79510164081378	-3.79510164081378	8.69283996371639	5.56718698743446	-3.79510164081378	-3.79510164081378	-3.79510164081378	-3.79510164081378	-3.79510164081378	8.34824949847365	-3.79510164081378	-3.79510164081378	-3.79510164081378	-3.79510164081378	-3.79510164081378	-3.79510164081378	-3.79510164081378	-3.79510164081378	-3.79510164081378	9.21407288150685	-3.79510164081378	3.71203943891383	-3.79510164081378	-3.79510164081378	7.8339254470303	-3.79510164081378	5.27148382751727	10.96684119406
CSM7KOOH	-4.7032627432729	-4.7032627432729	-4.7032627432729	-4.7032627432729	-4.7032627432729	-4.7032627432729	-4.7032627432729	-4.7032627432729	10.2934046020195	10.1767519786249	7.57769007618644	-4.7032627432729	-4.7032627432729	-4.7032627432729	-4.7032627432729	9.45833156947111	11.1320894203224	8.11208894249749	-4.7032627432729	10.3218142454785	11.3507626502286	11.3744921515181	6.02024690215777	-4.7032627432729	-4.7032627432729	6.18381898634707	6.12410665558319	8.40603768410133	-4.7032627432729	-4.7032627432729	12.0981050400584	7.2221100638444	11.5241142169766	-4.7032627432729	9.26639363736398	8.36304020552031	-4.7032627432729	-4.7032627432729	2.42843576719401	-4.7032627432729	-4.7032627432729	-4.7032627432729	-4.7032627432729	3.92922149247807	-4.7032627432729	-4.7032627432729	6.02288594835525	-4.7032627432729	8.87040680016213	-4.7032627432729	-4.7032627432729	-4.7032627432729	-4.7032627432729	-4.7032627432729	-4.7032627432729	-4.7032627432729	-4.7032627432729	-4.7032627432729	-4.7032627432729	4.72629347667951	-4.7032627432729	4.93306406003219	-4.7032627432729	5.60638967248566	-4.7032627432729	-4.7032627432729	7.50431377087978	-4.7032627432729	-4.7032627432729	-4.7032627432729	-4.7032627432729	-4.7032627432729	-4.7032627432729	-4.7032627432729	-4.7032627432729	7.81685757731478	5.34782551332879	9.35196604397647	7.14742698044123	8.77693031110927	8.32913435024681	-4.7032627432729	9.51452852464797	-4.7032627432729	-4.7032627432729	-4.7032627432729	-4.7032627432729	-4.7032627432729	11.0021907561052	-4.7032627432729	-4.7032627432729	-4.7032627432729	9.12067322106175	-4.7032627432729	10.7354448349739	-4.7032627432729	-4.7032627432729	5.63818937546198	-4.7032627432729	-4.7032627432729	-4.7032627432729	-4.7032627432729	-4.7032627432729	7.24021711167968	-4.7032627432729	-4.7032627432729	8.06906361037288	-4.7032627432729	-4.7032627432729	-4.7032627432729	-4.7032627432729	5.80320108131187	-4.7032627432729	9.34448667796891	-4.7032627432729	6.85148581495099	-4.7032627432729	-4.7032627432729	5.53601824412207	-4.7032627432729	6.53101967389622	10.9681615124761
CSM7KOOR	0	0	0	0	0	0	0	0	0	0	0	0	0	0	0	0	0	0	0	0	0	0	0	0	0	0	0	0	0	0	0	0	0	0	0	0	0	0	0	0	0	0	0	0	0	0	0	0	0	0	0	0	0	0	0	0	0	0	0	0	0	0	0	0	0	0	0	0	0	0	0	0	0	0	0	0	0	0	0	0	0	0	0	0	0	0	0	0	0	0	0	0	0	0	0	0	0	0	0	0	0	0	0	0	0	0	0	0	0	0	0	0	0	0	0	0	0	0	0	0	0	0
CSM7KOOV	8.9291221119744	-3.3447540313515	5.61468611226543	-3.3447540313515	-3.3447540313515	-3.3447540313515	-3.3447540313515	5.98078827031337	12.9722368216311	-3.3447540313515	13.2692548644966	-3.3447540313515	-3.3447540313515	-3.3447540313515	-3.3447540313515	-3.3447540313515	-3.3447540313515	13.3904006919138	-3.3447540313515	-3.3447540313515	-3.3447540313515	14.1750633889307	11.8350355692399	-3.3447540313515	-3.3447540313515	-3.3447540313515	-3.3447540313515	-3.3447540313515	-3.3447540313515	-3.3447540313515	-3.3447540313515	-3.3447540313515	-3.3447540313515	-3.3447540313515	-3.3447540313515	-3.3447540313515	-3.3447540313515	-3.3447540313515	-3.3447540313515	-3.3447540313515	-3.3447540313515	-3.3447540313515	-3.3447540313515	-3.3447540313515	5.35825460611295	-3.3447540313515	8.55350866154173	-3.3447540313515	-3.3447540313515	-3.3447540313515	-3.3447540313515	-3.3447540313515	-3.3447540313515	-3.3447540313515	-3.3447540313515	-3.3447540313515	8.77734443840222	8.10864433430408	8.07354202203913	-3.3447540313515	-3.3447540313515	-3.3447540313515	-3.3447540313515	-3.3447540313515	8.41862660395435	-3.3447540313515	-3.3447540313515	-3.3447540313515	-3.3447540313515	8.73502383116152	-3.3447540313515	6.19424239604589	8.19676860859641	9.68213535283182	8.20432012524982	-3.3447540313515	11.6044852842012	9.6812327978798	-3.3447540313515	-3.3447540313515	-3.3447540313515	8.09679357745837	-3.3447540313515	-3.3447540313515	5.7909705472439	-3.3447540313515	6.6032765839353	-3.3447540313515	9.75188324960194	10.101591042505	-3.3447540313515	-3.3447540313515	-3.3447540313515	5.77795659066371	-3.3447540313515	-3.3447540313515	-3.3447540313515	10.6166137678967	-3.3447540313515	-3.3447540313515	-3.3447540313515	-3.3447540313515	-3.3447540313515	-3.3447540313515	6.21278654060087	-3.3447540313515	-3.3447540313515	7.84853074834874	-3.3447540313515	-3.3447540313515	-3.3447540313515	-3.3447540313515	-3.3447540313515	9.45900335334309	-3.3447540313515	-3.3447540313515	8.00059266587892	5.08709911289772	-3.3447540313515	-3.3447540313515	5.23654008547126	-3.3447540313515
CSM7KOP8	-5.15596716840844	-5.15596716840844	-5.15596716840844	-5.15596716840844	5.98155186573682	-5.15596716840844	-5.15596716840844	-5.15596716840844	-5.15596716840844	9.90028611784157	8.0174143655365	-5.15596716840844	-5.15596716840844	-5.15596716840844	-5.15596716840844	-5.15596716840844	9.3847612634594	9.87865236193801	11.4739103090083	9.60480673247757	11.7764095672194	10.7315449480715	8.45341795512958	-5.15596716840844	-5.15596716840844	-5.15596716840844	-5.15596716840844	-5.15596716840844	-5.15596716840844	-5.15596716840844	10.364118921452	-5.15596716840844	10.2685674163511	6.52383621186189	9.58485372225861	-5.15596716840844	9.47176210862904	-5.15596716840844	-5.15596716840844	-5.15596716840844	-5.15596716840844	-5.15596716840844	-5.15596716840844	5.69571667701283	-5.15596716840844	2.76738104352172	1.83888281742463	-5.15596716840844	8.94472308366892	2.85737601297824	-5.15596716840844	7.67194729301367	-5.15596716840844	5.45877758385995	-5.15596716840844	-5.15596716840844	-5.15596716840844	5.66002395374727	2.54523301244901	5.78622342004189	-5.15596716840844	6.06286907543337	3.34122737650111	6.29785564096697	-5.15596716840844	-5.15596716840844	6.45654115364829	-5.15596716840844	-5.15596716840844	-5.15596716840844	-5.15596716840844	-5.15596716840844	-5.15596716840844	-5.15596716840844	-5.15596716840844	7.31772896452295	8.76786043038276	7.8804700611139	6.86504617612379	8.12050860237595	6.22343833244339	-5.15596716840844	6.24301662341613	1.97573134205847	-5.15596716840844	1.87489030770768	-5.15596716840844	-5.15596716840844	10.3586448422167	3.55035767173031	-5.15596716840844	1.74274736592155	11.0442116608927	0.14733773965064	7.34553620108273	8.45511241085971	2.05263316955176	4.31835154932029	-5.15596716840844	-5.15596716840844	-5.15596716840844	-5.15596716840844	-5.15596716840844	-5.15596716840844	-5.15596716840844	-5.15596716840844	5.92941627693254	-5.15596716840844	-5.15596716840844	-5.15596716840844	-5.15596716840844	-5.15596716840844	-5.15596716840844	4.63048082202634	-5.15596716840844	4.2258865616451	-5.15596716840844	-5.15596716840844	2.80992556667609	2.593786237866	7.68488439462217	5.64709212939497
CSM7KOPE	-4.91408413790212	-4.91408413790212	-4.91408413790212	-4.91408413790212	-4.91408413790212	-4.91408413790212	-4.91408413790212	-4.91408413790212	-4.91408413790212	11.1922911977042	8.6143721505009	-4.91408413790212	-4.91408413790212	-4.91408413790212	-4.91408413790212	-4.91408413790212	9.97516217089335	11.778867209972	8.87880343930556	10.3543300474712	12.1458090040623	11.1536936375298	9.19510373507891	-4.91408413790212	-4.91408413790212	-4.91408413790212	-4.91408413790212	-4.91408413790212	-4.91408413790212	-4.91408413790212	10.5072239142071	-4.91408413790212	10.5527777631833	6.91205224773363	9.52830077645006	-4.91408413790212	9.38330365324749	-4.91408413790212	-4.91408413790212	-4.91408413790212	-4.91408413790212	-4.91408413790212	-4.91408413790212	5.24833873004628	-4.91408413790212	3.5541288712924	5.41241370195793	-4.91408413790212	6.91431607997931	-4.91408413790212	-4.91408413790212	7.57878643934258	-4.91408413790212	3.19994130445464	-4.91408413790212	3.73606528076275	-4.91408413790212	3.27765588337534	4.75120967527342	4.76319266427033	-4.91408413790212	3.62897171303985	-4.91408413790212	6.05050419529183	-4.91408413790212	-4.91408413790212	7.26292523259263	-4.91408413790212	-4.91408413790212	3.54144639312201	-4.91408413790212	-4.91408413790212	-4.91408413790212	-4.91408413790212	-4.91408413790212	8.01087896814625	10.3288101799466	7.17988866698209	8.77110244958396	5.45975073481125	5.97728896333086	-4.91408413790212	6.6186537582378	-4.91408413790212	-4.91408413790212	-4.91408413790212	5.42639948902152	-4.91408413790212	10.145221006863	3.04484235514799	-4.91408413790212	5.01023492421395	9.05734496486629	2.26446134586158	4.86502995979426	8.91721216695629	5.62627120666274	3.8296069726409	4.89019062956242	-4.91408413790212	-4.91408413790212	-4.91408413790212	-4.91408413790212	-4.91408413790212	-4.91408413790212	-4.91408413790212	5.73966317465019	-4.91408413790212	-4.91408413790212	-4.91408413790212	-4.91408413790212	-4.91408413790212	-4.91408413790212	4.96002609592334	-4.91408413790212	3.45019094708941	2.75960399136561	-4.91408413790212	-4.91408413790212	-4.91408413790212	7.4753137272506	-4.91408413790212
CSM7KOPI	-3.48398533836506	-3.48398533836506	6.06146920562276	-3.48398533836506	-3.48398533836506	-3.48398533836506	-3.48398533836506	-3.48398533836506	11.9091568320598	10.6411333984628	13.3481855163655	-3.48398533836506	-3.48398533836506	-3.48398533836506	-3.48398533836506	-3.48398533836506	-3.48398533836506	12.0299059925072	-3.48398533836506	11.3787357869492	14.0243541392963	6.41303132304075	-3.48398533836506	-3.48398533836506	-3.48398533836506	-3.48398533836506	-3.48398533836506	-3.48398533836506	-3.48398533836506	-3.48398533836506	-3.48398533836506	-3.48398533836506	-3.48398533836506	-3.48398533836506	12.9561663476171	-3.48398533836506	-3.48398533836506	-3.48398533836506	-3.48398533836506	-3.48398533836506	-3.48398533836506	-3.48398533836506	-3.48398533836506	7.0336332433016	7.62368999538781	9.84781366457477	-3.48398533836506	3.57305164333283	-3.48398533836506	-3.48398533836506	-3.48398533836506	9.86663011957008	-3.48398533836506	-3.48398533836506	8.53153799503253	8.33878233935192	-3.48398533836506	7.51429053411468	4.56831116117358	8.59760626486089	-3.48398533836506	-3.48398533836506	-3.48398533836506	7.90497426662177	6.92845608730426	-3.48398533836506	11.1177077217071	-3.48398533836506	7.59370114312889	8.32102001447492	-3.48398533836506	5.50583304300186	-3.48398533836506	-3.48398533836506	6.59139457547448	-3.48398533836506	9.32924349905306	-3.48398533836506	-3.48398533836506	10.2906313474958	-3.48398533836506	-3.48398533836506	-3.48398533836506	-3.48398533836506	-3.48398533836506	-3.48398533836506	6.75063881298847	-3.48398533836506	11.5805156524506	10.3519854737487	-3.48398533836506	9.55138338918246	-3.48398533836506	-3.48398533836506	-3.48398533836506	-3.48398533836506	-3.48398533836506	6.19954109354815	-3.48398533836506	-3.48398533836506	-3.48398533836506	-3.48398533836506	3.12401528693102	-3.48398533836506	-3.48398533836506	-3.48398533836506	-3.48398533836506	7.70819752802689	-3.48398533836506	-3.48398533836506	-3.48398533836506	-3.48398533836506	-3.48398533836506	-3.48398533836506	-3.48398533836506	-3.48398533836506	-3.48398533836506	-3.48398533836506	-3.48398533836506	-3.48398533836506	-3.48398533836506	-3.48398533836506
CSM7KOPS	-4.09609866037325	-4.09609866037325	-4.09609866037325	-4.09609866037325	8.06409233715062	-4.09609866037325	-4.09609866037325	-4.09609866037325	10.9759679489577	-4.09609866037325	-4.09609866037325	-4.09609866037325	-4.09609866037325	-4.09609866037325	-4.09609866037325	9.2987788354769	-4.09609866037325	11.1683713855156	-4.09609866037325	11.4130532651561	12.4024397000628	12.2751451476683	12.5007411226024	-4.09609866037325	-4.09609866037325	-4.09609866037325	-4.09609866037325	10.7099566766637	-4.09609866037325	-4.09609866037325	7.13950422020623	4.61022617976549	-4.09609866037325	-4.09609866037325	11.1067509628175	-4.09609866037325	-4.09609866037325	-4.09609866037325	8.80855885465257	7.00571075997996	-4.09609866037325	6.09034732577824	-4.09609866037325	-4.09609866037325	9.15825917918281	-4.09609866037325	5.92031571101809	-4.09609866037325	-4.09609866037325	-4.09609866037325	-4.09609866037325	-4.09609866037325	-4.09609866037325	-4.09609866037325	-4.09609866037325	-4.09609866037325	-4.09609866037325	9.62400281289577	-4.09609866037325	-4.09609866037325	-4.09609866037325	8.36038634002525	-4.09609866037325	-4.09609866037325	-4.09609866037325	-4.09609866037325	-4.09609866037325	5.60838902231611	-4.09609866037325	7.5461957964382	2.8802494100745	7.85676419037464	7.27354517538481	-4.09609866037325	9.97609930995058	-4.09609866037325	-4.09609866037325	-4.09609866037325	-4.09609866037325	-4.09609866037325	-4.09609866037325	-4.09609866037325	-4.09609866037325	-4.09609866037325	-4.09609866037325	-4.09609866037325	-4.09609866037325	-4.09609866037325	12.4229814756773	10.5577285473763	2.6265311344822	-4.09609866037325	-4.09609866037325	-4.09609866037325	-4.09609866037325	-4.09609866037325	-4.09609866037325	-4.09609866037325	-4.09609866037325	-4.09609866037325	-4.09609866037325	6.33125906464966	-4.09609866037325	-4.09609866037325	-4.09609866037325	-4.09609866037325	-4.09609866037325	9.26561384577222	10.8654359405405	8.58066800103096	6.91827554170638	7.40547258875827	4.47197774135756	10.6376092107834	-4.09609866037325	6.84432079355695	-4.09609866037325	5.99887664407307	7.40253516388011	-4.09609866037325	7.77695278684696	-4.09609866037325
CSM7KOQ1	-2.8822230493414	-2.8822230493414	-2.8822230493414	-2.8822230493414	9.65971807915885	-2.8822230493414	-2.8822230493414	-2.8822230493414	12.860405180009	-2.8822230493414	-2.8822230493414	-2.8822230493414	-2.8822230493414	-2.8822230493414	-2.8822230493414	9.9219743055523	-2.8822230493414	10.4471886432057	-2.8822230493414	12.2304448715839	12.4754077884306	13.7776694859461	12.191234445676	-2.8822230493414	-2.8822230493414	-2.8822230493414	-2.8822230493414	10.7043157562924	-2.8822230493414	-2.8822230493414	-2.8822230493414	-2.8822230493414	-2.8822230493414	-2.8822230493414	11.0219492729738	-2.8822230493414	-2.8822230493414	-2.8822230493414	-2.8822230493414	-2.8822230493414	-2.8822230493414	-2.8822230493414	-2.8822230493414	-2.8822230493414	8.42270606406146	-2.8822230493414	-2.8822230493414	-2.8822230493414	-2.8822230493414	-2.8822230493414	-2.8822230493414	-2.8822230493414	-2.8822230493414	-2.8822230493414	-2.8822230493414	-2.8822230493414	-2.8822230493414	11.8833228331886	10.0256368436403	-2.8822230493414	-2.8822230493414	10.6468459996872	-2.8822230493414	-2.8822230493414	-2.8822230493414	-2.8822230493414	10.791033613912	-2.8822230493414	-2.8822230493414	-2.8822230493414	-2.8822230493414	9.42523672840338	-2.8822230493414	-2.8822230493414	9.57570110243971	12.2256807217867	-2.8822230493414	-2.8822230493414	-2.8822230493414	10.5059463551722	-2.8822230493414	-2.8822230493414	-2.8822230493414	-2.8822230493414	-2.8822230493414	-2.8822230493414	-2.8822230493414	-2.8822230493414	13.375585934115	8.02558442724219	-2.8822230493414	-2.8822230493414	-2.8822230493414	-2.8822230493414	-2.8822230493414	-2.8822230493414	-2.8822230493414	-2.8822230493414	-2.8822230493414	-2.8822230493414	-2.8822230493414	-2.8822230493414	-2.8822230493414	-2.8822230493414	-2.8822230493414	-2.8822230493414	-2.8822230493414	8.12488091698429	-2.8822230493414	-2.8822230493414	-2.8822230493414	10.1564782450121	-2.8822230493414	11.4724912378822	-2.8822230493414	8.24696455214041	-2.8822230493414	-2.8822230493414	-2.8822230493414	-2.8822230493414	8.49900933227794	-2.8822230493414
CSM7KORK	5.98767881397379	-5.73955932463589	5.81153822694786	-5.73955932463589	6.22202482852925	-5.73955932463589	-5.73955932463589	3.4877364879897	-5.73955932463589	8.55474796469038	5.33967129638447	-5.73955932463589	-5.73955932463589	-5.73955932463589	-5.73955932463589	5.40333091540805	9.38489764847412	8.88174874416457	9.24018926439478	9.20633702208684	10.1781568217934	11.7196358909356	9.16736131492307	-5.73955932463589	-5.73955932463589	5.49114910731361	5.27514409013456	-5.73955932463589	-5.73955932463589	-5.73955932463589	1.56091348963191	4.53207215094212	4.06912292062632	-5.73955932463589	9.52391461187017	-5.73955932463589	2.07685765905591	-5.73955932463589	-5.73955932463589	-5.73955932463589	-5.73955932463589	-5.73955932463589	-5.73955932463589	5.47443435987107	-5.73955932463589	-5.73955932463589	7.53176012107571	-5.73955932463589	3.43629311688162	6.48155463108875	2.33477836945362	6.83676912604096	9.38997620030445	6.83732141962665	-5.73955932463589	5.7767703394679	-5.73955932463589	-5.73955932463589	-5.73955932463589	6.13662635371193	5.0901890924117	-5.73955932463589	6.11120173287765	6.67539972030153	-5.73955932463589	-5.73955932463589	7.85417050295172	-5.73955932463589	-5.73955932463589	-5.73955932463589	3.24525967124011	-5.73955932463589	-5.73955932463589	5.77876155885124	-5.73955932463589	-5.73955932463589	9.80853042259261	8.69566229291512	6.11055954542247	8.68696113913992	7.74462513260663	-5.73955932463589	6.21027177427682	-5.73955932463589	-5.73955932463589	1.98400314764208	-5.73955932463589	-5.73955932463589	8.99080933948419	7.07489478290334	-5.73955932463589	-5.73955932463589	5.0978820449799	-5.73955932463589	5.3076891377261	-5.73955932463589	4.19013189339687	4.81732055267812	-5.73955932463589	-5.73955932463589	-5.73955932463589	-5.73955932463589	-5.73955932463589	-5.73955932463589	-5.73955932463589	2.60589610352603	4.21085952258467	-5.73955932463589	-5.73955932463589	3.08673490660542	-5.73955932463589	-5.73955932463589	-5.73955932463589	4.81288838357051	-5.73955932463589	2.77583224483372	5.9126149075794	4.98461073555924	4.47071415415109	-5.73955932463589	7.90724970145989	-5.73955932463589
CSM7KORU	-3.46036640591544	-3.46036640591544	6.36142290263618	-3.46036640591544	-3.46036640591544	6.27889487809582	-3.46036640591544	-3.46036640591544	11.7105696857187	-3.46036640591544	5.93154524146399	-3.46036640591544	-3.46036640591544	-3.46036640591544	12.2517201389947	-3.46036640591544	-3.46036640591544	12.5782271662032	12.4275058154319	12.0439829046651	9.23281584876328	14.1542909361927	8.25223744415801	-3.46036640591544	-3.46036640591544	-3.46036640591544	-3.46036640591544	-3.46036640591544	-3.46036640591544	-3.46036640591544	-3.46036640591544	-3.46036640591544	-3.46036640591544	-3.46036640591544	12.1437421290226	-3.46036640591544	10.9305719824244	-3.46036640591544	4.51244437820596	-3.46036640591544	-3.46036640591544	-3.46036640591544	-3.46036640591544	-3.46036640591544	-3.46036640591544	-3.46036640591544	5.40903175396808	-3.46036640591544	10.2916088608411	6.64365092306331	-3.46036640591544	-3.46036640591544	-3.46036640591544	7.29201059689933	-3.46036640591544	6.59545589292397	-3.46036640591544	-3.46036640591544	-3.46036640591544	8.86956411931847	-3.46036640591544	-3.46036640591544	6.86744072024338	6.9059427970882	-3.46036640591544	-3.46036640591544	5.25420114492104	-3.46036640591544	-3.46036640591544	-3.46036640591544	-3.46036640591544	-3.46036640591544	-3.46036640591544	-3.46036640591544	-3.46036640591544	-3.46036640591544	9.59290623807076	8.04181151050802	7.43435236115836	-3.46036640591544	-3.46036640591544	-3.46036640591544	-3.46036640591544	-3.46036640591544	-3.46036640591544	4.88508902224649	-3.46036640591544	-3.46036640591544	12.4249571123586	11.2529209538997	-3.46036640591544	-3.46036640591544	-3.46036640591544	8.25469141304619	-3.46036640591544	-3.46036640591544	-3.46036640591544	-3.46036640591544	-3.46036640591544	-3.46036640591544	-3.46036640591544	-3.46036640591544	-3.46036640591544	-3.46036640591544	-3.46036640591544	-3.46036640591544	-3.46036640591544	-3.46036640591544	4.83642945985461	-3.46036640591544	-3.46036640591544	5.87404828116267	-3.46036640591544	8.4812262385542	-3.46036640591544	6.63831779588394	-3.46036640591544	-3.46036640591544	-3.46036640591544	-3.46036640591544	10.3962486666565	-3.46036640591544
CSM7KOSP	9.76166839851928	-2.62818723539329	-2.62818723539329	-2.62818723539329	-2.62818723539329	-2.62818723539329	-2.62818723539329	-2.62818723539329	-2.62818723539329	-2.62818723539329	-2.62818723539329	-2.62818723539329	-2.62818723539329	-2.62818723539329	-2.62818723539329	13.7368224764144	-2.62818723539329	13.8436577540906	8.63397936122974	-2.62818723539329	7.38956606327118	6.6693394982618	-2.62818723539329	-2.62818723539329	-2.62818723539329	-2.62818723539329	-2.62818723539329	-2.62818723539329	-2.62818723539329	-2.62818723539329	-2.62818723539329	-2.62818723539329	-2.62818723539329	-2.62818723539329	-2.62818723539329	-2.62818723539329	-2.62818723539329	-2.62818723539329	-2.62818723539329	-2.62818723539329	-2.62818723539329	-2.62818723539329	-2.62818723539329	-2.62818723539329	-2.62818723539329	-2.62818723539329	-2.62818723539329	-2.62818723539329	-2.62818723539329	-2.62818723539329	-2.62818723539329	9.77036767169346	-2.62818723539329	11.5644445101698	-2.62818723539329	-2.62818723539329	-2.62818723539329	11.4376157843776	11.0551521472884	11.6358294014496	-2.62818723539329	-2.62818723539329	-2.62818723539329	10.8283757982766	-2.62818723539329	-2.62818723539329	-2.62818723539329	-2.62818723539329	-2.62818723539329	11.4734123768428	-2.62818723539329	12.4096214871006	-2.62818723539329	-2.62818723539329	-2.62818723539329	-2.62818723539329	12.8221913316848	13.5849822947253	-2.62818723539329	13.6272030557824	-2.62818723539329	-2.62818723539329	-2.62818723539329	-2.62818723539329	-2.62818723539329	-2.62818723539329	-2.62818723539329	-2.62818723539329	8.25345725269275	10.3855681367401	-2.62818723539329	-2.62818723539329	-2.62818723539329	-2.62818723539329	-2.62818723539329	-2.62818723539329	-2.62818723539329	-2.62818723539329	-2.62818723539329	-2.62818723539329	-2.62818723539329	-2.62818723539329	-2.62818723539329	-2.62818723539329	-2.62818723539329	-2.62818723539329	-2.62818723539329	-2.62818723539329	12.4871582452642	-2.62818723539329	-2.62818723539329	12.2184491046147	-2.62818723539329	-2.62818723539329	-2.62818723539329	-2.62818723539329	-2.62818723539329	13.9675633860013	-2.62818723539329	-2.62818723539329	-2.62818723539329	12.6341107674448
CSM7KOSV	-3.897097983807	-3.897097983807	-3.897097983807	-3.897097983807	-3.897097983807	-3.897097983807	-3.897097983807	-3.897097983807	11.0487886756091	-3.897097983807	12.7019827167818	-3.897097983807	-3.897097983807	-3.897097983807	-3.897097983807	9.36292251369175	-3.897097983807	8.80230106331737	12.7619064799159	10.5618919805608	13.0416203591969	-3.897097983807	10.0999429847442	11.3476014207037	6.55972855584435	-3.897097983807	-3.897097983807	9.8440133288184	-3.897097983807	-3.897097983807	11.6800737673206	7.22782402711618	11.6079530693954	8.46658079316654	9.89097046014976	-3.897097983807	10.7221216696139	-3.897097983807	-3.897097983807	-3.897097983807	-3.897097983807	-3.897097983807	-3.897097983807	4.81253209814428	-3.897097983807	4.867111523335	6.23077235187828	-3.897097983807	7.2956359910157	-3.897097983807	-3.897097983807	6.18374045886966	-3.897097983807	-3.897097983807	-3.897097983807	-3.897097983807	-3.897097983807	5.89774589161238	-3.897097983807	6.14314700208398	-3.897097983807	-3.897097983807	-3.897097983807	6.17321670456443	-3.897097983807	-3.897097983807	6.8353997964931	-3.897097983807	-3.897097983807	-3.897097983807	-3.897097983807	-3.897097983807	-3.897097983807	-3.897097983807	-3.897097983807	-3.897097983807	-3.897097983807	7.42455801092785	9.0447526000045	8.92291899016548	6.57654957054022	-3.897097983807	8.31897944653924	5.00003735848631	-3.897097983807	5.30732491440514	-3.897097983807	-3.897097983807	10.2632221016364	-3.897097983807	-3.897097983807	-3.897097983807	9.78467658917659	-3.897097983807	-3.897097983807	-3.897097983807	6.3514321179381	-3.897097983807	-3.897097983807	-3.897097983807	-3.897097983807	-3.897097983807	-3.897097983807	-3.897097983807	-3.897097983807	-3.897097983807	-3.897097983807	-3.897097983807	-3.897097983807	-3.897097983807	-3.897097983807	-3.897097983807	-3.897097983807	-3.897097983807	6.8319018370444	-3.897097983807	3.91528022218161	-3.897097983807	-3.897097983807	-3.897097983807	-3.897097983807	5.5499732129919
CSM7KOTK	3.89750375069747	-5.21643584699236	-5.21643584699236	-5.21643584699236	3.89750375069747	-5.21643584699236	-5.21643584699236	-5.21643584699236	5.40100591078471	11.15027310972	-5.21643584699236	-5.21643584699236	-5.21643584699236	-5.21643584699236	9.09159236188905	-5.21643584699236	9.02248516714491	8.60757944299496	6.56865949604912	10.2564645315751	9.9138975061784	10.8789315632332	10.6594418626264	3.94796529304238	-5.21643584699236	-5.21643584699236	6.99019164458227	9.16049515524936	-5.21643584699236	-5.21643584699236	10.5255385720918	8.48650046100699	7.4183007211485	7.60125120349086	9.82452256684205	-5.21643584699236	6.16010845432468	-5.21643584699236	-5.21643584699236	-5.21643584699236	4.77235746212287	-5.21643584699236	-5.21643584699236	-5.21643584699236	4.09655136194397	7.87511980859495	-5.21643584699236	-5.21643584699236	1.39156477830373	4.65715934767873	-5.21643584699236	-5.21643584699236	-5.21643584699236	3.60249024009832	-5.21643584699236	-5.21643584699236	-5.21643584699236	4.28814007640545	-5.21643584699236	-5.21643584699236	-5.21643584699236	2.01412730641693	-5.21643584699236	5.13273062326524	-5.21643584699236	-5.21643584699236	4.24318354990266	-5.21643584699236	-5.21643584699236	7.77932294908465	2.41935101440322	9.34601428556691	4.58341193078401	-5.21643584699236	-5.21643584699236	7.96559357529324	7.54386955247964	7.32860947787353	6.93592479194911	-5.21643584699236	5.27013287249016	-5.21643584699236	-5.21643584699236	4.26018419117517	-5.21643584699236	-5.21643584699236	-5.21643584699236	4.73826749692804	-5.21643584699236	8.39256824268557	-5.21643584699236	-5.21643584699236	-5.21643584699236	-5.21643584699236	-5.21643584699236	-5.21643584699236	-5.21643584699236	7.13956859136345	-5.21643584699236	-5.21643584699236	-5.21643584699236	-5.21643584699236	-5.21643584699236	8.64892241099123	-5.21643584699236	11.3398780245459	5.87992817260196	-5.21643584699236	-5.21643584699236	-5.21643584699236	-5.21643584699236	-5.21643584699236	-5.21643584699236	8.04690786068584	-5.21643584699236	4.00691946206132	5.2449803567784	6.16889485436249	-5.21643584699236	-5.21643584699236	9.16893555294488	6.19225069532161
CSM7KOTU	-4.34847299088837	6.96589177323681	10.7842205675464	-4.34847299088837	9.26275379675717	-4.34847299088837	-4.34847299088837	-4.34847299088837	9.71540510197303	5.48142184134438	8.19142911649376	-4.34847299088837	-4.34847299088837	-4.34847299088837	-4.34847299088837	-4.34847299088837	6.2719026825895	11.09087747116	12.6184359858449	6.33068598371231	10.9353452314314	11.8362350604825	3.02364503744941	-4.34847299088837	-4.34847299088837	-4.34847299088837	-4.34847299088837	6.60899552617027	-4.34847299088837	-4.34847299088837	-4.34847299088837	-4.34847299088837	-4.34847299088837	-4.34847299088837	10.0438649534194	-4.34847299088837	-4.34847299088837	-4.34847299088837	-4.34847299088837	-4.34847299088837	-4.34847299088837	-4.34847299088837	6.94069623511289	-4.34847299088837	-4.34847299088837	-4.34847299088837	6.07947678293665	-4.34847299088837	10.9568134045645	-4.34847299088837	-4.34847299088837	-4.34847299088837	9.49446886506592	7.41490764441748	-4.34847299088837	8.13727853683119	-4.34847299088837	6.26307498494	5.14410968478922	-4.34847299088837	-4.34847299088837	-4.34847299088837	-4.34847299088837	10.1589394726026	-4.34847299088837	-4.34847299088837	-4.34847299088837	-4.34847299088837	-4.34847299088837	6.16099580782014	-4.34847299088837	-4.34847299088837	-4.34847299088837	6.54066343162422	-4.34847299088837	-4.34847299088837	11.0657139817499	-4.34847299088837	7.15340163789477	-4.34847299088837	-4.34847299088837	-4.34847299088837	-4.34847299088837	-4.34847299088837	-4.34847299088837	-4.34847299088837	7.54870075538494	-4.34847299088837	12.5388421072933	7.68033130884439	2.397939137685	-4.34847299088837	-4.34847299088837	5.40483100238161	-4.34847299088837	-4.34847299088837	6.40219098609048	-4.34847299088837	-4.34847299088837	4.36445144423174	-4.34847299088837	-4.34847299088837	6.99403181978622	9.9858081459359	9.54724426130291	10.8281271907419	-4.34847299088837	7.65597906372733	-4.34847299088837	-4.34847299088837	-4.34847299088837	-4.34847299088837	-4.34847299088837	7.38102246682463	-4.34847299088837	-4.34847299088837	-4.34847299088837	-4.34847299088837	-4.34847299088837	3.79794633220963	10.3302696577807	-4.34847299088837
CSM7KOU9	-5.6603245980889	-5.6603245980889	-5.6603245980889	-5.6603245980889	3.96944953122285	-5.6603245980889	-5.6603245980889	-5.6603245980889	-5.6603245980889	9.39882197559165	10.2472069228244	-5.6603245980889	-5.6603245980889	-5.6603245980889	-5.6603245980889	-5.6603245980889	9.25887898637496	9.32644784826509	9.7055829582656	9.36579896916223	11.6153259534897	9.19281287416367	6.68928979387003	-5.6603245980889	-5.6603245980889	-5.6603245980889	-5.6603245980889	-5.6603245980889	-5.6603245980889	-5.6603245980889	10.4599966743355	-5.6603245980889	9.86389184606815	6.33051686064774	9.75658786995971	-5.6603245980889	7.15211382456565	-5.6603245980889	-5.6603245980889	-5.6603245980889	-5.6603245980889	-5.6603245980889	-5.6603245980889	5.91661737679475	-5.6603245980889	5.03549914604617	5.11719315760678	5.71392483469223	8.49749186182023	5.24711651773516	-5.6603245980889	6.70901844451655	-5.6603245980889	5.92502384880745	-5.6603245980889	5.71667804564087	-5.6603245980889	5.29260250577412	-5.6603245980889	7.23561736166234	3.38407924634265	7.13962998724432	4.86188288111923	6.52662129169246	-5.6603245980889	-5.6603245980889	7.1373081395592	-5.6603245980889	-5.6603245980889	1.81897503969394	0.877815225678773	-5.6603245980889	-5.6603245980889	-5.6603245980889	-5.6603245980889	7.53568135747588	8.07481178060453	3.61870193167573	5.35881261269964	5.09887531343545	-5.6603245980889	-5.6603245980889	4.12330902597175	5.59176842856886	-5.6603245980889	4.95392900709563	5.42689733653216	-5.6603245980889	9.58801102975481	5.96486648733507	3.71306956032358	2.75616388920571	-5.6603245980889	4.62368625225119	9.4466230636061	7.23411130325888	4.110259935783	6.37050736200186	-5.6603245980889	-5.6603245980889	-5.6603245980889	-5.6603245980889	-5.6603245980889	-5.6603245980889	3.11321478546927	-5.6603245980889	7.00803762474719	-5.6603245980889	-5.6603245980889	-5.6603245980889	-5.6603245980889	-5.6603245980889	-5.6603245980889	5.71461384839641	-5.6603245980889	4.36498227776833	5.10944377856711	-5.6603245980889	-5.6603245980889	-5.6603245980889	8.53490308201588	-5.6603245980889
CSM7KOUL	8.28168335184937	-4.44499988809407	2.52196725051992	-4.44499988809407	-4.44499988809407	6.06228437081994	-4.44499988809407	-4.44499988809407	10.0138271701115	-4.44499988809407	11.1398167716927	12.6659656481499	-4.44499988809407	-4.44499988809407	10.6179627031399	-4.44499988809407	-4.44499988809407	9.32380787562756	-4.44499988809407	10.7412092972951	12.4658321822557	12.3474729337948	9.70755488573724	-4.44499988809407	-4.44499988809407	-4.44499988809407	-4.44499988809407	-4.44499988809407	-4.44499988809407	-4.44499988809407	-4.44499988809407	4.81517771872929	-4.44499988809407	-4.44499988809407	10.5293587989067	-4.44499988809407	4.96999414588248	-4.44499988809407	-4.44499988809407	-4.44499988809407	-4.44499988809407	-4.44499988809407	-4.44499988809407	-4.44499988809407	-4.44499988809407	-4.44499988809407	6.23783547675986	-4.44499988809407	9.12789246247138	-4.44499988809407	6.77812125404328	8.0247861114729	6.79626120011759	7.27600422015748	-4.44499988809407	-4.44499988809407	-4.44499988809407	-4.44499988809407	-4.44499988809407	3.93316109462661	-4.44499988809407	6.79534227545725	-4.44499988809407	-4.44499988809407	-4.44499988809407	-4.44499988809407	6.25105022330021	-4.44499988809407	-4.44499988809407	-4.44499988809407	-4.44499988809407	-4.44499988809407	-4.44499988809407	-4.44499988809407	-4.44499988809407	-4.44499988809407	8.62628280389877	10.3167954490589	7.27169057096377	8.91183622240583	8.0751569560367	-4.44499988809407	8.67042144901024	-4.44499988809407	-4.44499988809407	-4.44499988809407	4.97568244335912	-4.44499988809407	10.5160800150206	7.23607214148881	-4.44499988809407	3.18108286997832	4.64215538331174	-4.44499988809407	5.97134123054229	-4.44499988809407	6.54874851002111	5.33184676347467	-4.44499988809407	-4.44499988809407	-4.44499988809407	-4.44499988809407	-4.44499988809407	7.30687160869381	-4.44499988809407	-4.44499988809407	6.71369051115518	-4.44499988809407	-4.44499988809407	-4.44499988809407	-4.44499988809407	5.95504193517048	-4.44499988809407	8.26151768775623	-4.44499988809407	-4.44499988809407	-4.44499988809407	-4.44499988809407	5.064036677597	5.51868866713282	5.7455820642481	-4.44499988809407
CSM9X1Y5	7.88894059390522	-4.68038878796922	4.99500548352678	-4.68038878796922	-4.68038878796922	-4.68038878796922	-4.68038878796922	-4.68038878796922	-4.68038878796922	-4.68038878796922	-4.68038878796922	-4.68038878796922	-4.68038878796922	-4.68038878796922	-4.68038878796922	12.3691924067786	-4.68038878796922	8.75076872561451	-4.68038878796922	-4.68038878796922	-4.68038878796922	-4.68038878796922	-4.68038878796922	-4.68038878796922	-4.68038878796922	-4.68038878796922	-4.68038878796922	-4.68038878796922	-4.68038878796922	-4.68038878796922	-4.68038878796922	-4.68038878796922	12.3850334028819	-4.68038878796922	-4.68038878796922	-4.68038878796922	-4.68038878796922	-4.68038878796922	2.55738940395422	4.0962413104585	-4.68038878796922	-4.68038878796922	8.12405596512139	7.76233970522208	-4.68038878796922	8.30087405154059	4.99500548352678	3.52783059552761	8.58910238069422	-4.68038878796922	-4.68038878796922	6.45902071586625	-4.68038878796922	8.2381948436587	9.31429755068634	-4.68038878796922	-4.68038878796922	8.79139266588929	-4.68038878796922	5.30748586782707	5.56778715595946	-4.68038878796922	5.003137643944	6.86346347514816	9.60745455963954	-4.68038878796922	9.26811389223944	-4.68038878796922	2.92599860180343	5.03502067066057	3.86461410408628	5.61922035767192	5.21813647273709	-4.68038878796922	-4.68038878796922	-4.68038878796922	10.8358200363842	11.141815318177	10.9005186121011	10.9614518947766	9.86883059118612	-4.68038878796922	-4.68038878796922	-4.68038878796922	-4.68038878796922	1.43107855153346	7.69060913946903	2.14507124828609	10.8449787894118	9.85955490119339	5.92597347888536	4.23033187398214	-4.68038878796922	-4.68038878796922	-4.68038878796922	9.79739264578803	-4.68038878796922	6.21895824566019	-4.68038878796922	-4.68038878796922	-4.68038878796922	-4.68038878796922	-4.68038878796922	-4.68038878796922	5.10886567040548	-4.68038878796922	-4.68038878796922	7.29142248163789	-4.68038878796922	-4.68038878796922	-4.68038878796922	-4.68038878796922	-4.68038878796922	7.5797031829474	-4.68038878796922	6.05494210236344	-4.68038878796922	-4.68038878796922	-4.68038878796922	-4.68038878796922	10.1422220234338	6.89411143552986
CSM9X1YV	-3.99192702194539	5.55923326464543	9.3099890825794	-3.99192702194539	9.70773600107197	-3.99192702194539	4.26675447431885	-3.99192702194539	10.4884552055668	5.67209703040943	8.06727421876586	-3.99192702194539	-3.99192702194539	-3.99192702194539	-3.99192702194539	-3.99192702194539	-3.99192702194539	11.4928120284356	13.1380840730391	3.85622606425414	11.6747733455656	12.4499833099812	-3.99192702194539	-3.99192702194539	-3.99192702194539	-3.99192702194539	-3.99192702194539	8.98970424262058	-3.99192702194539	-3.99192702194539	-3.99192702194539	-3.99192702194539	-3.99192702194539	-3.99192702194539	10.2834995812427	-3.99192702194539	-3.99192702194539	-3.99192702194539	-3.99192702194539	-3.99192702194539	-3.99192702194539	-3.99192702194539	-3.99192702194539	-3.99192702194539	-3.99192702194539	5.50891643966928	7.51559386456598	-3.99192702194539	9.74755633871485	-3.99192702194539	-3.99192702194539	-3.99192702194539	8.77798391277244	7.20616440291336	-3.99192702194539	6.84786955277865	-3.99192702194539	-3.99192702194539	7.12053580168947	-3.99192702194539	-3.99192702194539	-3.99192702194539	-3.99192702194539	9.59600642096961	-3.99192702194539	-3.99192702194539	-3.99192702194539	-3.99192702194539	-3.99192702194539	6.60498267334512	-3.99192702194539	-3.99192702194539	-3.99192702194539	-3.99192702194539	-3.99192702194539	-3.99192702194539	11.369327583826	-3.99192702194539	8.77219160859551	-3.99192702194539	-3.99192702194539	-3.99192702194539	-3.99192702194539	-3.99192702194539	-3.99192702194539	-3.99192702194539	6.33718767852285	-3.99192702194539	12.5467995525699	9.01626155229516	-3.99192702194539	-3.99192702194539	-3.99192702194539	6.33194709137591	-3.99192702194539	-3.99192702194539	6.64178670939211	4.26934112863226	4.5608263448694	-3.99192702194539	-3.99192702194539	-3.99192702194539	5.316537748024	9.15401810736956	8.94879696593598	11.2243602694927	-3.99192702194539	7.94653411638681	-3.99192702194539	-3.99192702194539	-3.99192702194539	-3.99192702194539	-3.99192702194539	7.4288941189692	-3.99192702194539	3.30177069865605	-3.99192702194539	-3.99192702194539	-3.99192702194539	-3.99192702194539	10.289203194693	-3.99192702194539
CSM9X1ZC	-3.40734197273321	-3.40734197273321	-3.40734197273321	-3.40734197273321	8.23732202865489	-3.40734197273321	-3.40734197273321	-3.40734197273321	11.2399035408406	-3.40734197273321	-3.40734197273321	-3.40734197273321	-3.40734197273321	-3.40734197273321	-3.40734197273321	-3.40734197273321	-3.40734197273321	12.586459604188	-3.40734197273321	10.1652699304914	14.0493412268881	13.3990752844066	-3.40734197273321	-3.40734197273321	-3.40734197273321	-3.40734197273321	-3.40734197273321	9.72424077536868	-3.40734197273321	-3.40734197273321	-3.40734197273321	-3.40734197273321	-3.40734197273321	-3.40734197273321	-3.40734197273321	-3.40734197273321	12.1113082938046	-3.40734197273321	-3.40734197273321	-3.40734197273321	-3.40734197273321	-3.40734197273321	-3.40734197273321	-3.40734197273321	-3.40734197273321	-3.40734197273321	8.43518215991506	-3.40734197273321	-3.40734197273321	-3.40734197273321	-3.40734197273321	-3.40734197273321	-3.40734197273321	8.80098313410025	8.57702983027776	6.34071908647161	-3.40734197273321	6.93829613871893	-3.40734197273321	-3.40734197273321	-3.40734197273321	8.64785545611195	-3.40734197273321	9.6014741354764	5.0288580594735	-3.40734197273321	10.047114064933	-3.40734197273321	-3.40734197273321	4.47911529824448	-3.40734197273321	-3.40734197273321	-3.40734197273321	-3.40734197273321	-3.40734197273321	-3.40734197273321	12.2059914680901	-3.40734197273321	-3.40734197273321	-3.40734197273321	6.76085325019482	-3.40734197273321	-3.40734197273321	-3.40734197273321	-3.40734197273321	-3.40734197273321	-3.40734197273321	-3.40734197273321	11.4996659561271	7.89215509560938	-3.40734197273321	9.88439449067864	10.8994449615975	-3.40734197273321	-3.40734197273321	-3.40734197273321	10.5176425291309	7.93847758804942	-3.40734197273321	-3.40734197273321	-3.40734197273321	-3.40734197273321	-3.40734197273321	4.60268555574852	9.52635415649798	-3.40734197273321	10.5332767266725	-3.40734197273321	-3.40734197273321	-3.40734197273321	-3.40734197273321	-3.40734197273321	-3.40734197273321	10.058513231931	-3.40734197273321	5.51811241409319	-3.40734197273321	-3.40734197273321	-3.40734197273321	-3.40734197273321	6.45641673757392	10.549903362895
CSM9X211	-4.51832503911933	-4.51832503911933	-4.51832503911933	-4.51832503911933	-4.51832503911933	6.70037700535569	-4.51832503911933	-4.51832503911933	11.1591333002914	-4.51832503911933	10.532796806037	11.9020684270466	-4.51832503911933	-4.51832503911933	11.3111855985254	-4.51832503911933	-4.51832503911933	8.51987598986557	-4.51832503911933	10.1328868269569	12.2942000199937	12.4925663247212	8.84664092846387	-4.51832503911933	-4.51832503911933	-4.51832503911933	-4.51832503911933	-4.51832503911933	-4.51832503911933	-4.51832503911933	-4.51832503911933	-4.51832503911933	-4.51832503911933	-4.51832503911933	10.5460870415454	-4.51832503911933	-4.51832503911933	-4.51832503911933	4.69011352556725	-4.51832503911933	-4.51832503911933	-4.51832503911933	-4.51832503911933	-4.51832503911933	-4.51832503911933	-4.51832503911933	4.87442021951211	-4.51832503911933	10.1958950023329	6.41283360527277	8.88277703773134	-4.51832503911933	6.4162273140992	9.43263469634392	8.04734677064682	-4.51832503911933	-4.51832503911933	6.63651019515188	5.14506352770317	-4.51832503911933	5.3516574348594	8.36385289533459	7.50683106212439	-4.51832503911933	-4.51832503911933	-4.51832503911933	7.51095672718492	-4.51832503911933	-4.51832503911933	6.05173468579094	-4.51832503911933	-4.51832503911933	6.03045783945709	4.00504901137198	4.67801782321299	-4.51832503911933	10.1225887165838	10.0435089449268	-4.51832503911933	-4.51832503911933	8.03953412142672	-4.51832503911933	5.33181447791487	-4.51832503911933	-4.51832503911933	7.29463834941224	3.81518566986361	-4.51832503911933	10.9862145293	8.2808561958283	5.2031009228287	-4.51832503911933	-4.51832503911933	-4.51832503911933	-4.51832503911933	-4.51832503911933	7.90580223107471	5.64833414418408	-4.51832503911933	-4.51832503911933	-4.51832503911933	-4.51832503911933	6.55502512361307	9.26991811933383	-4.51832503911933	-4.51832503911933	7.17892830197287	-4.51832503911933	-4.51832503911933	-4.51832503911933	-4.51832503911933	-4.51832503911933	-4.51832503911933	-4.51832503911933	-4.51832503911933	-4.51832503911933	-4.51832503911933	-4.51832503911933	3.43006024599257	4.1353202754324	-4.51832503911933	-4.51832503911933
CSM9X213	-5.45969498127725	-5.45969498127725	-5.45969498127725	-5.45969498127725	-5.45969498127725	5.50246789032329	-5.45969498127725	-5.45969498127725	9.95866805265565	-5.45969498127725	9.71906160389912	11.1582938110409	-5.45969498127725	-5.45969498127725	10.4820561348501	3.41110846270488	-5.45969498127725	8.18203464470614	7.49793761051338	9.88816745617385	10.8996160179351	11.7078539111508	8.58240199452884	5.15332969979843	-5.45969498127725	-5.45969498127725	-5.45969498127725	4.12983496739484	-5.45969498127725	-5.45969498127725	4.9360773713196	-5.45969498127725	5.83558429415812	0.0657579578545349	9.35052961340178	-5.45969498127725	4.67096798368646	-5.45969498127725	-5.45969498127725	-5.45969498127725	-5.45969498127725	-5.45969498127725	-5.45969498127725	-5.45969498127725	-5.45969498127725	-5.45969498127725	3.66519642886645	-5.45969498127725	8.35475601555033	5.81244471970543	5.67417845853643	7.66048802083553	6.08648149047688	7.66366989446017	5.82508695329038	3.45908915669855	-5.45969498127725	5.46841739333269	-5.45969498127725	3.32920332806763	3.56081571841466	6.48124607426981	5.15603134207434	-5.45969498127725	-5.45969498127725	-5.45969498127725	6.89910304310687	-5.45969498127725	-5.45969498127725	-5.45969498127725	-5.45969498127725	-5.45969498127725	4.19539531247	-5.45969498127725	1.82031327160694	-5.45969498127725	8.84662684274353	9.28362412314088	-5.45969498127725	7.93964992138377	7.52205138828762	-5.45969498127725	8.68206502391304	-5.45969498127725	-5.45969498127725	6.61382293739223	2.55695289578055	2.20465165082137	9.65006893342065	5.79822209828843	3.98183647359244	-5.45969498127725	6.45409167669608	-5.45969498127725	-5.45969498127725	-5.45969498127725	7.38617944629919	3.56804379469766	-5.45969498127725	-5.45969498127725	-5.45969498127725	-5.45969498127725	4.44683792944484	7.76740851938133	-5.45969498127725	-5.45969498127725	6.81972570487467	-5.45969498127725	-5.45969498127725	-5.45969498127725	-5.45969498127725	4.46658093288931	-5.45969498127725	-5.45969498127725	-5.45969498127725	-5.45969498127725	-5.45969498127725	-5.45969498127725	2.99370607705121	4.2777970170637	-5.45969498127725	1.37656429599982
CSM9X21J	5.20886696832235	6.3331888165365	5.75080701292304	-5.08466743959357	-5.08466743959357	6.17286242328082	-5.08466743959357	-5.08466743959357	8.91294048336889	-5.08466743959357	3.39399280210589	-5.08466743959357	-5.08466743959357	-5.08466743959357	10.6372059066435	-5.08466743959357	-5.08466743959357	11.0310324438041	11.4395418424697	8.92162131676183	-5.08466743959357	12.2252800830851	-5.08466743959357	-5.08466743959357	-5.08466743959357	-5.08466743959357	-5.08466743959357	-5.08466743959357	-5.08466743959357	-5.08466743959357	8.3247843340717	-5.08466743959357	-5.08466743959357	-5.08466743959357	10.4388877709783	-5.08466743959357	10.4498223746082	-5.08466743959357	4.07973370044117	1.00437743585328	-5.08466743959357	-5.08466743959357	4.86336317569323	5.97351338337723	-5.08466743959357	-5.08466743959357	3.74455891513828	-5.08466743959357	10.4448664261345	6.31128591083486	-5.08466743959357	-5.08466743959357	7.00071106211358	6.41224042581678	-5.08466743959357	5.89996404777711	3.30718926051137	5.78829135728744	-5.08466743959357	8.09093523750116	-5.08466743959357	-5.08466743959357	5.31507002525616	7.38381177720146	5.76196696898571	-5.08466743959357	7.35529481103646	-5.08466743959357	-5.08466743959357	2.22253487517117	1.87282993128338	-5.08466743959357	4.43396612873851	-5.08466743959357	-5.08466743959357	-5.08466743959357	9.4598404342169	9.1258342318711	7.70880568516753	-5.08466743959357	5.81301588469024	-5.08466743959357	-5.08466743959357	-5.08466743959357	-5.08466743959357	5.61296580945722	-5.08466743959357	-5.08466743959357	10.669623769993	7.17295821659497	-5.08466743959357	-5.08466743959357	-5.08466743959357	5.09535276091567	6.41862174520442	-5.08466743959357	2.46546790289486	4.43690061840941	-5.08466743959357	-5.08466743959357	-5.08466743959357	-5.08466743959357	-5.08466743959357	-5.08466743959357	-5.08466743959357	-5.08466743959357	-5.08466743959357	-5.08466743959357	5.85946778052003	7.32103854534916	6.05008215570613	4.75112996397261	-5.08466743959357	7.83000980270803	-5.08466743959357	5.90131995720672	-5.08466743959357	-5.08466743959357	4.63495736912978	-5.08466743959357	8.00732126283555	-5.08466743959357
CSM9X22G	6.41560208386014	-6.21387708897647	5.19136293757403	-6.21387708897647	6.2240649269362	-6.21387708897647	0.901705037207979	-6.21387708897647	3.90798264999497	8.26612445483344	8.05966003369246	-6.21387708897647	-6.21387708897647	-6.21387708897647	-6.21387708897647	4.45020599010756	8.29410091858299	8.59379613061301	8.15032176880736	8.52387088423939	10.9560571869761	9.54664049606549	5.86214951161375	-6.21387708897647	-6.21387708897647	-6.21387708897647	-6.21387708897647	-6.21387708897647	-6.21387708897647	-6.21387708897647	10.4032797149374	-6.21387708897647	9.838705806432	5.89254647732457	9.26771651911374	-6.21387708897647	8.75028308030773	0.917821421490436	-6.21387708897647	-6.21387708897647	-6.21387708897647	-6.21387708897647	-6.21387708897647	-6.21387708897647	-6.21387708897647	5.40844971651108	3.43219891412612	4.9069090834935	5.41461562527431	3.8723902486843	2.57196824898474	3.94429144087202	-6.21387708897647	5.84416527548314	-6.21387708897647	4.16618619912577	-6.21387708897647	4.63877488570757	-6.21387708897647	5.77385918222712	3.66383101057217	2.31346443349158	4.47672601500994	5.23045899452233	-6.21387708897647	2.49740152615396	5.90827575933905	-6.21387708897647	-6.21387708897647	-6.21387708897647	-6.21387708897647	-6.21387708897647	-6.21387708897647	-6.21387708897647	-6.21387708897647	4.50808989042189	6.00758158226279	6.80315021691571	4.38851603273026	6.01459774324208	3.12230266783886	-6.21387708897647	4.83209608667173	5.01044588008223	-6.21387708897647	-6.21387708897647	5.323653179851	-6.21387708897647	7.85166896867696	4.74759171169686	2.46219842749995	3.11344599848532	7.40064394492743	-6.21387708897647	6.78215406236242	9.1467378526053	-6.21387708897647	5.23920282562234	5.12530194746946	-6.21387708897647	-6.21387708897647	-6.21387708897647	-6.21387708897647	-6.21387708897647	2.55811334755577	-6.21387708897647	6.27512007979418	-6.21387708897647	-6.21387708897647	-6.21387708897647	-6.21387708897647	-6.21387708897647	-6.21387708897647	4.35643933580173	-6.21387708897647	2.43627232968839	3.22765436589322	5.7239304161122	-6.21387708897647	-6.21387708897647	6.35965068494164	9.1103469911963
CSM9X22U	-3.97291676563883	-3.97291676563883	-3.97291676563883	-3.97291676563883	-3.97291676563883	6.86472108307222	-3.97291676563883	-3.97291676563883	10.9962689117433	-3.97291676563883	9.86933406312962	12.4552199471408	-3.97291676563883	-3.97291676563883	11.815785673175	-3.97291676563883	-3.97291676563883	7.3480124936805	-3.97291676563883	10.5427667343217	12.3300547603964	13.4302702153422	8.37109442175129	-3.97291676563883	-3.97291676563883	-3.97291676563883	-3.97291676563883	-3.97291676563883	-3.97291676563883	-3.97291676563883	-3.97291676563883	-3.97291676563883	-3.97291676563883	-3.97291676563883	9.79740917036967	-3.97291676563883	-3.97291676563883	-3.97291676563883	-3.97291676563883	-3.97291676563883	-3.97291676563883	-3.97291676563883	-3.97291676563883	4.57208612641667	-3.97291676563883	-3.97291676563883	4.14409732209848	-3.97291676563883	10.0523367554883	5.47730627365584	7.36376066132582	7.78092143935715	6.24906088099105	8.67360517563555	6.41148344571353	-3.97291676563883	-3.97291676563883	7.75043978861792	5.80051904753702	-3.97291676563883	-3.97291676563883	6.3561979348294	7.34108203771327	-3.97291676563883	-3.97291676563883	-3.97291676563883	8.79690881231613	-3.97291676563883	-3.97291676563883	-3.97291676563883	-3.97291676563883	-3.97291676563883	1.7668761465404	-3.97291676563883	-3.97291676563883	-3.97291676563883	9.48262915756825	12.2040118796	-3.97291676563883	5.49446604265702	9.22526069910522	-3.97291676563883	5.20603613309572	-3.97291676563883	-3.97291676563883	5.51588832923952	-3.97291676563883	-3.97291676563883	11.9873982418053	6.47495690418525	4.12602998330451	-3.97291676563883	-3.97291676563883	-3.97291676563883	-3.97291676563883	-3.97291676563883	7.80214986199045	4.41439550492288	-3.97291676563883	-3.97291676563883	-3.97291676563883	-3.97291676563883	6.37304262063456	8.44001150012205	-3.97291676563883	-3.97291676563883	7.9095080578069	-3.97291676563883	-3.97291676563883	-3.97291676563883	-3.97291676563883	-3.97291676563883	-3.97291676563883	-3.97291676563883	-3.97291676563883	-3.97291676563883	-3.97291676563883	-3.97291676563883	-3.97291676563883	4.79285377834842	-3.97291676563883	-3.97291676563883
CSM9X237	12.6662000141834	10.6818046900723	11.0065182110472	-4.49144667883511	11.0325143817072	3.5052071966275	5.85835997581745	6.27072367895479	7.28138618883404	-4.49144667883511	-4.49144667883511	-4.49144667883511	-4.49144667883511	-4.49144667883511	-4.49144667883511	-4.49144667883511	-4.49144667883511	9.42080122187	11.4468978289838	-4.49144667883511	9.70591980419182	10.5339912199623	-4.49144667883511	-4.49144667883511	-4.49144667883511	-4.49144667883511	-4.49144667883511	5.67482812561978	-4.49144667883511	-4.49144667883511	-4.49144667883511	-4.49144667883511	-4.49144667883511	-4.49144667883511	7.83671527260171	-4.49144667883511	-4.49144667883511	-4.49144667883511	-4.49144667883511	5.88985765066002	-4.49144667883511	-4.49144667883511	-4.49144667883511	-4.49144667883511	-4.49144667883511	-4.49144667883511	5.15785804978964	3.18687967767178	10.4910077984905	-4.49144667883511	-4.49144667883511	-4.49144667883511	8.41156843602657	8.1380324940015	-4.49144667883511	7.67344453258414	-4.49144667883511	3.88900998900766	5.22817812988824	-4.49144667883511	-4.49144667883511	5.7337982327357	5.87863243846976	8.39425975121749	-4.49144667883511	-4.49144667883511	-4.49144667883511	-4.49144667883511	-4.49144667883511	4.39744799053648	-4.49144667883511	-4.49144667883511	-4.49144667883511	-4.49144667883511	-4.49144667883511	-4.49144667883511	11.0804432904365	-4.49144667883511	8.39101094318421	-4.49144667883511	-4.49144667883511	-4.49144667883511	-4.49144667883511	-4.49144667883511	-4.49144667883511	-4.49144667883511	7.37453418742554	-4.49144667883511	12.4016199348399	7.50230489055805	-4.49144667883511	-4.49144667883511	-4.49144667883511	5.01833139660371	-4.49144667883511	-4.49144667883511	7.33351926899648	-4.49144667883511	-4.49144667883511	-4.49144667883511	-4.49144667883511	-4.49144667883511	5.30895554561769	9.27518976143574	9.03720946407449	8.81782936673071	-4.49144667883511	8.81966919911227	-4.49144667883511	-4.49144667883511	-4.49144667883511	5.58224767563187	-4.49144667883511	7.18088136485202	-4.49144667883511	5.4890482100618	-4.49144667883511	6.22654248267314	5.46087865578432	-4.49144667883511	10.1493356507322	-4.49144667883511
CSM9X23B	10.9575103135272	8.2283697837658	9.95299331020353	-4.64358418427586	9.64232430018877	-4.64358418427586	3.84747034953068	-4.64358418427586	9.98223017152349	-4.64358418427586	-4.64358418427586	-4.64358418427586	-4.64358418427586	-4.64358418427586	-4.64358418427586	-4.64358418427586	-4.64358418427586	10.8082400748243	12.4729486978617	-4.64358418427586	10.8067709851559	11.0594233556435	-4.64358418427586	-4.64358418427586	-4.64358418427586	-4.64358418427586	-4.64358418427586	8.62890636090464	-4.64358418427586	-4.64358418427586	-4.64358418427586	-4.64358418427586	-4.64358418427586	-4.64358418427586	9.82867457625325	-4.64358418427586	-4.64358418427586	-4.64358418427586	5.8094976799546	5.96500382293767	-4.64358418427586	-4.64358418427586	7.56653526189993	-4.64358418427586	-4.64358418427586	6.67673905849279	7.08623333203849	-4.64358418427586	9.67274469097815	-4.64358418427586	-4.64358418427586	-4.64358418427586	7.3955539149007	6.37947774251189	-4.64358418427586	6.98748869440145	-4.64358418427586	-4.64358418427586	5.35161617618347	-4.64358418427586	-4.64358418427586	5.23155533274478	6.74265497832179	8.00206832053175	6.17461285061809	-4.64358418427586	-4.64358418427586	-4.64358418427586	-4.64358418427586	6.12344711807581	2.77759334431953	-4.64358418427586	-4.64358418427586	-4.64358418427586	-4.64358418427586	-4.64358418427586	10.8953607841073	-4.64358418427586	7.19266314320976	-4.64358418427586	-4.64358418427586	-4.64358418427586	-4.64358418427586	-4.64358418427586	-4.64358418427586	-4.64358418427586	6.04268556439154	-4.64358418427586	12.0217203780684	8.03710953865937	-4.64358418427586	-4.64358418427586	-4.64358418427586	6.67564730235543	-4.64358418427586	-4.64358418427586	7.59185792518414	7.31870205475131	6.73387659188509	-4.64358418427586	-4.64358418427586	-4.64358418427586	4.51451507585463	8.05480687830446	8.62601056106289	10.3340175597911	-4.64358418427586	7.44702710341706	-4.64358418427586	-4.64358418427586	-4.64358418427586	-4.64358418427586	-4.64358418427586	6.08322318212252	-4.64358418427586	2.61553194382124	-4.64358418427586	-4.64358418427586	3.53701676331859	-4.64358418427586	9.03194105636693	-4.64358418427586
CSMA9J65	8.51098246039407	-4.58102685863637	6.14578050776201	-4.58102685863637	-4.58102685863637	-4.58102685863637	-4.58102685863637	6.51715559124492	10.4161007659432	-4.58102685863637	11.9873976998412	-4.58102685863637	-4.58102685863637	-4.58102685863637	-4.58102685863637	11.2764168909236	4.42731972074834	10.4371469465581	3.04505589943602	4.48092950757356	6.55401461798646	13.017608471027	8.81240281052936	-4.58102685863637	-4.58102685863637	-4.58102685863637	-4.58102685863637	-4.58102685863637	-4.58102685863637	-4.58102685863637	-4.58102685863637	-4.58102685863637	-4.58102685863637	-4.58102685863637	2.11724119547905	-4.58102685863637	-4.58102685863637	-4.58102685863637	-4.58102685863637	-4.58102685863637	-4.58102685863637	-4.58102685863637	-4.58102685863637	-4.58102685863637	4.91757042054244	-4.58102685863637	5.03883704157548	-4.58102685863637	-4.58102685863637	-4.58102685863637	-4.58102685863637	-4.58102685863637	-4.58102685863637	6.84034237165243	-4.58102685863637	-4.58102685863637	6.76467450721906	9.08098397425029	8.39841488983661	7.4258689750317	-4.58102685863637	-4.58102685863637	-4.58102685863637	-4.58102685863637	-4.58102685863637	-4.58102685863637	-4.58102685863637	-4.58102685863637	-4.58102685863637	7.93407708416067	-4.58102685863637	7.29918405919986	5.91829819699159	9.10634459926963	7.0368080202606	-4.58102685863637	6.9532784205891	6.84056152331722	-4.58102685863637	-4.58102685863637	-4.58102685863637	7.65499771573446	-4.58102685863637	-4.58102685863637	5.46660432697982	-4.58102685863637	3.61071316264109	7.9213319874446	8.33868408317757	10.0969309404578	-4.58102685863637	7.68605151255154	-4.58102685863637	-4.58102685863637	-4.58102685863637	9.33965509710407	-4.58102685863637	10.1482957618377	-4.58102685863637	-4.58102685863637	-4.58102685863637	6.42756850756143	-4.58102685863637	-4.58102685863637	6.93490408535369	-4.58102685863637	-4.58102685863637	7.54020115173188	-4.58102685863637	-4.58102685863637	-4.58102685863637	-4.58102685863637	-4.58102685863637	9.77986204271371	-4.58102685863637	4.71741596156136	6.90843548760606	10.8277721076785	-4.58102685863637	-4.58102685863637	6.27085068763392	11.1869694672508
CSMAG78W	-3.13925944918034	-3.13925944918034	-3.13925944918034	-3.13925944918034	-3.13925944918034	-3.13925944918034	-3.13925944918034	-3.13925944918034	11.0513470397188	-3.13925944918034	-3.13925944918034	-3.13925944918034	-3.13925944918034	-3.13925944918034	-3.13925944918034	-3.13925944918034	13.1464172321962	-3.13925944918034	-3.13925944918034	-3.13925944918034	14.4188601982451	-3.13925944918034	-3.13925944918034	-3.13925944918034	-3.13925944918034	8.16776053158696	7.55361684802882	10.6229674138101	-3.13925944918034	-3.13925944918034	-3.13925944918034	-3.13925944918034	13.1317247425856	-3.13925944918034	-3.13925944918034	12.6217627498741	-3.13925944918034	-3.13925944918034	-3.13925944918034	-3.13925944918034	-3.13925944918034	-3.13925944918034	-3.13925944918034	8.86952621411209	-3.13925944918034	-3.13925944918034	7.96721542225043	-3.13925944918034	-3.13925944918034	-3.13925944918034	5.93193379138569	-3.13925944918034	-3.13925944918034	-3.13925944918034	-3.13925944918034	-3.13925944918034	-3.13925944918034	4.08403623038198	-3.13925944918034	7.8183833264087	-3.13925944918034	6.86230717351543	-3.13925944918034	-3.13925944918034	9.02620472069947	-3.13925944918034	9.06135331830546	-3.13925944918034	-3.13925944918034	-3.13925944918034	-3.13925944918034	-3.13925944918034	-3.13925944918034	-3.13925944918034	-3.13925944918034	-3.13925944918034	9.21325279347824	10.8640252730583	10.1184579089254	11.5170037386637	10.803677277398	-3.13925944918034	9.80696561571396	-3.13925944918034	-3.13925944918034	4.03928603458336	-3.13925944918034	-3.13925944918034	13.1729620628232	7.4548972160402	-3.13925944918034	4.80203612172619	12.3448595981882	-3.13925944918034	-3.13925944918034	-3.13925944918034	-3.13925944918034	8.09621146349355	-3.13925944918034	-3.13925944918034	-3.13925944918034	-3.13925944918034	7.03008625707754	7.69719894548114	-3.13925944918034	-3.13925944918034	8.37627261565484	-3.13925944918034	-3.13925944918034	-3.13925944918034	-3.13925944918034	-3.13925944918034	-3.13925944918034	-3.13925944918034	-3.13925944918034	-3.13925944918034	-3.13925944918034	-3.13925944918034	-3.13925944918034	-3.13925944918034	-3.13925944918034	-3.13925944918034
CSMAIG7X	4.61161130102748	-3.4438638407298	-3.4438638407298	-3.4438638407298	-3.4438638407298	-3.4438638407298	-3.4438638407298	-3.4438638407298	11.8995558683641	6.87209753472505	13.7020099261116	-3.4438638407298	-3.4438638407298	-3.4438638407298	-3.4438638407298	9.29013045514474	4.09569498857123	13.6073718321965	7.90065480686497	6.18788060315605	9.55438877310837	13.9491157529903	10.8523435943715	-3.4438638407298	-3.4438638407298	-3.4438638407298	-3.4438638407298	-3.4438638407298	-3.4438638407298	-3.4438638407298	6.69394456371067	-3.4438638407298	5.9800544776909	-3.4438638407298	8.21074346156769	-3.4438638407298	-3.4438638407298	-3.4438638407298	-3.4438638407298	-3.4438638407298	-3.4438638407298	-3.4438638407298	-3.4438638407298	-3.4438638407298	-3.4438638407298	6.94208072477187	7.89804789232914	4.43882836555923	-3.4438638407298	-3.4438638407298	-3.4438638407298	-3.4438638407298	-3.4438638407298	6.62263502006579	-3.4438638407298	-3.4438638407298	8.05070415220418	-3.4438638407298	7.6238832817103	9.51136053931548	-3.4438638407298	-3.4438638407298	-3.4438638407298	-3.4438638407298	-3.4438638407298	-3.4438638407298	-3.4438638407298	-3.4438638407298	-3.4438638407298	6.38764424201417	-3.4438638407298	7.82151010732005	5.99528401218504	4.0009694331624	-3.4438638407298	-3.4438638407298	-3.4438638407298	10.400866627107	-3.4438638407298	6.82568942413176	-3.4438638407298	-3.4438638407298	-3.4438638407298	-3.4438638407298	-3.4438638407298	-3.4438638407298	-3.4438638407298	2.9712331184418	9.10064696486999	9.58401521575486	-3.4438638407298	-3.4438638407298	-3.4438638407298	-3.4438638407298	-3.4438638407298	-3.4438638407298	-3.4438638407298	7.58017686299129	-3.4438638407298	-3.4438638407298	-3.4438638407298	5.82954522271337	-3.4438638407298	-3.4438638407298	-3.4438638407298	-3.4438638407298	-3.4438638407298	8.88305824533925	-3.4438638407298	-3.4438638407298	-3.4438638407298	-3.4438638407298	-3.4438638407298	8.88310255272618	-3.4438638407298	-3.4438638407298	4.97483410393734	-3.4438638407298	-3.4438638407298	-3.4438638407298	-3.4438638407298	8.99471241378091
ESM5MEBE	-4.43761173589972	-4.43761173589972	6.55697663135398	7.0906062008888	5.07660388842299	-4.43761173589972	-4.43761173589972	-4.43761173589972	-4.43761173589972	-4.43761173589972	-4.43761173589972	-4.43761173589972	11.4614209020125	-4.43761173589972	-4.43761173589972	-4.43761173589972	-4.43761173589972	10.6210012777055	-4.43761173589972	-4.43761173589972	-4.43761173589972	13.403392306318	9.20642343236639	-4.43761173589972	-4.43761173589972	-4.43761173589972	-4.43761173589972	-4.43761173589972	-4.43761173589972	-4.43761173589972	-4.43761173589972	-4.43761173589972	-4.43761173589972	-4.43761173589972	10.9856475085595	-4.43761173589972	-4.43761173589972	-4.43761173589972	3.23607639336801	4.4331917080824	4.80626011928525	-4.43761173589972	-4.43761173589972	-4.43761173589972	7.14680614076913	-4.43761173589972	-4.43761173589972	-4.43761173589972	8.1430234129988	-4.43761173589972	-4.43761173589972	9.68532543189003	-4.43761173589972	8.22901692538947	-4.43761173589972	6.99009347433602	-4.43761173589972	3.46005641482718	7.49073576867012	-4.43761173589972	-4.43761173589972	5.73860921229061	-4.43761173589972	7.30245726975	-4.43761173589972	-4.43761173589972	8.14953427654857	-4.43761173589972	-4.43761173589972	-4.43761173589972	-4.43761173589972	-4.43761173589972	-4.43761173589972	-4.43761173589972	6.63387423278952	-4.43761173589972	11.0487574628676	9.73301124590431	5.75259492558762	8.2200809667448	6.61662187972308	-4.43761173589972	8.52898866262147	-4.43761173589972	-4.43761173589972	6.97561493336339	-4.43761173589972	-4.43761173589972	11.8741814361723	7.742430026956	-4.43761173589972	-4.43761173589972	-4.43761173589972	-4.43761173589972	8.49741191473057	-4.43761173589972	-4.43761173589972	-4.43761173589972	6.82326903420986	-4.43761173589972	-4.43761173589972	-4.43761173589972	-4.43761173589972	-4.43761173589972	-4.43761173589972	-4.43761173589972	-4.43761173589972	5.87702474121287	7.23735604500608	8.01739305809034	7.67804921264519	7.86250210279352	6.46542254956127	9.31165324473528	-4.43761173589972	5.4162127716173	3.83903738952214	8.44697910649017	7.46201047484604	-4.43761173589972	6.42236755025471	-4.43761173589972
ESM5MEBG	-4.24224777423839	-4.24224777423839	6.01719946650206	1.99412181596531	5.52375773497647	-4.24224777423839	-4.24224777423839	-4.24224777423839	-4.24224777423839	-4.24224777423839	-4.24224777423839	-4.24224777423839	12.0289749757242	-4.24224777423839	-4.24224777423839	-4.24224777423839	-4.24224777423839	10.3100492664653	-4.24224777423839	-4.24224777423839	-4.24224777423839	13.6833304377532	8.8056312524984	-4.24224777423839	-4.24224777423839	-4.24224777423839	-4.24224777423839	-4.24224777423839	-4.24224777423839	-4.24224777423839	-4.24224777423839	-4.24224777423839	-4.24224777423839	-4.24224777423839	10.906871038841	-4.24224777423839	-4.24224777423839	-4.24224777423839	-4.24224777423839	4.49021807411148	-4.24224777423839	-4.24224777423839	-4.24224777423839	-4.24224777423839	5.49110367636758	-4.24224777423839	-4.24224777423839	-4.24224777423839	6.80196922240299	-4.24224777423839	4.19611863663187	8.10532877383384	-4.24224777423839	7.57941895361474	-4.24224777423839	-4.24224777423839	-4.24224777423839	5.48872992888777	1.77634544025784	-4.24224777423839	-4.24224777423839	6.12626227226191	-4.24224777423839	7.68477873490154	-4.24224777423839	-4.24224777423839	8.30219174053399	-4.24224777423839	-4.24224777423839	-4.24224777423839	-4.24224777423839	-4.24224777423839	-4.24224777423839	-4.24224777423839	7.25526959332916	-4.24224777423839	10.0628980697708	10.5831097945828	4.9190073900473	10.0670750984281	6.42626566232309	-4.24224777423839	8.17894028315866	-4.24224777423839	-4.24224777423839	5.51915764636328	-4.24224777423839	-4.24224777423839	11.9813577712202	7.74224884077466	1.91261031977802	-4.24224777423839	-4.24224777423839	-4.24224777423839	7.6536313058779	-4.24224777423839	-4.24224777423839	-4.24224777423839	4.06199969084008	-4.24224777423839	4.78908554191166	-4.24224777423839	5.82425108655719	-4.24224777423839	-4.24224777423839	-4.24224777423839	-4.24224777423839	5.57628083907054	7.75901841311867	8.08591417719843	6.61175800872112	9.24181132189432	5.72847777756341	9.44227786038033	-4.24224777423839	5.30320676974943	5.31952381735347	5.43628208241792	5.23130265826508	-4.24224777423839	6.38566757889071	-4.24224777423839
ESM5MEBU	7.44262260635862	7.28499000498718	8.26765411127985	-4.49812288969209	7.13188314203878	-4.49812288969209	-4.49812288969209	-4.49812288969209	8.82902615957931	-4.49812288969209	11.4164346364328	-4.49812288969209	-4.49812288969209	-4.49812288969209	-4.49812288969209	-4.49812288969209	8.67156481616447	10.6194987404978	-4.49812288969209	10.3302790197023	11.7131626038344	12.9378140426854	-4.49812288969209	-4.49812288969209	-4.49812288969209	-4.49812288969209	-4.49812288969209	-4.49812288969209	-4.49812288969209	-4.49812288969209	-4.49812288969209	-4.49812288969209	11.6285291507373	-4.49812288969209	10.687903449745	-4.49812288969209	10.2378022852314	-4.49812288969209	-4.49812288969209	-4.49812288969209	-4.49812288969209	-4.49812288969209	-4.49812288969209	-4.49812288969209	-4.49812288969209	-4.49812288969209	-4.49812288969209	-4.49812288969209	9.4737168306252	6.5267327303007	-4.49812288969209	9.65446757736593	8.38451267460322	8.86015178337883	-4.49812288969209	-4.49812288969209	-4.49812288969209	6.25745814867298	-4.49812288969209	4.98384638941362	-4.49812288969209	9.44089738624863	6.03639704933218	9.57028495428368	3.59472813784629	-4.49812288969209	-4.49812288969209	-4.49812288969209	-4.49812288969209	-4.49812288969209	-4.49812288969209	-4.49812288969209	-4.49812288969209	-4.49812288969209	5.63054613618381	-4.49812288969209	9.59545188709411	8.03937714573491	4.66732471339335	11.0167414189949	8.80802930089222	-4.49812288969209	8.57951714281171	-4.49812288969209	-4.49812288969209	-4.49812288969209	-4.49812288969209	-4.49812288969209	10.4353714455579	9.01205880304217	-4.49812288969209	5.14730611545832	-4.49812288969209	-4.49812288969209	5.68265543222869	-4.49812288969209	-4.49812288969209	-4.49812288969209	-4.49812288969209	-4.49812288969209	-4.49812288969209	-4.49812288969209	-4.49812288969209	-4.49812288969209	-4.49812288969209	-4.49812288969209	-4.49812288969209	5.9052607765173	5.93837243354367	5.95784073786521	-4.49812288969209	5.86692651030407	-4.49812288969209	7.42949828334812	-4.49812288969209	5.084539371799	-4.49812288969209	-4.49812288969209	-4.49812288969209	3.80364687342507	4.27076243644277	-4.49812288969209
ESM5MEC5	7.5902977768427	6.23359988978871	7.28174307730004	-4.041485701344	6.84690404849385	-4.041485701344	-4.041485701344	-4.041485701344	9.00706104607774	-4.041485701344	12.1546954509007	-4.041485701344	-4.041485701344	-4.041485701344	-4.041485701344	-4.041485701344	9.32559640042993	11.2108866112254	-4.041485701344	10.9446976179831	12.4281348246852	13.5265153159243	-4.041485701344	-4.041485701344	-4.041485701344	-4.041485701344	-4.041485701344	-4.041485701344	-4.041485701344	-4.041485701344	-4.041485701344	-4.041485701344	11.6881790815284	-4.041485701344	11.1572447463929	-4.041485701344	10.7622644600385	-4.041485701344	-4.041485701344	-4.041485701344	-4.041485701344	-4.041485701344	-4.041485701344	-4.041485701344	-4.041485701344	-4.041485701344	-4.041485701344	-4.041485701344	6.57766855318194	4.73514439708371	-4.041485701344	9.74202941819043	8.78819914205772	8.36908168230463	-4.041485701344	-4.041485701344	-4.041485701344	5.15890533977851	-4.041485701344	-4.041485701344	-4.041485701344	7.32062850173102	6.16436315461296	9.21290719143161	-4.041485701344	-4.041485701344	-4.041485701344	-4.041485701344	-4.041485701344	-4.041485701344	-4.041485701344	-4.041485701344	-4.041485701344	-4.041485701344	6.5415824200301	-4.041485701344	9.76514656093201	8.02412300546923	6.93343134600717	11.04185404323	8.85853630291516	-4.041485701344	8.21442893594335	-4.041485701344	-4.041485701344	-4.041485701344	-4.041485701344	-4.041485701344	10.0589639204614	9.06527864127641	-4.041485701344	-4.041485701344	-4.041485701344	-4.041485701344	7.44582447550167	-4.041485701344	-4.041485701344	-4.041485701344	-4.041485701344	-4.041485701344	-4.041485701344	-4.041485701344	-4.041485701344	-4.041485701344	-4.041485701344	-4.041485701344	-4.041485701344	4.64477493118777	5.78571458302001	-4.041485701344	-4.041485701344	4.64646241049472	-4.041485701344	8.50484130526356	-4.041485701344	5.78301275494175	-4.041485701344	-4.041485701344	-4.041485701344	4.65485735570056	5.20624678984924	-4.041485701344
ESM5MECL	-3.85008746394706	-3.85008746394706	6.06240938274665	4.63685268429815	3.86904237695967	-3.85008746394706	-3.85008746394706	-3.85008746394706	-3.85008746394706	-3.85008746394706	-3.85008746394706	-3.85008746394706	12.5602591312546	-3.85008746394706	-3.85008746394706	-3.85008746394706	-3.85008746394706	11.7130340349973	-3.85008746394706	-3.85008746394706	-3.85008746394706	13.7864753526677	12.1650260629587	-3.85008746394706	-3.85008746394706	-3.85008746394706	-3.85008746394706	-3.85008746394706	-3.85008746394706	-3.85008746394706	-3.85008746394706	-3.85008746394706	-3.85008746394706	-3.85008746394706	11.6569940202197	-3.85008746394706	-3.85008746394706	-3.85008746394706	-3.85008746394706	4.46400987145874	-3.85008746394706	-3.85008746394706	-3.85008746394706	-3.85008746394706	-3.85008746394706	-3.85008746394706	-3.85008746394706	-3.85008746394706	9.45649733103892	3.38769072797638	4.08764431131304	9.68485035691352	-3.85008746394706	8.45926804040595	-3.85008746394706	5.76511783606525	-3.85008746394706	-3.85008746394706	6.80342369879071	-3.85008746394706	3.92937950351126	6.67722398593926	-3.85008746394706	7.63753044939653	-3.85008746394706	-3.85008746394706	8.6421072879202	-3.85008746394706	-3.85008746394706	-3.85008746394706	-3.85008746394706	-3.85008746394706	-3.85008746394706	-3.85008746394706	-3.85008746394706	-3.85008746394706	11.128802315235	11.0224982019248	7.71667256365157	9.70871112518714	7.55214104966447	-3.85008746394706	8.66637374925781	-3.85008746394706	-3.85008746394706	4.53265963091625	-3.85008746394706	-3.85008746394706	12.3339093106343	5.85195687258752	-3.85008746394706	-3.85008746394706	-3.85008746394706	-3.85008746394706	7.70206832951483	-3.85008746394706	-3.85008746394706	-3.85008746394706	-3.85008746394706	-3.85008746394706	-3.85008746394706	-3.85008746394706	4.66730570747184	-3.85008746394706	-3.85008746394706	-3.85008746394706	-3.85008746394706	3.66797671728601	5.39571657230469	6.09314950810635	5.99741157838021	7.18594670617345	3.92937950351126	8.97065987935424	-3.85008746394706	4.29342994185042	3.38047568946223	-3.85008746394706	6.78242104138521	-3.85008746394706	5.98249467507329	-3.85008746394706
ESM5MEDD	-6.71777271161226	-6.71777271161226	1.73135574888985	4.91905922467789	5.83217683110674	-6.71777271161226	0.635309208903169	-6.71777271161226	8.22730634231329	-6.71777271161226	10.3512929723703	-6.71777271161226	4.90911516638856	4.06328553428627	-6.71777271161226	5.42264612441075	-6.71777271161226	4.47137361740901	10.0049154253415	2.16002768227031	10.1235176861781	1.86164382298411	6.18735711596398	-6.71777271161226	-6.71777271161226	2.12886810148822	4.93292140610282	7.02868890186443	-6.71777271161226	-6.71777271161226	6.72631323026687	-6.71777271161226	9.24378385956102	6.82444639706484	-6.71777271161226	-6.71777271161226	8.41953395219032	2.80672125002149	0.744442228155926	-6.71777271161226	-6.71777271161226	1.70532955640438	-6.71777271161226	4.95863971416221	4.5211237192266	1.85976270881014	-6.71777271161226	3.09803051027898	-6.71777271161226	5.30594437654594	-6.71777271161226	-6.71777271161226	5.25813806170534	4.72613488155851	-1.07941804227852	5.63788736078244	-6.71777271161226	1.78755030723349	-6.71777271161226	5.3966834241079	2.97567259152931	5.04848403531038	4.51320089847221	3.58048967782384	-6.71777271161226	4.10202557259802	6.77116386001988	-6.71777271161226	-6.71777271161226	6.05117041957383	-6.71777271161226	-6.71777271161226	2.33603080254369	2.68821667736874	2.74573592478383	6.56361118297536	7.87080049572174	6.21934724450649	4.61603804911148	2.56498134087296	4.68199525339791	-6.71777271161226	7.50186939900356	7.22985411315814	-6.71777271161226	2.73794226051945	1.5066588616089	-0.481403121408558	8.65521087050881	4.51743421299235	0.898510849968122	6.29533591075056	-6.71777271161226	3.20311261810029	-6.71777271161226	-6.71777271161226	-6.71777271161226	6.21717857418344	-6.71777271161226	-6.71777271161226	-6.71777271161226	-6.71777271161226	-6.71777271161226	6.15715698338094	-6.71777271161226	-6.71777271161226	6.27323062835441	3.27102059750296	-6.71777271161226	-6.71777271161226	-6.71777271161226	-6.71777271161226	-6.71777271161226	5.70747963956565	-6.71777271161226	1.90755713840855	4.0697096279972	5.72155617914132	-6.71777271161226	-6.71777271161226	2.47552322575466	5.76282457576548
ESM5MEDN	-5.64234034740459	-5.64234034740459	-5.64234034740459	-5.64234034740459	7.17737891569167	-5.64234034740459	-5.64234034740459	-5.64234034740459	9.6355828967191	-5.64234034740459	11.4716092804853	-5.64234034740459	8.05163627406189	6.27037414717556	-5.64234034740459	8.87240929771937	-5.64234034740459	6.47260884175063	11.6625472892375	4.15584224348611	9.96036444159409	-5.64234034740459	7.09747627849343	-5.64234034740459	-5.64234034740459	2.3060449377073	5.86658713627834	8.10872875137811	-5.64234034740459	-5.64234034740459	6.74125485813282	-5.64234034740459	10.1464204749281	8.04447396688266	-5.64234034740459	-5.64234034740459	5.17565635092326	-5.64234034740459	6.21176767177382	6.39259397521375	-5.64234034740459	4.30950870600941	-5.64234034740459	6.71589958375489	5.39963704247129	-5.64234034740459	-5.64234034740459	-5.64234034740459	-5.64234034740459	7.63374104481241	-5.64234034740459	-5.64234034740459	5.1484415765641	5.54984251898736	4.03305392409141	5.43410910342335	-5.64234034740459	-5.64234034740459	-5.64234034740459	8.48191220781307	4.51155566759376	7.45034908112907	5.81592827806024	4.02485508906205	-5.64234034740459	-5.64234034740459	8.26563179150148	-5.64234034740459	-5.64234034740459	5.33428782782597	4.00889662451102	-5.64234034740459	4.36959794113634	-5.64234034740459	-5.64234034740459	5.87677591497336	8.61303094826692	6.39815575771972	-5.64234034740459	-5.64234034740459	-5.64234034740459	-5.64234034740459	4.22557183961761	-5.64234034740459	-5.64234034740459	2.39713957169585	1.31515702347236	-5.64234034740459	9.90933786172499	7.46766903265345	-5.64234034740459	6.76961167753779	-5.64234034740459	5.64156181433903	-5.64234034740459	-5.64234034740459	-5.64234034740459	6.80973654118489	-5.64234034740459	-5.64234034740459	-5.64234034740459	-5.64234034740459	-5.64234034740459	7.62590706363812	-5.64234034740459	-5.64234034740459	8.2811551793257	-5.64234034740459	4.79503484449422	-5.64234034740459	-5.64234034740459	-5.64234034740459	-5.64234034740459	8.02942800744583	-5.64234034740459	5.46142820311892	5.06898375199494	4.45962914337488	-5.64234034740459	-5.64234034740459	4.34645296171063	6.95174940462943
ESM718SY	8.92819551797432	6.08858011286545	7.2112707669032	4.81644893112145	5.96737791950679	-4.68139849799223	-4.68139849799223	-4.68139849799223	8.60900324873892	-4.68139849799223	11.4701803804898	-4.68139849799223	-4.68139849799223	-4.68139849799223	-4.68139849799223	-4.68139849799223	8.83312993260054	10.5084985530124	-4.68139849799223	10.0485094005116	11.9357904817234	12.6248237974461	-4.68139849799223	-4.68139849799223	-4.68139849799223	-4.68139849799223	-4.68139849799223	-4.68139849799223	-4.68139849799223	-4.68139849799223	-4.68139849799223	-4.68139849799223	11.7098096781424	-4.68139849799223	10.5068197894032	-4.68139849799223	10.5904969232952	-4.68139849799223	-4.68139849799223	-4.68139849799223	-4.68139849799223	-4.68139849799223	-4.68139849799223	-4.68139849799223	-4.68139849799223	-4.68139849799223	-4.68139849799223	-4.68139849799223	8.68742018793554	7.08842245877669	-4.68139849799223	-4.68139849799223	8.51447738859865	8.09526096164715	-4.68139849799223	-4.68139849799223	-4.68139849799223	5.79337928732496	3.73729944667491	6.55261961713097	-4.68139849799223	8.71580636323681	5.43925477417157	8.30549103001077	5.65097767759565	-4.68139849799223	-4.68139849799223	-4.68139849799223	-4.68139849799223	-4.68139849799223	-4.68139849799223	-4.68139849799223	4.58730511728087	2.22735628132299	5.30831262129252	8.45703702770417	8.34251597897368	7.154704070842	4.78984353090077	8.963265611561	8.32110193223861	-4.68139849799223	8.98308100903854	-4.68139849799223	-4.68139849799223	2.87920266477633	4.37590723781489	-4.68139849799223	10.043350381961	8.64127532817502	-4.68139849799223	3.73508998930238	5.43764388420943	-4.68139849799223	7.13828346047166	-4.68139849799223	-4.68139849799223	-4.68139849799223	1.64832240753047	-4.68139849799223	-4.68139849799223	-4.68139849799223	-4.68139849799223	-4.68139849799223	-4.68139849799223	-4.68139849799223	-4.68139849799223	5.57242897452476	-4.68139849799223	-4.68139849799223	-4.68139849799223	-4.68139849799223	-4.68139849799223	6.83503082130468	-4.68139849799223	3.09387734849463	-4.68139849799223	-4.68139849799223	-4.68139849799223	-4.68139849799223	3.45920854486622	-4.68139849799223
ESM718TF	-5.09712422520087	3.69633613585185	-5.09712422520087	-5.09712422520087	3.79864237885521	-5.09712422520087	-5.09712422520087	-5.09712422520087	8.0038132481061	-5.09712422520087	6.31709630429688	-5.09712422520087	-5.09712422520087	-5.09712422520087	-5.09712422520087	-5.09712422520087	7.33053475981828	6.88755957861135	8.19092476247098	5.64081473859293	7.76442228989148	8.79240880126179	-5.09712422520087	-5.09712422520087	-5.09712422520087	-5.09712422520087	4.30557053926964	6.56887419620419	6.3894675313175	12.7568222469217	-5.09712422520087	3.56174212453151	8.37987541945234	4.27115962484127	7.21484329319288	-5.09712422520087	7.55801884591819	-5.09712422520087	6.76131108532352	5.07681022376533	-5.09712422520087	-5.09712422520087	-5.09712422520087	-5.09712422520087	-5.09712422520087	-5.09712422520087	-5.09712422520087	-5.09712422520087	8.42930461459772	-5.09712422520087	3.48978157862667	-5.09712422520087	5.37397562918936	5.96074139390922	-5.09712422520087	4.5598871756946	-5.09712422520087	-5.09712422520087	-5.09712422520087	7.4797220096475	3.46332000820968	5.08630300464888	4.64801217117988	8.12629822992735	-5.09712422520087	-5.09712422520087	6.51908860794121	-5.09712422520087	-5.09712422520087	-5.09712422520087	-5.09712422520087	-5.09712422520087	-5.09712422520087	-5.09712422520087	-5.09712422520087	6.70046125038882	9.26638114366458	6.18375568291693	5.46778761569925	7.40423029101841	7.7083369668151	-5.09712422520087	7.95623413778564	2.29982437742014	6.01518933579116	3.57210312207086	-5.09712422520087	-5.09712422520087	10.6137173684334	-5.09712422520087	3.51191861984525	-5.09712422520087	5.59438877625739	-5.09712422520087	6.60087733267632	3.68565879219233	5.90915022352467	-5.09712422520087	-5.09712422520087	-5.09712422520087	-5.09712422520087	-5.09712422520087	-5.09712422520087	-5.09712422520087	-5.09712422520087	-5.09712422520087	-5.09712422520087	-5.09712422520087	2.28125948779584	3.53891810005375	-5.09712422520087	5.78939640015121	-5.09712422520087	-5.09712422520087	6.83924378110817	-5.09712422520087	-5.09712422520087	7.08101694327559	6.45618473816424	8.62780604934216	-5.09712422520087	-5.09712422520087
ESM718TM	-3.85228728896242	-3.85228728896242	-3.85228728896242	-3.85228728896242	5.93640650557162	-3.85228728896242	-3.85228728896242	-3.85228728896242	10.657485327854	-3.85228728896242	-3.85228728896242	-3.85228728896242	-3.85228728896242	-3.85228728896242	7.66064817595781	-3.85228728896242	8.78186286634656	9.5128042040626	9.98516184882055	7.6370726779851	9.34105818011784	10.5873209693297	5.69101918030568	-3.85228728896242	-3.85228728896242	-3.85228728896242	-3.85228728896242	8.94819172944307	7.02879303482402	14.1485938623058	3.65485379076519	6.67609536961743	11.3127060726211	7.16881420524895	9.42071948206803	-3.85228728896242	9.18988720341831	-3.85228728896242	6.60712352824273	6.95300660124689	-3.85228728896242	-3.85228728896242	-3.85228728896242	-3.85228728896242	-3.85228728896242	-3.85228728896242	-3.85228728896242	-3.85228728896242	-3.85228728896242	-3.85228728896242	-3.85228728896242	-3.85228728896242	-3.85228728896242	-3.85228728896242	-3.85228728896242	8.24258001536925	-3.85228728896242	-3.85228728896242	-3.85228728896242	7.31858439148869	-3.85228728896242	4.15441355647794	-3.85228728896242	7.34443316462279	-3.85228728896242	-3.85228728896242	-3.85228728896242	-3.85228728896242	-3.85228728896242	-3.85228728896242	-3.85228728896242	-3.85228728896242	-3.85228728896242	-3.85228728896242	-3.85228728896242	-3.85228728896242	7.2442283928501	8.87362324758041	-3.85228728896242	4.91192221817958	9.12018532228466	-3.85228728896242	8.92541723271317	6.33378185063653	-3.85228728896242	-3.85228728896242	-3.85228728896242	-3.85228728896242	11.4423727532847	-3.85228728896242	-3.85228728896242	-3.85228728896242	6.00258758365301	-3.85228728896242	6.82548954725049	-3.85228728896242	7.19240897153886	-3.85228728896242	2.78234606889926	-3.85228728896242	-3.85228728896242	-3.85228728896242	-3.85228728896242	-3.85228728896242	-3.85228728896242	-3.85228728896242	-3.85228728896242	-3.85228728896242	-3.85228728896242	-3.85228728896242	-3.85228728896242	7.77138316931247	-3.85228728896242	-3.85228728896242	7.4270780601704	-3.85228728896242	-3.85228728896242	-3.85228728896242	8.00522738073097	9.0698699517223	-3.85228728896242	-3.85228728896242
ESM718UH	-5.42052222076602	-5.42052222076602	5.18187090094072	5.31371996153767	6.54920131257989	-5.42052222076602	-5.42052222076602	-5.42052222076602	9.43232468782289	-5.42052222076602	11.636731148239	-5.42052222076602	7.13211796051372	5.43019255720984	-5.42052222076602	4.69367186298063	-5.42052222076602	6.74645090426674	11.8519159040079	4.82517110023908	11.0854854469001	-5.42052222076602	6.55809132485108	-5.42052222076602	-5.42052222076602	-5.42052222076602	3.33741865591278	7.49319451549674	7.8934048727991	-5.42052222076602	5.40027554379773	-5.42052222076602	9.45839166818365	7.16566695518387	8.92722176985508	-5.42052222076602	9.54661076230349	2.99596626652858	-5.42052222076602	-5.42052222076602	-5.42052222076602	-5.42052222076602	-5.42052222076602	3.79490519025872	-5.42052222076602	-5.42052222076602	-5.42052222076602	-5.42052222076602	-5.42052222076602	5.92671459055205	-5.42052222076602	2.47342291746994	4.84137377233499	5.52678698942205	-5.42052222076602	4.83857470819337	-5.42052222076602	-5.42052222076602	2.12961312172241	5.47900949871328	-5.42052222076602	4.07206045491158	3.70871654977312	4.75303063619372	-5.42052222076602	-5.42052222076602	6.06123244339082	-5.42052222076602	-5.42052222076602	-5.42052222076602	-5.42052222076602	-5.42052222076602	-5.42052222076602	2.08661885896159	-5.42052222076602	7.82706488599221	9.40195708239432	9.91803380833523	6.90302674672203	7.12889541836392	6.65630127879113	-5.42052222076602	6.7393546422743	5.93587808085425	-5.42052222076602	4.19601632389415	-5.42052222076602	-5.42052222076602	9.40633867203043	6.52250242660404	-5.42052222076602	3.17566697687671	-5.42052222076602	-5.42052222076602	8.02418694024843	-5.42052222076602	-5.42052222076602	4.34548328844884	-5.42052222076602	-5.42052222076602	-5.42052222076602	-5.42052222076602	-5.42052222076602	6.50213258088605	-5.42052222076602	-5.42052222076602	7.38348267098378	4.47750042633904	-5.42052222076602	-5.42052222076602	-5.42052222076602	4.77230852379852	-5.42052222076602	-5.42052222076602	6.10493440027696	-5.42052222076602	3.88430981430288	3.20480762925479	-5.42052222076602	-5.42052222076602	-5.42052222076602	5.47660591807159
ESM718V8	7.58639269855762	6.69556739349222	4.1350746330618	-5.09907991701364	7.0064594319555	-5.09907991701364	-5.09907991701364	-5.09907991701364	9.69903743819412	-5.09907991701364	-5.09907991701364	-5.09907991701364	-5.09907991701364	-5.09907991701364	5.61380334164687	-5.09907991701364	7.40843346496582	7.95718852867431	8.398441926695	4.97250348505246	8.42900320274347	8.92182642829019	5.10158201315762	-5.09907991701364	-5.09907991701364	-5.09907991701364	-5.09907991701364	6.9895090230564	5.29209768388632	12.8947619842915	3.69589651467513	6.37885029495933	9.58035845396131	6.62783533107734	7.85294818030688	-5.09907991701364	7.95738080925072	3.6121986981168	-5.09907991701364	-5.09907991701364	-5.09907991701364	-5.09907991701364	-5.09907991701364	-5.09907991701364	-5.09907991701364	-5.09907991701364	5.0223778280627	-5.09907991701364	7.32496694179572	4.66290167322831	-5.09907991701364	-5.09907991701364	6.20091219471724	6.93282384815886	-5.09907991701364	8.78024171005913	-5.09907991701364	3.67755018141408	-5.09907991701364	6.39028004993388	4.38593327282068	7.58673317572417	5.55254003691478	8.53971852180246	-5.09907991701364	-5.09907991701364	6.3493176934288	-5.09907991701364	-5.09907991701364	-5.09907991701364	-5.09907991701364	-5.09907991701364	-5.09907991701364	-5.09907991701364	-5.09907991701364	6.748322939053	8.19559003424158	9.35299212598912	3.95589236772885	6.78493312906182	5.99028265847623	-5.09907991701364	8.01470880286492	4.83692322719917	-5.09907991701364	5.78068278432566	-5.09907991701364	-5.09907991701364	10.4064749790625	-5.09907991701364	5.48221272578316	4.21571055631901	3.97784334152219	-5.09907991701364	8.88791114531671	5.17497069162139	-5.09907991701364	3.63015543264564	-5.09907991701364	-5.09907991701364	-5.09907991701364	-5.09907991701364	-5.09907991701364	-5.09907991701364	-5.09907991701364	-5.09907991701364	-5.09907991701364	-5.09907991701364	-5.09907991701364	-5.09907991701364	-5.09907991701364	-5.09907991701364	-5.09907991701364	-5.09907991701364	6.18745924460053	-5.09907991701364	-5.09907991701364	-5.09907991701364	-5.09907991701364	-5.09907991701364	-5.09907991701364	-5.09907991701364
ESM7F5AK	-6.9118421276602	-6.9118421276602	4.07988746120284	5.33882618312979	6.06854515794826	-6.9118421276602	1.09152093096974	-6.9118421276602	8.16551317718112	-6.9118421276602	9.68157989906144	-6.9118421276602	4.90673547659135	-6.9118421276602	-6.9118421276602	4.71513497550931	-6.9118421276602	4.16197354108563	9.70235615375474	1.53299540156389	8.56317778096341	1.56681811403925	3.97055408472878	-6.9118421276602	-6.9118421276602	0.733555571768429	3.08061737867819	6.31150801448292	6.4374671629094	-6.9118421276602	4.70617281624071	-6.9118421276602	8.23860133681882	5.26470386511162	6.72614454625095	-6.9118421276602	7.93324891815606	2.72579007365025	-6.9118421276602	-6.9118421276602	-6.9118421276602	3.47070170495293	-6.9118421276602	4.97389439115601	5.42161618917707	2.3820118445438	2.30159344922328	-6.9118421276602	-6.9118421276602	5.98730519580166	-6.9118421276602	4.90585111426945	6.68193763058621	5.52176839995464	3.26628025097827	6.68202500324062	-6.9118421276602	3.37762185640023	2.97404137892756	5.86983494640311	4.50160548481035	4.91312382017138	5.62730771213712	6.22021610242097	-6.9118421276602	-6.9118421276602	6.15743898768667	-6.9118421276602	-6.9118421276602	4.06015926572	3.86713499534615	-6.9118421276602	3.98621114908893	5.05585276310233	-6.9118421276602	6.37001932104081	9.26514403064209	8.38238038263382	4.79129865622308	6.20204744828473	5.1876525948057	-6.9118421276602	6.09086120360522	5.22504655669798	-6.9118421276602	4.54832581356695	2.06163602086083	-6.9118421276602	9.92779674297386	5.33225339852364	2.80356733096959	6.23864407000056	-6.9118421276602	3.91770825389878	-6.9118421276602	-6.9118421276602	-6.9118421276602	4.69976056949877	-6.9118421276602	-6.9118421276602	-6.9118421276602	-6.9118421276602	3.60604697286327	6.56174275065656	-6.9118421276602	-6.9118421276602	7.81262473087448	5.36623019770791	-6.9118421276602	-6.9118421276602	-6.9118421276602	-6.9118421276602	-6.9118421276602	-6.9118421276602	2.76543467451224	-6.9118421276602	3.64659736630433	-6.9118421276602	-6.9118421276602	-6.9118421276602	-6.9118421276602	4.70400989328973
ESM9IEP1	-3.53473062919693	7.82096776202847	-3.53473062919693	-3.53473062919693	7.71736239746082	-3.53473062919693	-3.53473062919693	-3.53473062919693	10.3734147147132	-3.53473062919693	-3.53473062919693	-3.53473062919693	-3.53473062919693	-3.53473062919693	7.69145898218189	-3.53473062919693	9.45385218168449	9.64756254045037	10.3914362966125	7.70047629540768	10.5442827755731	10.9531277955041	6.32954821011391	-3.53473062919693	-3.53473062919693	-3.53473062919693	6.41473360957922	9.73831054741686	7.32024103878146	14.3635189228198	7.19141806243122	9.97737625031236	11.9809522955959	9.3193375303558	9.36875757439513	-3.53473062919693	9.86937873692417	-3.53473062919693	-3.53473062919693	-3.53473062919693	-3.53473062919693	-3.53473062919693	-3.53473062919693	-3.53473062919693	-3.53473062919693	-3.53473062919693	-3.53473062919693	-3.53473062919693	-3.53473062919693	-3.53473062919693	-3.53473062919693	-3.53473062919693	-3.53473062919693	-3.53473062919693	-3.53473062919693	-3.53473062919693	-3.53473062919693	-3.53473062919693	-3.53473062919693	7.78510753576786	-3.53473062919693	-3.53473062919693	-3.53473062919693	-3.53473062919693	-3.53473062919693	-3.53473062919693	-3.53473062919693	-3.53473062919693	-3.53473062919693	-3.53473062919693	-3.53473062919693	-3.53473062919693	-3.53473062919693	-3.53473062919693	-3.53473062919693	-3.53473062919693	-3.53473062919693	10.5519903351069	7.3504795271942	6.67701338402658	4.48191724786087	-3.53473062919693	10.9858166478103	7.65330921432397	-3.53473062919693	-3.53473062919693	-3.53473062919693	-3.53473062919693	11.703671613037	8.39282448753686	6.93096933712188	-3.53473062919693	5.10839011881709	-3.53473062919693	8.50061893640384	-3.53473062919693	-3.53473062919693	-3.53473062919693	-3.53473062919693	-3.53473062919693	-3.53473062919693	-3.53473062919693	-3.53473062919693	-3.53473062919693	-3.53473062919693	-3.53473062919693	-3.53473062919693	-3.53473062919693	-3.53473062919693	-3.53473062919693	-3.53473062919693	-3.53473062919693	-3.53473062919693	-3.53473062919693	8.70129394517389	-3.53473062919693	-3.53473062919693	8.53064788960923	-3.53473062919693	-3.53473062919693	-3.53473062919693	-3.53473062919693
HSM5MD3Y	-4.65262942263313	4.54269882922255	4.69929731340492	4.34957915564928	6.18304189577906	-4.65262942263313	-4.65262942263313	-4.65262942263313	11.0593100314702	-4.65262942263313	11.6371607678654	-4.65262942263313	-4.65262942263313	-4.65262942263313	-4.65262942263313	10.8919955785167	-4.65262942263313	9.86084221048558	10.3299495736991	9.07741147837111	11.5111994390557	-4.65262942263313	3.82395008589781	-4.65262942263313	-4.65262942263313	-4.65262942263313	-4.65262942263313	-4.65262942263313	-4.65262942263313	-4.65262942263313	-4.65262942263313	-4.65262942263313	-4.65262942263313	5.67354082762822	9.81393520133996	-4.65262942263313	11.1230577470164	-4.65262942263313	-4.65262942263313	5.58127636368825	-4.65262942263313	-4.65262942263313	-4.65262942263313	-4.65262942263313	-4.65262942263313	-4.65262942263313	-4.65262942263313	-4.65262942263313	-4.65262942263313	3.65901452586985	-4.65262942263313	9.54242038738339	8.93277716641504	10.1906456189005	-4.65262942263313	-4.65262942263313	-4.65262942263313	6.35298091622423	6.53125016194401	6.37936896891697	-4.65262942263313	-4.65262942263313	4.60944914474746	8.73418987635182	-4.65262942263313	-4.65262942263313	9.59822926496076	-4.65262942263313	-4.65262942263313	-4.65262942263313	-4.65262942263313	-4.65262942263313	-4.65262942263313	-4.65262942263313	5.42988259057765	-4.65262942263313	7.09735038833552	12.2860237749408	-4.65262942263313	-4.65262942263313	6.9111887565031	-4.65262942263313	6.59699433861069	-4.65262942263313	-4.65262942263313	4.79127996614084	-4.65262942263313	-4.65262942263313	11.4895021375282	6.83025942596056	-4.65262942263313	-4.65262942263313	-4.65262942263313	-4.65262942263313	-4.65262942263313	-4.65262942263313	-4.65262942263313	6.53055509963844	-4.65262942263313	-4.65262942263313	-4.65262942263313	-4.65262942263313	-4.65262942263313	-4.65262942263313	-4.65262942263313	-4.65262942263313	-4.65262942263313	-4.65262942263313	8.10023716111241	8.53608520691869	8.59703774607824	9.6178352110078	6.75550203285101	8.66311249058337	-4.65262942263313	7.70719811012303	-4.65262942263313	7.87382600129779	9.60113025979383	-4.65262942263313	10.1488923139452	-4.65262942263313
HSM5MD41	-5.66311595885012	6.29584697759327	6.76862105805592	5.24377536404876	5.90364406874852	-5.66311595885012	-5.66311595885012	3.23675125237347	10.5957455651589	-5.66311595885012	10.1267659996401	-5.66311595885012	-5.66311595885012	-5.66311595885012	-5.66311595885012	10.9294919546744	-5.66311595885012	10.4189711982499	10.9870105472964	8.6824350303853	11.2245808871398	-5.66311595885012	1.94327143092253	-5.66311595885012	-5.66311595885012	-5.66311595885012	-5.66311595885012	-5.66311595885012	-5.66311595885012	-5.66311595885012	-5.66311595885012	-5.66311595885012	-5.66311595885012	6.56413581714131	9.51474738429503	-5.66311595885012	9.05446104378164	-5.66311595885012	-5.66311595885012	-5.66311595885012	-5.66311595885012	5.56467086307443	-5.66311595885012	-5.66311595885012	4.94250329231742	2.51186857409297	-5.66311595885012	-5.66311595885012	-5.66311595885012	5.86952389422921	0.958289692914017	-5.66311595885012	6.23003201709079	5.3270968439597	5.37886143102577	6.24778664926237	-5.66311595885012	2.72874074125482	4.33890384975026	5.70155308762082	-5.66311595885012	5.07482300494368	5.2258338477548	6.58530231987317	-5.66311595885012	-5.66311595885012	6.59503192526954	-5.66311595885012	-5.66311595885012	6.86999528037047	-5.66311595885012	-5.66311595885012	4.60539657879615	-5.66311595885012	7.84749990241076	-5.66311595885012	6.05536733099654	-5.66311595885012	2.64113150622836	-5.66311595885012	5.18779270775673	-5.66311595885012	2.45389812888719	-5.66311595885012	-5.66311595885012	5.17903028702211	2.72874074125482	5.09011645771627	9.18801774351799	7.94723953053052	-5.66311595885012	5.90250631512008	5.12312622434071	4.35775454932105	3.1394065394343	-5.66311595885012	-5.66311595885012	4.40508062316305	6.93817278600191	3.58268807740163	2.59556553741412	-5.66311595885012	3.33043562744986	-5.66311595885012	-5.66311595885012	-5.66311595885012	-5.66311595885012	2.60330551413444	-5.66311595885012	-5.66311595885012	-5.66311595885012	5.43597446766775	-5.66311595885012	5.70629703931271	-5.66311595885012	5.18585212769071	5.60940534384677	7.52814081842736	-5.66311595885012	-5.66311595885012	7.10417404855384	-5.66311595885012
HSM5MD43	-5.17055703730196	6.35391154876325	8.55324494728015	6.21534154903737	6.53975099588753	-5.17055703730196	-5.17055703730196	-5.17055703730196	10.400707675132	-5.17055703730196	10.870602600207	-5.17055703730196	-5.17055703730196	-5.17055703730196	-5.17055703730196	10.4400442683491	-5.17055703730196	11.6463443046072	11.3542996150653	7.27445770275121	11.5325654180892	-5.17055703730196	-5.17055703730196	-5.17055703730196	-5.17055703730196	-5.17055703730196	-5.17055703730196	-5.17055703730196	-5.17055703730196	-5.17055703730196	-5.17055703730196	-5.17055703730196	-5.17055703730196	6.23356867126293	8.48694323546481	-5.17055703730196	7.92667518136469	-5.17055703730196	-5.17055703730196	-5.17055703730196	-5.17055703730196	-5.17055703730196	-5.17055703730196	-5.17055703730196	3.58895468481453	-5.17055703730196	-5.17055703730196	-5.17055703730196	-5.17055703730196	5.6098773263653	3.07771041014494	8.92585339592148	4.82190246903643	4.46315384665122	-5.17055703730196	5.20234021814057	-5.17055703730196	3.05119069104466	6.48153018997139	5.01362573638638	-5.17055703730196	7.13504867725342	4.76253785998682	7.28120703480268	-5.17055703730196	-5.17055703730196	7.36323897052965	-5.17055703730196	-5.17055703730196	5.06406711405157	3.7128058796148	-5.17055703730196	-5.17055703730196	-5.17055703730196	8.52282091432322	-5.17055703730196	8.60401797802905	4.21213872715633	6.79853298720748	-5.17055703730196	6.63817490756347	-5.17055703730196	7.43640693921305	-5.17055703730196	3.32867582873728	6.02958732671702	-5.17055703730196	-5.17055703730196	11.3674009820374	6.9063802531418	-5.17055703730196	-5.17055703730196	5.73321306982907	4.18310415411844	7.43221238664452	-5.17055703730196	-5.17055703730196	8.14488813071263	-5.17055703730196	-5.17055703730196	-5.17055703730196	-5.17055703730196	4.75767190712261	-5.17055703730196	-5.17055703730196	-5.17055703730196	-5.17055703730196	5.78254511820174	-5.17055703730196	-5.17055703730196	-5.17055703730196	4.56397917737838	-5.17055703730196	5.94652191222593	-5.17055703730196	4.58506835449178	5.33918449363974	7.28600580803725	5.67841104923886	-5.17055703730196	8.10799095009061	-5.17055703730196
HSM5MD4O	-5.14241786053309	-5.14241786053309	6.60043608596622	-5.14241786053309	6.16766900521327	-5.14241786053309	-5.14241786053309	-5.14241786053309	11.2843060272618	-5.14241786053309	-5.14241786053309	-5.14241786053309	-5.14241786053309	-5.14241786053309	-5.14241786053309	10.5618353401682	-5.14241786053309	4.8500416458053	-5.14241786053309	-5.14241786053309	10.1674072591092	12.2774565030871	9.20064622637627	-5.14241786053309	-5.14241786053309	-5.14241786053309	-5.14241786053309	8.48896671363758	-5.14241786053309	-5.14241786053309	-5.14241786053309	-5.14241786053309	9.8987167134854	7.22254137553188	10.2447521042306	-5.14241786053309	9.72577308320648	-5.14241786053309	4.80561275475371	6.73793157009155	-5.14241786053309	-5.14241786053309	-5.14241786053309	5.55882460495056	-5.14241786053309	-5.14241786053309	-5.14241786053309	-5.14241786053309	8.16456609555462	-5.14241786053309	4.40017155721999	-5.14241786053309	-5.14241786053309	7.90332577748504	-5.14241786053309	6.45311010995392	-5.14241786053309	3.23113588068153	4.3501648151445	5.32242682006817	3.27628008413404	7.24510512906208	6.19139290019065	7.2476041828053	1.99724247543183	-5.14241786053309	4.8436169529706	-5.14241786053309	-5.14241786053309	-5.14241786053309	-5.14241786053309	-5.14241786053309	-5.14241786053309	-5.14241786053309	4.41087371416201	-5.14241786053309	8.11223789223078	-5.14241786053309	7.8502945855088	6.54362863253934	2.66590518985796	-5.14241786053309	9.95979349313474	-5.14241786053309	4.23521502921728	6.48847728934013	-5.14241786053309	-5.14241786053309	11.3889980326938	7.00566013925974	-5.14241786053309	-5.14241786053309	4.15327417854259	-5.14241786053309	-5.14241786053309	-5.14241786053309	-5.14241786053309	-5.14241786053309	5.54087610422339	-5.14241786053309	4.27745383533744	-5.14241786053309	4.67010505662894	7.1018220588626	-5.14241786053309	-5.14241786053309	-5.14241786053309	5.72559805447568	7.84872231546546	-5.14241786053309	-5.14241786053309	6.73049405926627	-5.14241786053309	5.9853009020953	-5.14241786053309	5.04440483021112	5.38516149912282	5.42197773142033	5.4286682687166	-5.14241786053309	8.4328296908929	-5.14241786053309
HSM5MD5D	5.67967573424534	4.81153664995653	4.6487014116151	6.53216429215915	6.32825894850093	-6.66224249909287	2.7153903906575	-6.66224249909287	8.60389334145654	-6.66224249909287	3.53879081933192	8.98196534897441	-6.66224249909287	-6.66224249909287	7.2939521846004	-6.66224249909287	-6.66224249909287	7.65292211237485	6.79422030203741	6.76582605446963	8.32417961354141	10.0987465501894	-6.66224249909287	-6.66224249909287	-6.66224249909287	-6.66224249909287	-6.66224249909287	-6.66224249909287	-6.66224249909287	-6.66224249909287	6.87376709635837	-6.66224249909287	-6.66224249909287	-6.66224249909287	8.70163046035383	-6.66224249909287	8.9531744185496	-6.66224249909287	-6.66224249909287	-6.66224249909287	-6.66224249909287	4.02311256656273	-6.66224249909287	-6.66224249909287	4.63017344246379	6.6330501318592	4.90707275106463	3.75379918248291	3.88732683157672	4.84979256959221	-6.66224249909287	5.56677000433803	7.65974283139608	3.29198569514644	-6.66224249909287	3.3352361818635	-6.66224249909287	-6.66224249909287	-6.66224249909287	-6.66224249909287	-6.66224249909287	4.84839033981747	-6.66224249909287	6.12956192372549	-6.66224249909287	-6.66224249909287	6.13361758623156	-6.66224249909287	4.19696801456112	4.72830061958857	2.47885497014115	-6.66224249909287	-6.66224249909287	-6.66224249909287	3.87917017950298	7.1833325584692	8.51951046661595	7.33571544108234	5.19328636842881	-6.66224249909287	3.4397269916866	-6.66224249909287	7.86195930209532	-6.66224249909287	-6.66224249909287	-6.66224249909287	3.88915948472344	5.57358795800139	10.199977199255	7.29688430300375	3.08464972122018	7.65864546803279	-6.66224249909287	5.48158765407382	7.0772948097081	8.18045988898886	-6.66224249909287	5.87762379885275	-6.66224249909287	-6.66224249909287	-6.66224249909287	-6.66224249909287	4.25956877088253	7.47257306391708	-6.66224249909287	-6.66224249909287	-6.66224249909287	6.2568069147143	-6.66224249909287	4.19542869425178	3.09396240129381	2.67921385074084	-6.66224249909287	7.85905057628896	-6.66224249909287	5.19690042037974	5.11343946110461	1.25383559720991	1.75424598820173	1.60930587566264	5.37606808394423	4.88005728508353
HSM5MD5P	-3.31455269919727	-3.31455269919727	6.05543749030845	-3.31455269919727	-3.31455269919727	-3.31455269919727	-3.31455269919727	-3.31455269919727	-3.31455269919727	-3.31455269919727	-3.31455269919727	-3.31455269919727	-3.31455269919727	-3.31455269919727	-3.31455269919727	12.6112560252008	-3.31455269919727	11.8201640511586	13.4314927808691	-3.31455269919727	13.1367112363388	13.942006555993	-3.31455269919727	-3.31455269919727	-3.31455269919727	-3.31455269919727	-3.31455269919727	-3.31455269919727	-3.31455269919727	-3.31455269919727	9.47127723971305	-3.31455269919727	-3.31455269919727	-3.31455269919727	11.507243213325	-3.31455269919727	9.44350958612313	-3.31455269919727	-3.31455269919727	-3.31455269919727	-3.31455269919727	-3.31455269919727	-3.31455269919727	-3.31455269919727	8.67709453138839	9.86207345930164	-3.31455269919727	-3.31455269919727	-3.31455269919727	-3.31455269919727	-3.31455269919727	-3.31455269919727	-3.31455269919727	-3.31455269919727	-3.31455269919727	7.52563587098464	6.96363142777539	-3.31455269919727	9.20874018974545	-3.31455269919727	-3.31455269919727	-3.31455269919727	-3.31455269919727	-3.31455269919727	-3.31455269919727	9.10048749118936	-3.31455269919727	-3.31455269919727	-3.31455269919727	5.42113324531775	-3.31455269919727	10.3037512674729	-3.31455269919727	8.74058658538032	7.74881469435417	-3.31455269919727	-3.31455269919727	11.9113253723588	8.17879231379402	10.1883968563689	-3.31455269919727	-3.31455269919727	-3.31455269919727	-3.31455269919727	-3.31455269919727	-3.31455269919727	8.6698191038137	2.28756612168243	10.2339420928207	10.4664192076348	-3.31455269919727	-3.31455269919727	-3.31455269919727	-3.31455269919727	-3.31455269919727	-3.31455269919727	-3.31455269919727	8.42988916674711	-3.31455269919727	-3.31455269919727	-3.31455269919727	-3.31455269919727	-3.31455269919727	-3.31455269919727	-3.31455269919727	-3.31455269919727	-3.31455269919727	9.8030614183047	-3.31455269919727	-3.31455269919727	-3.31455269919727	5.55905540235184	-3.31455269919727	-3.31455269919727	-3.31455269919727	-3.31455269919727	-3.31455269919727	9.09045686694841	5.87874323816966	-3.31455269919727	-3.31455269919727	12.6412288248192
HSM5MD62	-4.59675518151789	4.79097795401549	7.15998667155588	-4.59675518151789	4.94367999154168	-4.59675518151789	-4.59675518151789	-4.59675518151789	9.99465282669268	-4.59675518151789	-4.59675518151789	-4.59675518151789	-4.59675518151789	-4.59675518151789	-4.59675518151789	9.33450167268983	-4.59675518151789	8.80046487344647	-4.59675518151789	11.9776920191828	12.2594868757294	12.6388442187845	10.8797246449291	-4.59675518151789	-4.59675518151789	-4.59675518151789	-4.59675518151789	9.96313782471036	-4.59675518151789	-4.59675518151789	-4.59675518151789	-4.59675518151789	-4.59675518151789	8.08069826951531	9.7442002168164	-4.59675518151789	10.2110478005397	-4.59675518151789	-4.59675518151789	5.77520357670252	-4.59675518151789	3.60325846665754	-4.59675518151789	-4.59675518151789	-4.59675518151789	-4.59675518151789	-4.59675518151789	-4.59675518151789	-4.59675518151789	-4.59675518151789	-4.59675518151789	8.65826845918796	-4.59675518151789	3.32296457940668	5.91325900729441	-4.59675518151789	-4.59675518151789	-4.59675518151789	4.69248878805375	-4.59675518151789	3.41327234696384	4.90782074187991	5.02774571693368	5.75273143216669	5.92706689398836	-4.59675518151789	7.67730783316164	-4.59675518151789	-4.59675518151789	4.82958327361163	-4.59675518151789	-4.59675518151789	-4.59675518151789	-4.59675518151789	3.46504709302045	-4.59675518151789	-4.59675518151789	-4.59675518151789	-4.59675518151789	8.58049592255533	6.29480408398697	-4.59675518151789	10.6900411800277	-4.59675518151789	4.87756353621083	5.93376645811865	-4.59675518151789	-4.59675518151789	11.1443186386946	8.29672570833486	1.55810291249852	-4.59675518151789	-4.59675518151789	-4.59675518151789	7.53723589884683	-4.59675518151789	-4.59675518151789	-4.59675518151789	-4.59675518151789	-4.59675518151789	-4.59675518151789	-4.59675518151789	-4.59675518151789	9.71692788612904	-4.59675518151789	-4.59675518151789	4.53573175125342	8.23888832703493	7.57219175480492	7.35120066627301	2.51882694466656	8.05695085998099	-4.59675518151789	-4.59675518151789	7.1425964411142	-4.59675518151789	5.84267003159908	5.57488752816179	4.95084283285334	-4.59675518151789	-4.59675518151789	-4.59675518151789
HSM5MD6A	-4.63998719652813	-4.63998719652813	8.95516467877305	-4.63998719652813	-4.63998719652813	-4.63998719652813	-4.63998719652813	-4.63998719652813	10.7845313814798	-4.63998719652813	-4.63998719652813	-4.63998719652813	-4.63998719652813	-4.63998719652813	-4.63998719652813	11.4212704480778	-4.63998719652813	6.37405768444398	-4.63998719652813	10.8140133458039	11.5988454340063	12.4028518020826	11.1450371680161	-4.63998719652813	-4.63998719652813	-4.63998719652813	-4.63998719652813	8.82947885648712	-4.63998719652813	-4.63998719652813	9.39996287263147	-4.63998719652813	10.725173264496	-4.63998719652813	-4.63998719652813	-4.63998719652813	11.2400772549968	-4.63998719652813	6.85712387754774	7.79926249602796	-4.63998719652813	-4.63998719652813	-4.63998719652813	-4.63998719652813	-4.63998719652813	-4.63998719652813	-4.63998719652813	-4.63998719652813	-4.63998719652813	8.06379847722211	5.02340137029438	10.0576536115634	-4.63998719652813	8.79949229050514	6.96925703036553	-4.63998719652813	-4.63998719652813	8.34703973154516	8.03076555842735	-4.63998719652813	-4.63998719652813	9.07737124715885	6.79054530107067	8.33642743966832	-4.63998719652813	5.15038764737635	8.81541538853399	-4.63998719652813	-4.63998719652813	8.56640661927988	-4.63998719652813	-4.63998719652813	-4.63998719652813	-4.63998719652813	-4.63998719652813	-4.63998719652813	10.4683970315429	7.68276120518405	-4.63998719652813	-4.63998719652813	8.15847539143495	-4.63998719652813	-4.63998719652813	-4.63998719652813	-4.63998719652813	5.66197441692731	-4.63998719652813	-4.63998719652813	10.1269267646178	7.25745889758953	5.51274041204348	6.17961107168021	-4.63998719652813	-4.63998719652813	-4.63998719652813	8.70411234228168	-4.63998719652813	8.03974177402465	-4.63998719652813	-4.63998719652813	-4.63998719652813	-4.63998719652813	-4.63998719652813	-4.63998719652813	-4.63998719652813	-4.63998719652813	-4.63998719652813	9.06181812524276	-4.63998719652813	5.43497159374754	-4.63998719652813	-4.63998719652813	-4.63998719652813	10.1779738077383	-4.63998719652813	7.19770656610926	-4.63998719652813	-4.63998719652813	8.02701995276908	-4.63998719652813	8.4924868949069	-4.63998719652813
HSM5MD6K	-4.06895458094269	-4.06895458094269	-4.06895458094269	-4.06895458094269	-4.06895458094269	-4.06895458094269	-4.06895458094269	-4.06895458094269	-4.06895458094269	-4.06895458094269	-4.06895458094269	-4.06895458094269	-4.06895458094269	-4.06895458094269	-4.06895458094269	-4.06895458094269	11.8761915779013	11.0966403482092	13.4610578795872	-4.06895458094269	3.53244775364105	-4.06895458094269	11.0944735288012	-4.06895458094269	-4.06895458094269	-4.06895458094269	-4.06895458094269	-4.06895458094269	-4.06895458094269	-4.06895458094269	10.8785034236614	-4.06895458094269	-4.06895458094269	8.17403323740862	-4.06895458094269	-4.06895458094269	-4.06895458094269	-4.06895458094269	-4.06895458094269	-4.06895458094269	-4.06895458094269	-4.06895458094269	-4.06895458094269	8.23647006521814	-4.06895458094269	-4.06895458094269	3.73936846944837	-4.06895458094269	6.91601605618281	7.79990255180497	6.97701859470552	-4.06895458094269	-4.06895458094269	9.48708681769001	-4.06895458094269	7.33717600683153	-4.06895458094269	7.84770783306198	-4.06895458094269	7.32632408908997	-4.06895458094269	7.37108831460727	6.41789318754265	8.63178686702275	8.19793560896964	-4.06895458094269	9.96195038109946	-4.06895458094269	-4.06895458094269	-4.06895458094269	-4.06895458094269	-4.06895458094269	-4.06895458094269	-4.06895458094269	-4.06895458094269	8.39775391312746	11.3108063380768	-4.06895458094269	6.26113967945498	4.60541328484555	9.43725659172734	-4.06895458094269	9.59967993937188	-4.06895458094269	-4.06895458094269	7.84737386741726	-4.06895458094269	-4.06895458094269	13.0143027627951	9.54837451418098	5.65187135698638	6.91584649568322	-4.06895458094269	-4.06895458094269	6.4145394491766	9.24487342767187	-4.06895458094269	-4.06895458094269	-4.06895458094269	-4.06895458094269	-4.06895458094269	-4.06895458094269	4.79762707236131	6.01062684321599	-4.06895458094269	-4.06895458094269	-4.06895458094269	4.58469073360905	-4.06895458094269	-4.06895458094269	-4.06895458094269	-4.06895458094269	-4.06895458094269	9.40457398956178	-4.06895458094269	6.39902257744498	7.3257615075008	-4.06895458094269	-4.06895458094269	-4.06895458094269	6.45271411966347	-4.06895458094269
HSM5MD73	2.54449876276974	7.57727782809844	5.08514409432402	-5.18787045951465	6.22679146878305	-5.18787045951465	-5.18787045951465	-5.18787045951465	10.4982678937273	-5.18787045951465	-5.18787045951465	-5.18787045951465	-5.18787045951465	-5.18787045951465	-5.18787045951465	9.50957993632965	-5.18787045951465	7.88126301263916	-5.18787045951465	10.2434200575239	10.7763022690111	11.9663197069981	9.1831049976396	-5.18787045951465	-5.18787045951465	-5.18787045951465	-5.18787045951465	9.57077176775727	-5.18787045951465	-5.18787045951465	-5.18787045951465	-5.18787045951465	-5.18787045951465	7.03038270142469	9.32004750544457	-5.18787045951465	9.67764355650638	-5.18787045951465	-5.18787045951465	-5.18787045951465	-5.18787045951465	-5.18787045951465	-5.18787045951465	-5.18787045951465	4.02656153036479	-5.18787045951465	-5.18787045951465	-5.18787045951465	7.97459977676139	-5.18787045951465	-5.18787045951465	6.89020402820185	-5.18787045951465	5.14255010774489	6.31683128315561	5.72995969736889	-5.18787045951465	-5.18787045951465	4.04530714636429	5.74113884049536	4.2048747991168	6.31733528494036	4.42399393133644	6.95147994897165	4.69953852280879	-5.18787045951465	7.96895424619452	-5.18787045951465	-5.18787045951465	-5.18787045951465	-5.18787045951465	5.31722447694091	-5.18787045951465	-5.18787045951465	3.15758496864728	-5.18787045951465	10.2953622019098	-5.18787045951465	5.29674273358763	9.99998030158712	7.77610895702542	-5.18787045951465	9.49049671970777	-5.18787045951465	-5.18787045951465	-5.18787045951465	-5.18787045951465	-5.18787045951465	11.5602520980113	8.07183628569594	4.67900497452475	3.12377348898833	-5.18787045951465	-5.18787045951465	7.96895424619452	-5.18787045951465	-5.18787045951465	-5.18787045951465	-5.18787045951465	-5.18787045951465	-5.18787045951465	-5.18787045951465	-5.18787045951465	6.56549608814736	-5.18787045951465	-5.18787045951465	-5.18787045951465	7.60320999346721	5.35169115022179	7.02359263142452	4.96913464819067	7.02433832137138	3.95000674072782	-5.18787045951465	7.50712263367791	-5.18787045951465	4.63011366940754	7.13487794219753	7.12988219156808	-5.18787045951465	-5.18787045951465	-5.18787045951465
HSM5MD79	8.90810099696263	7.75816715841313	-2.69923424256875	-2.69923424256875	-2.69923424256875	9.68062783111121	5.12521168830886	-2.69923424256875	-2.69923424256875	-2.69923424256875	-2.69923424256875	-2.69923424256875	-2.69923424256875	-2.69923424256875	-2.69923424256875	13.3293240437777	-2.69923424256875	-2.69923424256875	-2.69923424256875	-2.69923424256875	12.6048092991323	13.8857151444264	12.9061808987192	-2.69923424256875	-2.69923424256875	-2.69923424256875	-2.69923424256875	-2.69923424256875	-2.69923424256875	14.7842740306818	11.0432119523385	-2.69923424256875	13.5711498696494	-2.69923424256875	13.3011562322021	-2.69923424256875	-2.69923424256875	-2.69923424256875	-2.69923424256875	-2.69923424256875	-2.69923424256875	-2.69923424256875	-2.69923424256875	-2.69923424256875	-2.69923424256875	-2.69923424256875	-2.69923424256875	-2.69923424256875	-2.69923424256875	-2.69923424256875	-2.69923424256875	-2.69923424256875	-2.69923424256875	-2.69923424256875	-2.69923424256875	-2.69923424256875	-2.69923424256875	-2.69923424256875	-2.69923424256875	5.82015653239097	-2.69923424256875	-2.69923424256875	-2.69923424256875	5.67431949864587	3.69936069196645	-2.69923424256875	-2.69923424256875	-2.69923424256875	-2.69923424256875	7.98291282785153	-2.69923424256875	-2.69923424256875	-2.69923424256875	-2.69923424256875	8.74231336624111	-2.69923424256875	10.4086670613611	6.4310884214214	-2.69923424256875	-2.69923424256875	-2.69923424256875	-2.69923424256875	-2.69923424256875	-2.69923424256875	-2.69923424256875	-2.69923424256875	-2.69923424256875	-2.69923424256875	10.7220196572677	11.1167871848795	-2.69923424256875	-2.69923424256875	-2.69923424256875	-2.69923424256875	-2.69923424256875	-2.69923424256875	-2.69923424256875	-2.69923424256875	-2.69923424256875	-2.69923424256875	-2.69923424256875	-2.69923424256875	-2.69923424256875	-2.69923424256875	-2.69923424256875	-2.69923424256875	-2.69923424256875	5.86503335623341	-2.69923424256875	-2.69923424256875	-2.69923424256875	-2.69923424256875	-2.69923424256875	10.8932590061124	-2.69923424256875	7.18766650636297	7.54823300922155	9.57986114360724	-2.69923424256875	-2.69923424256875	7.85764563474526	-2.69923424256875
HSM5MD7J	3.89179515595973	6.90130364348705	-3.13018126711243	-3.13018126711243	-3.13018126711243	6.52234179590708	-3.13018126711243	-3.13018126711243	-3.13018126711243	-3.13018126711243	-3.13018126711243	-3.13018126711243	-3.13018126711243	-3.13018126711243	-3.13018126711243	10.433851849285	-3.13018126711243	-3.13018126711243	-3.13018126711243	-3.13018126711243	10.6281248759539	12.2284780306519	10.605475148732	-3.13018126711243	-3.13018126711243	-3.13018126711243	-3.13018126711243	-3.13018126711243	-3.13018126711243	15.1276565066113	9.32326304421588	-3.13018126711243	11.0600815510639	-3.13018126711243	11.5562464354053	-3.13018126711243	-3.13018126711243	-3.13018126711243	-3.13018126711243	6.11369058807255	-3.13018126711243	-3.13018126711243	-3.13018126711243	-3.13018126711243	-3.13018126711243	-3.13018126711243	-3.13018126711243	-3.13018126711243	-3.13018126711243	-3.13018126711243	6.42735930483994	-3.13018126711243	-3.13018126711243	8.72207662594318	-3.13018126711243	-3.13018126711243	-3.13018126711243	-3.13018126711243	8.58642762321555	8.98021163033147	-3.13018126711243	-3.13018126711243	-3.13018126711243	5.16661459865762	-3.13018126711243	-3.13018126711243	6.82926119756815	-3.13018126711243	-3.13018126711243	7.10909972028254	-3.13018126711243	4.26676733550859	-3.13018126711243	-3.13018126711243	-3.13018126711243	-3.13018126711243	10.7101497001539	3.53039388272726	-3.13018126711243	-3.13018126711243	-3.13018126711243	6.36766616200125	-3.13018126711243	-3.13018126711243	-3.13018126711243	-3.13018126711243	-3.13018126711243	-3.13018126711243	10.3629053137267	8.66167055062427	-3.13018126711243	-3.13018126711243	-3.13018126711243	-3.13018126711243	-3.13018126711243	-3.13018126711243	-3.13018126711243	-3.13018126711243	-3.13018126711243	-3.13018126711243	-3.13018126711243	-3.13018126711243	-3.13018126711243	-3.13018126711243	-3.13018126711243	-3.13018126711243	-3.13018126711243	8.61987743558526	8.18088501865077	6.31135018775726	-3.13018126711243	5.34847897458702	-3.13018126711243	9.72231638005203	-3.13018126711243	-3.13018126711243	3.30114981482105	9.3655377703302	7.72459729848248	-3.13018126711243	6.76884635470161	-3.13018126711243
HSM5MD7O	-0.898411965474656	-0.898411965474656	15.2861379641354	13.9438392270925	-0.898411965474656	-0.898411965474656	-0.898411965474656	-0.898411965474656	-0.898411965474656	-0.898411965474656	-0.898411965474656	-0.898411965474656	-0.898411965474656	-0.898411965474656	-0.898411965474656	-0.898411965474656	-0.898411965474656	-0.898411965474656	-0.898411965474656	-0.898411965474656	-0.898411965474656	-0.898411965474656	-0.898411965474656	-0.898411965474656	-0.898411965474656	-0.898411965474656	-0.898411965474656	-0.898411965474656	-0.898411965474656	-0.898411965474656	-0.898411965474656	-0.898411965474656	-0.898411965474656	-0.898411965474656	-0.898411965474656	-0.898411965474656	-0.898411965474656	-0.898411965474656	14.2749808761277	15.051770349952	-0.898411965474656	-0.898411965474656	-0.898411965474656	-0.898411965474656	-0.898411965474656	-0.898411965474656	-0.898411965474656	-0.898411965474656	-0.898411965474656	-0.898411965474656	-0.898411965474656	-0.898411965474656	-0.898411965474656	-0.898411965474656	-0.898411965474656	-0.898411965474656	-0.898411965474656	-0.898411965474656	-0.898411965474656	-0.898411965474656	-0.898411965474656	-0.898411965474656	-0.898411965474656	-0.898411965474656	-0.898411965474656	-0.898411965474656	-0.898411965474656	-0.898411965474656	-0.898411965474656	-0.898411965474656	-0.898411965474656	-0.898411965474656	-0.898411965474656	-0.898411965474656	-0.898411965474656	-0.898411965474656	-0.898411965474656	-0.898411965474656	-0.898411965474656	-0.898411965474656	-0.898411965474656	-0.898411965474656	-0.898411965474656	-0.898411965474656	-0.898411965474656	-0.898411965474656	-0.898411965474656	-0.898411965474656	-0.898411965474656	-0.898411965474656	-0.898411965474656	-0.898411965474656	-0.898411965474656	-0.898411965474656	-0.898411965474656	-0.898411965474656	-0.898411965474656	-0.898411965474656	-0.898411965474656	-0.898411965474656	-0.898411965474656	-0.898411965474656	-0.898411965474656	-0.898411965474656	-0.898411965474656	-0.898411965474656	-0.898411965474656	-0.898411965474656	-0.898411965474656	-0.898411965474656	-0.898411965474656	-0.898411965474656	-0.898411965474656	-0.898411965474656	14.0885309528951	-0.898411965474656	-0.898411965474656	16.1614105973359	14.5107060620469	-0.898411965474656	-0.898411965474656	-0.898411965474656
HSM67VCZ	-4.09434741444504	-4.09434741444504	-4.09434741444504	-4.09434741444504	-4.09434741444504	6.28011204840137	-4.09434741444504	-4.09434741444504	6.38830642069959	-4.09434741444504	-4.09434741444504	-4.09434741444504	-4.09434741444504	-4.09434741444504	-4.09434741444504	12.2757304084704	-4.09434741444504	10.8727318261911	13.3441471829985	10.85068962615	12.3608339277898	8.09193570370315	12.2217127189364	-4.09434741444504	-4.09434741444504	-4.09434741444504	-4.09434741444504	-4.09434741444504	-4.09434741444504	7.6698113644053	10.91856470444	-4.09434741444504	4.44480294432324	-4.09434741444504	11.7145988479394	-4.09434741444504	4.766577315274	-4.09434741444504	-4.09434741444504	-4.09434741444504	-4.09434741444504	6.26817760820477	-4.09434741444504	9.50461156731687	-4.09434741444504	-4.09434741444504	-4.09434741444504	-4.09434741444504	-4.09434741444504	-4.09434741444504	4.49999198614785	-4.09434741444504	-4.09434741444504	6.5364713304311	-4.09434741444504	5.0605859502594	-4.09434741444504	7.13304034394329	-4.09434741444504	8.38992877386806	2.73111262181026	8.39867328421063	-4.09434741444504	7.26799931702855	-4.09434741444504	-4.09434741444504	7.56199417779209	-4.09434741444504	-4.09434741444504	7.78128178473204	-4.09434741444504	-4.09434741444504	-4.09434741444504	-4.09434741444504	7.43209626632609	6.24774984479155	6.43590710263409	6.00062789000128	5.19119319009407	7.55625956944987	5.43524636882024	-4.09434741444504	-4.09434741444504	-4.09434741444504	-4.09434741444504	6.91540639361269	-4.09434741444504	-4.09434741444504	8.89311448934515	9.20480725599512	-4.09434741444504	-4.09434741444504	-4.09434741444504	6.48592925203821	-4.09434741444504	-4.09434741444504	-4.09434741444504	4.45065547761046	-4.09434741444504	-4.09434741444504	-4.09434741444504	-4.09434741444504	-4.09434741444504	-4.09434741444504	-4.09434741444504	-4.09434741444504	-4.09434741444504	-4.09434741444504	-4.09434741444504	-4.09434741444504	-4.09434741444504	-4.09434741444504	-4.09434741444504	9.95799734868187	-4.09434741444504	7.24661466219941	-4.09434741444504	-4.09434741444504	-4.09434741444504	-4.09434741444504	7.1176215953428	9.64214266319324
HSM67VD6	-4.43090232986117	-4.43090232986117	-4.43090232986117	-4.43090232986117	-4.43090232986117	7.92707991472107	3.9495543379816	-4.43090232986117	-4.43090232986117	-4.43090232986117	-4.43090232986117	-4.43090232986117	-4.43090232986117	-4.43090232986117	-4.43090232986117	12.6598939133817	-4.43090232986117	10.5292007049073	12.508694621554	10.7373796727525	12.0147128155367	5.89690479629765	11.4064830225863	-4.43090232986117	-4.43090232986117	-4.43090232986117	-4.43090232986117	-4.43090232986117	-4.43090232986117	-4.43090232986117	10.4565277468658	-4.43090232986117	-4.43090232986117	-4.43090232986117	11.4945136235069	-4.43090232986117	-4.43090232986117	6.2649214142739	-4.43090232986117	-4.43090232986117	-4.43090232986117	5.83169220680497	-4.43090232986117	8.98540000480253	-4.43090232986117	-4.43090232986117	-4.43090232986117	-4.43090232986117	-4.43090232986117	7.29657790823645	6.02419764034167	-4.43090232986117	-4.43090232986117	8.82651802586981	-4.43090232986117	3.80419316739719	-4.43090232986117	7.97554051144019	-4.43090232986117	7.97990954160707	5.16544846238904	8.29044900978356	-4.43090232986117	7.61342167765585	-4.43090232986117	-4.43090232986117	7.7551257591103	-4.43090232986117	4.07442068898458	7.30749198082954	3.71261507593631	-4.43090232986117	-4.43090232986117	-4.43090232986117	8.07675899150779	8.69316160078252	8.19147974434137	-4.43090232986117	-4.43090232986117	8.16050414248018	5.38326208471476	-4.43090232986117	4.55391666601484	-4.43090232986117	-4.43090232986117	5.84521717368788	-4.43090232986117	-4.43090232986117	9.98426362457467	8.88507032431502	1.98419462931043	-4.43090232986117	-4.43090232986117	5.97339081315862	-4.43090232986117	-4.43090232986117	-4.43090232986117	6.57553807744149	-4.43090232986117	-4.43090232986117	-4.43090232986117	-4.43090232986117	4.25027871166052	-4.43090232986117	-4.43090232986117	-4.43090232986117	-4.43090232986117	4.45661226752765	-4.43090232986117	-4.43090232986117	-4.43090232986117	-4.43090232986117	-4.43090232986117	9.41747320939195	-4.43090232986117	7.17997527640309	-4.43090232986117	-4.43090232986117	-4.43090232986117	-4.43090232986117	6.71876945581012	10.3607443606327
HSM67VEE	-3.93313546645097	6.52942486947744	7.16655982013584	4.66120393414192	-3.93313546645097	-3.93313546645097	-3.93313546645097	-3.93313546645097	-3.93313546645097	-3.93313546645097	-3.93313546645097	-3.93313546645097	-3.93313546645097	-3.93313546645097	-3.93313546645097	13.9395524480251	-3.93313546645097	-3.93313546645097	-3.93313546645097	-3.93313546645097	-3.93313546645097	-3.93313546645097	-3.93313546645097	-3.93313546645097	-3.93313546645097	-3.93313546645097	-3.93313546645097	-3.93313546645097	-3.93313546645097	-3.93313546645097	-3.93313546645097	-3.93313546645097	-3.93313546645097	-3.93313546645097	-3.93313546645097	-3.93313546645097	-3.93313546645097	-3.93313546645097	7.14979139016168	7.41315673438962	-3.93313546645097	7.62611044878776	-3.93313546645097	-3.93313546645097	3.99382807841201	5.54807138504843	-3.93313546645097	-3.93313546645097	9.58214934172371	6.18348570477005	-3.93313546645097	10.2303106580986	-3.93313546645097	8.59734044926586	-3.93313546645097	-3.93313546645097	-3.93313546645097	7.91125687204206	-3.93313546645097	7.74742929652707	-3.93313546645097	-3.93313546645097	-3.93313546645097	-3.93313546645097	-3.93313546645097	-3.93313546645097	10.2988994863128	-3.93313546645097	-3.93313546645097	7.74776750285306	-3.93313546645097	-3.93313546645097	-3.93313546645097	7.12882007357319	-3.93313546645097	-3.93313546645097	10.4673193873758	10.5298505156124	7.68091053816931	11.8649657796603	11.0955834168212	3.81661793982347	-3.93313546645097	-3.93313546645097	-3.93313546645097	-3.93313546645097	4.38828612044691	-3.93313546645097	12.2865416585739	8.14783303438477	-3.93313546645097	6.104052214473	-3.93313546645097	-3.93313546645097	11.7604087355086	-3.93313546645097	-3.93313546645097	-3.93313546645097	-3.93313546645097	-3.93313546645097	4.20747157640748	-3.93313546645097	-3.93313546645097	-3.93313546645097	-3.93313546645097	-3.93313546645097	-3.93313546645097	6.708974418418	10.3635665281964	9.12558712006871	8.40581023004441	8.48781062716688	7.08878334178524	-3.93313546645097	8.70932262167001	-3.93313546645097	-3.93313546645097	-3.93313546645097	7.97756561814304	5.66457392936397	-3.93313546645097	8.18011440311934
HSM67VES	-5.69728382136869	-5.69728382136869	6.0914611330108	4.3852281918421	5.11206021511944	-5.69728382136869	-5.69728382136869	-5.69728382136869	8.83146130782434	8.63590145169517	11.2459460671515	-5.69728382136869	-5.69728382136869	-5.69728382136869	-5.69728382136869	5.93954811492146	-5.69728382136869	8.24775475138608	10.8894852620157	7.70371230660373	10.5786093658308	4.54056660178245	9.17653460511205	-5.69728382136869	-5.69728382136869	-5.69728382136869	-5.69728382136869	8.17593039065395	-5.69728382136869	-5.69728382136869	8.48562369376206	-5.69728382136869	9.30667698702938	6.34291722190852	8.24076378732702	-5.69728382136869	9.78695209487174	1.78201581641414	-5.69728382136869	-5.69728382136869	3.74504090658718	-5.69728382136869	-5.69728382136869	3.23215146243473	-5.69728382136869	-5.69728382136869	3.46186851383806	-5.69728382136869	6.01253156457089	5.1866141464789	-5.69728382136869	4.27624272194741	-5.69728382136869	6.12158839660957	-5.69728382136869	4.63801861459838	-5.69728382136869	-5.69728382136869	6.7864622265584	4.52250970295578	-5.69728382136869	4.97587204130179	4.57642155492154	5.65278147941924	-5.69728382136869	-5.69728382136869	6.98738356886631	-5.69728382136869	-5.69728382136869	-5.69728382136869	-5.69728382136869	-5.69728382136869	-5.69728382136869	-5.69728382136869	-5.69728382136869	7.73762642137586	9.35922679250359	7.83263714005498	5.04303991570118	7.98991711533315	5.98876267170375	-5.69728382136869	-5.69728382136869	7.38154764300074	2.76460805426246	3.85742609268907	-5.69728382136869	-5.69728382136869	9.60668749259648	1.13897545590838	4.81054702005189	-5.69728382136869	9.70644325976654	-5.69728382136869	6.66707807115052	7.56121929396798	5.93441085948897	1.93366275952177	-5.69728382136869	-5.69728382136869	-5.69728382136869	-5.69728382136869	-5.69728382136869	-5.69728382136869	-5.69728382136869	8.20895461549507	-5.69728382136869	3.44595474706676	-5.69728382136869	-5.69728382136869	-5.69728382136869	-5.69728382136869	-5.69728382136869	5.30732952499985	-5.69728382136869	4.99513825040058	2.36451845316966	3.77549773519348	-5.69728382136869	-5.69728382136869	7.54031891484293	-5.69728382136869
HSM67VF3	-2.3311081536036	-2.3311081536036	-2.3311081536036	-2.3311081536036	-2.3311081536036	-2.3311081536036	-2.3311081536036	-2.3311081536036	13.4616812286381	-2.3311081536036	-2.3311081536036	-2.3311081536036	-2.3311081536036	-2.3311081536036	-2.3311081536036	-2.3311081536036	-2.3311081536036	13.0249126574672	15.3049399882624	-2.3311081536036	13.7635203860308	14.7839387521691	-2.3311081536036	-2.3311081536036	-2.3311081536036	-2.3311081536036	-2.3311081536036	-2.3311081536036	-2.3311081536036	-2.3311081536036	-2.3311081536036	-2.3311081536036	-2.3311081536036	-2.3311081536036	12.5328228970322	-2.3311081536036	-2.3311081536036	-2.3311081536036	-2.3311081536036	-2.3311081536036	-2.3311081536036	-2.3311081536036	-2.3311081536036	-2.3311081536036	-2.3311081536036	-2.3311081536036	-2.3311081536036	-2.3311081536036	-2.3311081536036	-2.3311081536036	-2.3311081536036	-2.3311081536036	-2.3311081536036	-2.3311081536036	-2.3311081536036	-2.3311081536036	-2.3311081536036	6.24265438930053	-2.3311081536036	7.06330224570065	-2.3311081536036	6.14962850080202	-2.3311081536036	6.94885156025264	-2.3311081536036	-2.3311081536036	-2.3311081536036	-2.3311081536036	-2.3311081536036	6.67356014797038	5.57026920018901	-2.3311081536036	-2.3311081536036	-2.3311081536036	5.806580031374	9.43964051156036	-2.3311081536036	9.42704324230698	-2.3311081536036	12.1463689832731	5.47721489678745	-2.3311081536036	-2.3311081536036	-2.3311081536036	-2.3311081536036	-2.3311081536036	-2.3311081536036	-2.3311081536036	10.4422677978873	8.19136860608871	-2.3311081536036	-2.3311081536036	-2.3311081536036	-2.3311081536036	6.99532493735943	-2.3311081536036	8.19432591548135	-2.3311081536036	-2.3311081536036	-2.3311081536036	-2.3311081536036	-2.3311081536036	-2.3311081536036	7.28941949281607	-2.3311081536036	-2.3311081536036	-2.3311081536036	6.72619758220352	-2.3311081536036	6.37852192834768	-2.3311081536036	8.0831350202484	-2.3311081536036	-2.3311081536036	-2.3311081536036	-2.3311081536036	-2.3311081536036	-2.3311081536036	-2.3311081536036	-2.3311081536036	-2.3311081536036	-2.3311081536036
HSM67VFR	-3.04113489766393	-3.04113489766393	9.25528563584076	8.19684043199923	8.9138511507727	-3.04113489766393	-3.04113489766393	4.16003598561775	-3.04113489766393	-3.04113489766393	-3.04113489766393	-3.04113489766393	-3.04113489766393	-3.04113489766393	-3.04113489766393	-3.04113489766393	-3.04113489766393	13.5775178962029	13.4147857174242	-3.04113489766393	-3.04113489766393	14.7023901378293	-3.04113489766393	-3.04113489766393	-3.04113489766393	-3.04113489766393	-3.04113489766393	-3.04113489766393	-3.04113489766393	-3.04113489766393	-3.04113489766393	-3.04113489766393	-3.04113489766393	-3.04113489766393	-3.04113489766393	-3.04113489766393	13.2380042799204	-3.04113489766393	-3.04113489766393	-3.04113489766393	-3.04113489766393	-3.04113489766393	-3.04113489766393	-3.04113489766393	7.90070171474688	-3.04113489766393	-3.04113489766393	-3.04113489766393	-3.04113489766393	-3.04113489766393	-3.04113489766393	10.3796442395079	-3.04113489766393	10.4271714414161	-3.04113489766393	-3.04113489766393	8.50687774917798	8.57570904372514	9.64937114050822	9.71704254163186	-3.04113489766393	6.43164665889824	8.33253999415961	8.70607977439208	-3.04113489766393	3.42189455925674	8.08907960881673	-3.04113489766393	-3.04113489766393	7.53404634621297	-3.04113489766393	8.71435235832375	-3.04113489766393	-3.04113489766393	8.86949900339809	-3.04113489766393	10.6224952348277	8.30006467764571	-3.04113489766393	-3.04113489766393	5.36646661712222	-3.04113489766393	-3.04113489766393	-3.04113489766393	-3.04113489766393	-3.04113489766393	-3.04113489766393	-3.04113489766393	-3.04113489766393	10.4904478650558	-3.04113489766393	-3.04113489766393	-3.04113489766393	-3.04113489766393	-3.04113489766393	-3.04113489766393	-3.04113489766393	-3.04113489766393	-3.04113489766393	-3.04113489766393	-3.04113489766393	5.54949461182549	-3.04113489766393	-3.04113489766393	-3.04113489766393	-3.04113489766393	9.09124276734282	-3.04113489766393	-3.04113489766393	-3.04113489766393	-3.04113489766393	6.70341553831098	-3.04113489766393	-3.04113489766393	-3.04113489766393	-3.04113489766393	-3.04113489766393	9.90528096550709	-3.04113489766393	-3.04113489766393	-3.04113489766393	-3.04113489766393
HSM67VFZ	3.14557356533495	4.02664201727501	3.64256096590692	4.08711142884521	5.24495870162479	-6.42181168214684	-6.42181168214684	-6.42181168214684	8.7553113805391	-6.42181168214684	4.07668638038072	9.83168781979117	-6.42181168214684	-6.42181168214684	8.48294106859684	-6.42181168214684	-6.42181168214684	8.12462871679753	8.98100998615233	6.8353465393909	9.39742378676124	10.824500722109	-6.42181168214684	-6.42181168214684	-6.42181168214684	-6.42181168214684	-6.42181168214684	-6.42181168214684	-6.42181168214684	-6.42181168214684	8.35525394438246	-6.42181168214684	6.02060105605192	-6.42181168214684	7.99894937853366	-6.42181168214684	9.44107308777993	-6.42181168214684	5.57902486229825	5.37268472026931	4.44008695355365	-6.42181168214684	-6.42181168214684	0.892075149486621	1.75598500113094	6.59479332268732	2.76126026267515	2.77655731804812	6.68428205959007	3.32156580196055	-6.42181168214684	4.17484805063674	6.83037045458002	-6.42181168214684	-6.42181168214684	4.6085678264025	-6.42181168214684	-6.42181168214684	-6.42181168214684	3.48621555043132	-6.42181168214684	5.8196329334638	2.77453118018549	5.06713866277367	-6.42181168214684	-6.42181168214684	7.15194700873302	-6.42181168214684	-6.42181168214684	3.98972765060588	-6.42181168214684	-6.42181168214684	-6.42181168214684	-6.42181168214684	1.5475460598695	7.84552007703502	7.7555262232986	5.99764100639196	1.12304938651162	3.82352647476872	4.42053012067219	-6.42181168214684	7.82030623639897	-6.42181168214684	3.0299835609148	-6.42181168214684	-6.42181168214684	4.6373141567233	9.62805876687656	6.3823581802798	4.45644303602229	5.93315930235759	-6.42181168214684	4.03069283152921	7.79742313619576	-6.42181168214684	-6.42181168214684	5.96741966966985	-6.42181168214684	2.53118181717363	2.55546105731744	-6.42181168214684	-6.42181168214684	7.96069932986362	-6.42181168214684	-6.42181168214684	-6.42181168214684	-6.42181168214684	-6.42181168214684	4.18033284412283	2.400068180537	4.72411429516544	1.34925540391856	3.05404183751006	1.93544747135307	-6.42181168214684	4.3531993353809	7.36447704679404	4.15260300404739	-6.42181168214684	-6.42181168214684	3.0887073536104
HSM67VGA	5.94039368467936	7.91700358160246	5.52583187473032	-6.12250696083243	6.50929409828732	-6.12250696083243	-6.12250696083243	-6.12250696083243	9.44713925081999	-6.12250696083243	-6.12250696083243	9.12973700036969	-6.12250696083243	-6.12250696083243	-6.12250696083243	4.34404756031535	-6.12250696083243	6.7806326727645	5.24053703159608	9.52377879055566	10.3261083164927	10.6983901676263	9.19066735934293	-6.12250696083243	-6.12250696083243	-6.12250696083243	-6.12250696083243	7.84830589930175	-6.12250696083243	8.14678320074148	9.33938482372134	-6.12250696083243	9.45328461109627	-6.12250696083243	9.29684809555122	-6.12250696083243	-6.12250696083243	-6.12250696083243	-6.12250696083243	-6.12250696083243	-6.12250696083243	-6.12250696083243	-6.12250696083243	-6.12250696083243	2.12313994004143	5.45874048396059	-6.12250696083243	-6.12250696083243	5.28395738303594	4.62751387416139	1.39011058384208	-6.12250696083243	5.81005604059065	5.51908432906218	-6.12250696083243	5.25701281789761	-6.12250696083243	-6.12250696083243	2.90882635531763	6.53426225133484	-6.12250696083243	-6.12250696083243	5.56740083258615	5.79495651595831	-6.12250696083243	4.28330014117575	7.72766682532497	1.95183073325709	-6.12250696083243	3.81832454484412	2.63543391584638	4.00536337485286	2.4028527932502	-6.12250696083243	3.67789526362038	-6.12250696083243	-6.12250696083243	7.68398404297163	8.06144573527898	-6.12250696083243	6.01121539767929	-6.12250696083243	-6.12250696083243	3.33320801129929	-6.12250696083243	6.18608165847967	4.52531981152507	5.99605054447709	9.80215332309906	5.06788270269544	-6.12250696083243	7.82319027743718	7.01362321780462	-6.12250696083243	-6.12250696083243	6.87920401822894	-6.12250696083243	5.95897137992462	-6.12250696083243	-6.12250696083243	-6.12250696083243	-6.12250696083243	3.57463270030689	7.13235903018473	-6.12250696083243	-6.12250696083243	-6.12250696083243	8.92057211999685	-6.12250696083243	-6.12250696083243	-6.12250696083243	-6.12250696083243	-6.12250696083243	7.3167540284738	-6.12250696083243	5.10952665915639	5.20373946730239	2.28509455395372	2.03829696012224	-6.12250696083243	7.60930780840871	8.50441414241614
HSM67VGG	1.88004043761438	5.46639497032572	2.55923337138751	-5.81662664391208	5.04661334790874	-5.81662664391208	-5.81662664391208	-5.81662664391208	8.93533054414834	-5.81662664391208	-5.81662664391208	10.4261668358761	-5.81662664391208	-5.81662664391208	-5.81662664391208	6.14865387636808	-5.81662664391208	6.80615103773435	6.23151066901896	9.33909271276776	7.62734330735636	10.3230661996171	8.56519779104938	-5.81662664391208	-5.81662664391208	-5.81662664391208	-5.81662664391208	8.45019581122909	-5.81662664391208	6.21032531656401	11.2528079515957	-5.81662664391208	9.30930131620648	-5.81662664391208	10.2467320004087	-5.81662664391208	-5.81662664391208	-5.81662664391208	-5.81662664391208	-5.81662664391208	-5.81662664391208	-5.81662664391208	-5.81662664391208	4.0013574850101	4.99109930197402	8.11318623236757	-5.81662664391208	6.80779771954933	5.46286500612017	-5.81662664391208	4.4916924827586	-5.81662664391208	-5.81662664391208	7.89109935165447	-5.81662664391208	-5.81662664391208	-5.81662664391208	4.68297392417078	-5.81662664391208	5.39033057091905	-5.81662664391208	-5.81662664391208	5.57165354398845	8.17913750073581	-5.81662664391208	4.36906550706746	-5.81662664391208	6.19750431944714	-5.81662664391208	6.43876459757142	5.60133957966773	6.18770306484396	6.35945575631837	-5.81662664391208	6.69491027933442	-5.81662664391208	-5.81662664391208	-5.81662664391208	7.93140881873147	-5.81662664391208	5.4498994369909	-5.81662664391208	-5.81662664391208	3.50802407424151	1.99979033977972	5.41368388893938	4.24347996806563	3.36438789868227	9.37318185500509	5.12219610244403	-5.81662664391208	5.85527498235711	7.5457625736308	-5.81662664391208	-5.81662664391208	-5.81662664391208	-5.81662664391208	7.7406713194643	0.201966570584151	-5.81662664391208	-5.81662664391208	-5.81662664391208	5.22647117632623	7.18144481091553	-5.81662664391208	-5.81662664391208	-5.81662664391208	7.78227024656569	-5.81662664391208	-5.81662664391208	-5.81662664391208	-5.81662664391208	-5.81662664391208	8.16334780089358	-5.81662664391208	5.48940994382443	6.77041689412057	4.28616248545268	-5.81662664391208	-5.81662664391208	6.78368499874492	10.5750753039378
HSM67VH1	-5.02411729310681	7.8159653980595	7.63976303756279	7.18520506637848	5.43414578072251	-5.02411729310681	-5.02411729310681	-5.02411729310681	10.3770672383503	-5.02411729310681	11.2176313316621	-5.02411729310681	-5.02411729310681	-5.02411729310681	-5.02411729310681	8.97050216659712	-5.02411729310681	9.38984012960823	10.231522425503	8.70705576441706	11.0448270834896	-5.02411729310681	3.9000065985792	-5.02411729310681	-5.02411729310681	-5.02411729310681	-5.02411729310681	-5.02411729310681	-5.02411729310681	-5.02411729310681	-5.02411729310681	-5.02411729310681	-5.02411729310681	5.49862867457722	8.55353066792223	-5.02411729310681	9.89981098939352	-5.02411729310681	-5.02411729310681	3.46488216393865	-5.02411729310681	-5.02411729310681	-5.02411729310681	-5.02411729310681	-5.02411729310681	-5.02411729310681	-5.02411729310681	-5.02411729310681	8.23377473108144	7.73793883724006	4.8260222239274	-5.02411729310681	10.2460191788413	8.66642057043365	-5.02411729310681	3.41641081337395	-5.02411729310681	5.29745539889359	-5.02411729310681	7.38187531160809	-5.02411729310681	6.4941041235226	5.78724568170213	9.15854087845422	-5.02411729310681	-5.02411729310681	7.25232527533964	-5.02411729310681	-5.02411729310681	-5.02411729310681	-5.02411729310681	-5.02411729310681	-5.02411729310681	-5.02411729310681	-5.02411729310681	-5.02411729310681	8.06293181106255	-5.02411729310681	4.14550524559082	11.6639625504798	5.71425568905279	-5.02411729310681	3.70187708790776	-5.02411729310681	3.5382404502638	2.72131831716757	-5.02411729310681	-5.02411729310681	12.2594474471196	5.86967324459058	-5.02411729310681	-5.02411729310681	3.15928007689163	3.38793758018613	8.45012896461817	-5.02411729310681	6.50400215644558	-5.02411729310681	-5.02411729310681	-5.02411729310681	-5.02411729310681	-5.02411729310681	4.58841617310712	-5.02411729310681	-5.02411729310681	-5.02411729310681	-5.02411729310681	-5.02411729310681	4.45556295707329	3.67556410788271	3.27516861379047	6.2965696036612	4.26881637717323	7.50744247298582	-5.02411729310681	6.20937200826549	-5.02411729310681	-5.02411729310681	4.62904819573462	5.06796377298412	8.70720807226197	-5.02411729310681
HSM67VHF	-4.06835917954831	-4.06835917954831	-4.06835917954831	-4.06835917954831	-4.06835917954831	6.45546289595795	-4.06835917954831	-4.06835917954831	-4.06835917954831	-4.06835917954831	6.18087886176832	-4.06835917954831	-4.06835917954831	-4.06835917954831	-4.06835917954831	12.199306762971	-4.06835917954831	11.122417905885	12.9028765612633	11.4792795552292	12.8401642074903	-4.06835917954831	12.109787846599	-4.06835917954831	-4.06835917954831	-4.06835917954831	-4.06835917954831	-4.06835917954831	-4.06835917954831	-4.06835917954831	10.7668434680508	-4.06835917954831	-4.06835917954831	-4.06835917954831	11.7548996647807	-4.06835917954831	4.61112291491165	5.72369389254151	-4.06835917954831	-4.06835917954831	-4.06835917954831	5.47207599351126	-4.06835917954831	8.96373150856402	-4.06835917954831	-4.06835917954831	-4.06835917954831	-4.06835917954831	-4.06835917954831	4.37000723132196	-4.06835917954831	-4.06835917954831	-4.06835917954831	8.4129977525042	-4.06835917954831	-4.06835917954831	-4.06835917954831	7.56829604863666	-4.06835917954831	5.33268419324974	-4.06835917954831	8.11116926525969	-4.06835917954831	6.0733969620471	-4.06835917954831	-4.06835917954831	8.24939347153441	-4.06835917954831	-4.06835917954831	6.58986441621689	-4.06835917954831	-4.06835917954831	-4.06835917954831	-4.06835917954831	6.21804107662547	9.79742710525722	11.0295705091844	-4.06835917954831	6.04906971353723	8.42372289033743	7.3191277712234	-4.06835917954831	8.66890332401919	-4.06835917954831	-4.06835917954831	6.92286506954722	-4.06835917954831	-4.06835917954831	10.8440124679629	8.5659539027111	-4.06835917954831	-4.06835917954831	4.94243208996729	6.69444655610098	-4.06835917954831	-4.06835917954831	-4.06835917954831	5.70165412158785	-4.06835917954831	-4.06835917954831	-4.06835917954831	-4.06835917954831	4.60942107651588	-4.06835917954831	-4.06835917954831	-4.06835917954831	-4.06835917954831	3.73180389084465	-4.06835917954831	-4.06835917954831	-4.06835917954831	-4.06835917954831	-4.06835917954831	9.39313147815592	-4.06835917954831	7.08030549873776	-4.06835917954831	-4.06835917954831	-4.06835917954831	-4.06835917954831	6.2662937159458	9.98855990485672
HSM67VI5	-5.75111745393693	-5.75111745393693	7.99946090540896	-5.75111745393693	7.76641958921715	-5.75111745393693	2.65871321915081	-5.75111745393693	9.06483783447087	-5.75111745393693	-5.75111745393693	-5.75111745393693	8.49150945648318	8.0692224240668	-5.75111745393693	-5.75111745393693	-5.75111745393693	8.96472964187735	11.6692861739712	6.16300401948926	8.83210540223409	10.7991787727594	9.58629753956501	-5.75111745393693	-5.75111745393693	-5.75111745393693	-5.75111745393693	7.15988518140761	-5.75111745393693	-5.75111745393693	8.17219852845846	-5.75111745393693	9.89952826431528	6.4032460212676	8.67287034610802	7.08734602291108	9.38209299643022	-5.75111745393693	-5.75111745393693	5.48725273726658	-5.75111745393693	-5.75111745393693	-5.75111745393693	-5.75111745393693	-5.75111745393693	2.46253524909307	-5.75111745393693	-5.75111745393693	5.9318967173403	6.57823862782851	-5.75111745393693	-5.75111745393693	6.0189355106285	7.93732194196203	-5.75111745393693	8.06526372492696	3.84862639260007	-5.75111745393693	-5.75111745393693	1.87496530413545	-5.75111745393693	-5.75111745393693	5.23334441541312	7.66888971284614	-5.75111745393693	-5.75111745393693	5.07346925146566	-5.75111745393693	-5.75111745393693	1.27974002217919	-5.75111745393693	-5.75111745393693	-5.75111745393693	-5.75111745393693	-5.75111745393693	-5.75111745393693	10.057589020909	6.7392728607821	5.77847828665381	5.33257773512486	3.22489202108447	5.18468231551008	-5.75111745393693	1.7884413753641	-5.75111745393693	3.66061153755043	-5.75111745393693	-5.75111745393693	8.39844169169707	5.38114770434406	0.909457695902757	6.70599013637783	5.83134340199661	3.54640927971817	-5.75111745393693	-5.75111745393693	7.9200387828041	5.84487076914483	-5.75111745393693	-5.75111745393693	1.38058105652998	-5.75111745393693	-5.75111745393693	6.385074426045	-5.75111745393693	-5.75111745393693	-5.75111745393693	3.85940744170349	5.16417099028035	4.28431898972848	3.49275440124805	5.18592817762972	-5.75111745393693	5.45516056069422	-5.75111745393693	-5.75111745393693	-5.75111745393693	-5.75111745393693	3.73768764094143	3.59558779255977	-5.75111745393693	9.17307155842366
HSM6XRQ8	-4.62538306566384	7.31653521412318	-4.62538306566384	-4.62538306566384	2.9760192689199	-4.62538306566384	-4.62538306566384	-4.62538306566384	8.8883343250097	7.45796246737931	-4.62538306566384	-4.62538306566384	7.26392878991389	-4.62538306566384	7.29047764333867	-4.62538306566384	8.7484251759587	8.4191506534657	8.02787547845662	-4.62538306566384	7.47600106059058	11.2020301495845	7.04915942220866	8.67913685492045	4.66570745599745	-4.62538306566384	5.42699851755373	6.69348423722059	7.95204966732455	13.3890889587699	3.48564477252984	-4.62538306566384	8.59454431341546	0.859413867826817	8.1151369992003	-4.62538306566384	8.13561151173236	3.69846806567498	-4.62538306566384	-4.62538306566384	-4.62538306566384	-4.62538306566384	-4.62538306566384	6.07518366324126	-4.62538306566384	-4.62538306566384	-4.62538306566384	-4.62538306566384	9.31251413728998	-4.62538306566384	-4.62538306566384	-4.62538306566384	5.09243733982724	4.12783041488029	-4.62538306566384	6.69384842096745	-4.62538306566384	-4.62538306566384	2.39659335740832	6.70351138221741	3.21098669488129	-4.62538306566384	-4.62538306566384	7.10274248466628	-4.62538306566384	-4.62538306566384	6.15192603502128	-4.62538306566384	-4.62538306566384	-4.62538306566384	-4.62538306566384	-4.62538306566384	-4.62538306566384	-4.62538306566384	-4.62538306566384	10.0106255679973	6.47838548485968	7.09894529809757	6.03142913046455	-4.62538306566384	10.4396254220676	-4.62538306566384	8.37846926114553	5.84060183341278	-4.62538306566384	6.73800937501201	-4.62538306566384	-4.62538306566384	11.6355464132896	5.29893599645222	4.65737098682139	-4.62538306566384	7.00515653181055	-4.62538306566384	-4.62538306566384	-4.62538306566384	-4.62538306566384	-4.62538306566384	-4.62538306566384	-4.62538306566384	-4.62538306566384	-4.62538306566384	-4.62538306566384	-4.62538306566384	-4.62538306566384	-4.62538306566384	-4.62538306566384	-4.62538306566384	-4.62538306566384	-4.62538306566384	-4.62538306566384	-4.62538306566384	-4.62538306566384	-4.62538306566384	5.73080299246164	-4.62538306566384	-4.62538306566384	-4.62538306566384	6.3369532484236	-4.62538306566384	-4.62538306566384	7.29334744962765
HSM6XRQB	-3.87227139738708	-3.87227139738708	-3.87227139738708	-3.87227139738708	-3.87227139738708	-3.87227139738708	-3.87227139738708	-3.87227139738708	11.7889028377896	-3.87227139738708	-3.87227139738708	-3.87227139738708	-3.87227139738708	-3.87227139738708	-3.87227139738708	-3.87227139738708	10.0259714787726	12.6577266643823	-3.87227139738708	10.783137281728	11.784126990748	12.6888985847721	-3.87227139738708	-3.87227139738708	-3.87227139738708	-3.87227139738708	-3.87227139738708	-3.87227139738708	-3.87227139738708	-3.87227139738708	-3.87227139738708	-3.87227139738708	-3.87227139738708	-3.87227139738708	6.34715764231461	-3.87227139738708	-3.87227139738708	-3.87227139738708	-3.87227139738708	-3.87227139738708	-3.87227139738708	-3.87227139738708	-3.87227139738708	7.97920271839215	11.3129063024521	8.29563717654745	3.14970502568508	-3.87227139738708	-3.87227139738708	10.2830493913207	11.2239454801572	-3.87227139738708	-3.87227139738708	11.2761435571478	-3.87227139738708	5.25262001275662	-3.87227139738708	9.33139727490737	12.5950407221046	10.4729558197952	-3.87227139738708	5.00692253072324	8.05051616143242	9.55132334482853	5.99615876333365	8.46360507702611	-3.87227139738708	5.05583868081557	-3.87227139738708	10.838653897302	6.40384810616198	8.37033084348489	-3.87227139738708	-3.87227139738708	11.2349565979948	-3.87227139738708	-3.87227139738708	-3.87227139738708	8.90155809327612	-3.87227139738708	11.6278107047107	-3.87227139738708	10.2050348018707	-3.87227139738708	-3.87227139738708	-3.87227139738708	-3.87227139738708	9.25478296014538	7.21326538455871	11.3669860860577	-3.87227139738708	-3.87227139738708	-3.87227139738708	-3.87227139738708	-3.87227139738708	-3.87227139738708	-3.87227139738708	11.3567378553223	-3.87227139738708	6.86848532447015	-3.87227139738708	-3.87227139738708	-3.87227139738708	-3.87227139738708	-3.87227139738708	-3.87227139738708	-3.87227139738708	-3.87227139738708	-3.87227139738708	-3.87227139738708	-3.87227139738708	-3.87227139738708	-3.87227139738708	-3.87227139738708	-3.87227139738708	-3.87227139738708	-3.87227139738708	-3.87227139738708	-3.87227139738708	-3.87227139738708	-3.87227139738708	-3.87227139738708
HSM6XRQM	-3.57323259557649	-3.57323259557649	4.53779524261719	-3.57323259557649	5.92611397181361	-3.57323259557649	-3.57323259557649	-3.57323259557649	11.7720254884093	-3.57323259557649	-3.57323259557649	-3.57323259557649	-3.57323259557649	-3.57323259557649	-3.57323259557649	9.75373717679964	9.87977320089454	11.6817862597812	-3.57323259557649	10.3268130258423	12.7220557319269	13.9787936055741	-3.57323259557649	-3.57323259557649	-3.57323259557649	-3.57323259557649	-3.57323259557649	-3.57323259557649	-3.57323259557649	-3.57323259557649	-3.57323259557649	-3.57323259557649	12.5843088393586	-3.57323259557649	10.9887483506664	-3.57323259557649	-3.57323259557649	-3.57323259557649	-3.57323259557649	-3.57323259557649	-3.57323259557649	7.17978603614215	-3.57323259557649	-3.57323259557649	-3.57323259557649	-3.57323259557649	5.99134976309672	-3.57323259557649	-3.57323259557649	-3.57323259557649	-3.57323259557649	7.23348071250436	-3.57323259557649	6.23434960007257	-3.57323259557649	-3.57323259557649	-3.57323259557649	-3.57323259557649	9.14194719798571	-3.57323259557649	-3.57323259557649	-3.57323259557649	6.88388141604832	7.67287168760929	-3.57323259557649	-3.57323259557649	-3.57323259557649	-3.57323259557649	6.78072529763426	7.62581739205935	4.30568031672064	-3.57323259557649	-3.57323259557649	-3.57323259557649	-3.57323259557649	8.85774604724715	8.39744044915893	5.7178579260848	6.59726227192024	10.3150366675472	9.40135209102357	-3.57323259557649	8.88473042345741	-3.57323259557649	-3.57323259557649	-3.57323259557649	4.54973211965757	6.42515596215436	7.96478540200544	10.3071767311284	-3.57323259557649	9.33095238371435	-3.57323259557649	-3.57323259557649	-3.57323259557649	-3.57323259557649	-3.57323259557649	6.64071317260056	-3.57323259557649	-3.57323259557649	-3.57323259557649	-3.57323259557649	-3.57323259557649	-3.57323259557649	-3.57323259557649	12.3976511961613	8.30857006215954	-3.57323259557649	-3.57323259557649	-3.57323259557649	-3.57323259557649	-3.57323259557649	-3.57323259557649	-3.57323259557649	-3.57323259557649	-3.57323259557649	-3.57323259557649	-3.57323259557649	-3.57323259557649	-3.57323259557649	-3.57323259557649	-3.57323259557649
HSM6XRQW	-2.10674178738854	-2.10674178738854	-2.10674178738854	-2.10674178738854	-2.10674178738854	-2.10674178738854	-2.10674178738854	-2.10674178738854	-2.10674178738854	-2.10674178738854	-2.10674178738854	-2.10674178738854	-2.10674178738854	-2.10674178738854	-2.10674178738854	12.2932505358639	-2.10674178738854	12.9375613013639	15.7126735582911	11.7154970846199	-2.10674178738854	15.109011062952	-2.10674178738854	-2.10674178738854	-2.10674178738854	-2.10674178738854	-2.10674178738854	-2.10674178738854	-2.10674178738854	-2.10674178738854	-2.10674178738854	-2.10674178738854	-2.10674178738854	-2.10674178738854	-2.10674178738854	-2.10674178738854	13.3620706380731	-2.10674178738854	-2.10674178738854	-2.10674178738854	-2.10674178738854	-2.10674178738854	-2.10674178738854	-2.10674178738854	-2.10674178738854	-2.10674178738854	-2.10674178738854	-2.10674178738854	-2.10674178738854	-2.10674178738854	-2.10674178738854	-2.10674178738854	-2.10674178738854	9.80328725868581	-2.10674178738854	-2.10674178738854	-2.10674178738854	9.00437686972575	10.4179336690563	-2.10674178738854	-2.10674178738854	-2.10674178738854	-2.10674178738854	-2.10674178738854	-2.10674178738854	-2.10674178738854	5.33222980500732	-2.10674178738854	-2.10674178738854	6.97132354527782	-2.10674178738854	8.23696650454603	-2.10674178738854	-2.10674178738854	-2.10674178738854	-2.10674178738854	12.2745489481318	-2.10674178738854	-2.10674178738854	-2.10674178738854	8.48991794539504	-2.10674178738854	-2.10674178738854	-2.10674178738854	-2.10674178738854	-2.10674178738854	-2.10674178738854	-2.10674178738854	8.40626674164014	9.24837130192144	-2.10674178738854	-2.10674178738854	-2.10674178738854	-2.10674178738854	-2.10674178738854	-2.10674178738854	-2.10674178738854	-2.10674178738854	-2.10674178738854	-2.10674178738854	-2.10674178738854	-2.10674178738854	-2.10674178738854	-2.10674178738854	-2.10674178738854	-2.10674178738854	8.72280859417044	-2.10674178738854	-2.10674178738854	-2.10674178738854	-2.10674178738854	10.7054512070471	-2.10674178738854	-2.10674178738854	-2.10674178738854	-2.10674178738854	-2.10674178738854	11.5127064402687	6.52038146339989	6.00428605080514	-2.10674178738854	-2.10674178738854
HSM6XRRD	9.16120207656655	7.84755099269493	6.26316078362988	-3.41974243998696	6.78573681218106	-3.41974243998696	-3.41974243998696	-3.41974243998696	-3.41974243998696	-3.41974243998696	-3.41974243998696	-3.41974243998696	-3.41974243998696	-3.41974243998696	-3.41974243998696	-3.41974243998696	10.2725162806478	9.68945666739026	13.128640419221	-3.41974243998696	11.2276249483163	11.6222050047835	-3.41974243998696	6.98727418108252	-3.41974243998696	-3.41974243998696	-3.41974243998696	-3.41974243998696	-3.41974243998696	5.84138609882133	-3.41974243998696	-3.41974243998696	9.45226290878334	7.51177397976181	7.85061452504331	-3.41974243998696	9.52645877256289	-3.41974243998696	8.70572192129473	9.12995891626473	-3.41974243998696	-3.41974243998696	-3.41974243998696	-3.41974243998696	-3.41974243998696	-3.41974243998696	-3.41974243998696	-3.41974243998696	9.80516128012314	4.0192291524089	-3.41974243998696	8.22334248904103	-3.41974243998696	6.1914524275397	-3.41974243998696	-3.41974243998696	-3.41974243998696	-3.41974243998696	-3.41974243998696	-3.41974243998696	5.11548711391538	6.30168352196107	6.37398604855643	9.40108602254343	-3.41974243998696	-3.41974243998696	-3.41974243998696	-3.41974243998696	-3.41974243998696	-3.41974243998696	-3.41974243998696	-3.41974243998696	-3.41974243998696	-3.41974243998696	-3.41974243998696	-3.41974243998696	11.3374384459268	-3.41974243998696	-3.41974243998696	-3.41974243998696	11.2356057916701	-3.41974243998696	7.87367037396537	-3.41974243998696	-3.41974243998696	-3.41974243998696	-3.41974243998696	-3.41974243998696	11.382953751332	2.7968636610979	-3.41974243998696	-3.41974243998696	8.56219241013211	-3.41974243998696	-3.41974243998696	-3.41974243998696	-3.41974243998696	-3.41974243998696	-3.41974243998696	-3.41974243998696	-3.41974243998696	-3.41974243998696	-3.41974243998696	-3.41974243998696	-3.41974243998696	-3.41974243998696	-3.41974243998696	-3.41974243998696	-3.41974243998696	6.89820299749238	-3.41974243998696	-3.41974243998696	-3.41974243998696	8.10056570580699	-3.41974243998696	4.14605084244155	-3.41974243998696	-3.41974243998696	8.54101133933452	-3.41974243998696	6.78832117454392	-3.41974243998696
HSM6XRRJ	-2.62946621381054	-2.62946621381054	6.12532554988949	-2.62946621381054	-2.62946621381054	-2.62946621381054	-2.62946621381054	-2.62946621381054	-2.62946621381054	-2.62946621381054	-2.62946621381054	-2.62946621381054	-2.62946621381054	-2.62946621381054	-2.62946621381054	-2.62946621381054	13.8991173100272	13.3466304093619	15.2913245767051	-2.62946621381054	-2.62946621381054	-2.62946621381054	12.0405707299725	-2.62946621381054	-2.62946621381054	-2.62946621381054	-2.62946621381054	-2.62946621381054	-2.62946621381054	-2.62946621381054	11.7422721135161	-2.62946621381054	-2.62946621381054	-2.62946621381054	-2.62946621381054	-2.62946621381054	-2.62946621381054	-2.62946621381054	-2.62946621381054	-2.62946621381054	-2.62946621381054	8.14114283459166	-2.62946621381054	7.0101208949386	3.86428762604114	-2.62946621381054	-2.62946621381054	-2.62946621381054	-2.62946621381054	-2.62946621381054	-2.62946621381054	-2.62946621381054	-2.62946621381054	-2.62946621381054	-2.62946621381054	-2.62946621381054	-2.62946621381054	9.05817697192691	10.0787777144747	-2.62946621381054	-2.62946621381054	-2.62946621381054	-2.62946621381054	5.09409625846743	8.75688644843538	-2.62946621381054	-2.62946621381054	-2.62946621381054	6.6523572597875	10.5114067984727	-2.62946621381054	-2.62946621381054	5.59496535941062	-2.62946621381054	4.18507668344942	-2.62946621381054	-2.62946621381054	-2.62946621381054	-2.62946621381054	9.27652108908402	-2.62946621381054	-2.62946621381054	-2.62946621381054	-2.62946621381054	-2.62946621381054	-2.62946621381054	-2.62946621381054	-2.62946621381054	13.3195384885759	11.264144551009	5.97775048025328	8.98457979080974	-2.62946621381054	-2.62946621381054	-2.62946621381054	9.69154542692428	-2.62946621381054	-2.62946621381054	-2.62946621381054	-2.62946621381054	-2.62946621381054	-2.62946621381054	-2.62946621381054	-2.62946621381054	-2.62946621381054	-2.62946621381054	-2.62946621381054	-2.62946621381054	-2.62946621381054	-2.62946621381054	-2.62946621381054	-2.62946621381054	-2.62946621381054	9.74339548126409	-2.62946621381054	6.2469387011964	6.66438775839346	7.88950423092903	-2.62946621381054	-2.62946621381054	6.71898256028327	-2.62946621381054
HSM6XRRV	-5.0328433897677	-5.0328433897677	7.99239436090532	-5.0328433897677	-5.0328433897677	-5.0328433897677	-5.0328433897677	5.70899497456075	9.73500473564518	-5.0328433897677	-5.0328433897677	-5.0328433897677	-5.0328433897677	-5.0328433897677	-5.0328433897677	9.52235006881356	-5.0328433897677	6.86180761642796	-5.0328433897677	8.85198891893015	10.946239702957	12.0793248453914	9.45230567253682	-5.0328433897677	-5.0328433897677	-5.0328433897677	-5.0328433897677	8.47336778290233	-5.0328433897677	-5.0328433897677	9.34933290389094	-5.0328433897677	10.4412877391927	-5.0328433897677	-5.0328433897677	-5.0328433897677	9.22378959682693	-5.0328433897677	-5.0328433897677	-5.0328433897677	-5.0328433897677	5.44136943974226	-5.0328433897677	-5.0328433897677	-5.0328433897677	-5.0328433897677	-5.0328433897677	5.98956548643441	-5.0328433897677	5.69022573672456	6.12456360514716	-5.0328433897677	-5.0328433897677	9.19543951330033	7.0108926625816	6.21886015800787	-5.0328433897677	-5.0328433897677	5.39332918504687	7.90651259571152	-5.0328433897677	7.47515071522842	8.30976494207492	9.03189241565821	5.6563933137875	-5.0328433897677	8.69106819334415	-5.0328433897677	-5.0328433897677	7.69704316537727	-5.0328433897677	-5.0328433897677	-5.0328433897677	-5.0328433897677	-5.0328433897677	-5.0328433897677	11.089419665486	-5.0328433897677	-5.0328433897677	-5.0328433897677	7.49139567288303	-5.0328433897677	7.66386543742909	-5.0328433897677	-5.0328433897677	6.46872785936383	-5.0328433897677	-5.0328433897677	11.4084801053472	6.80903324221045	5.88842593352199	4.207152867116	-5.0328433897677	-5.0328433897677	-5.0328433897677	10.0285698011679	-5.0328433897677	4.407894162234	-5.0328433897677	-5.0328433897677	-5.0328433897677	-5.0328433897677	-5.0328433897677	4.82935330835055	-5.0328433897677	-5.0328433897677	-5.0328433897677	9.50676587003491	-5.0328433897677	5.22274365527534	2.86110174846826	-5.0328433897677	-5.0328433897677	10.3566708377423	-5.0328433897677	7.42663427501222	8.83088669339208	9.86026383418698	-5.0328433897677	4.87915781853364	8.72360800790559	-5.0328433897677
HSM6XRS8	15.5469529996956	-0.794946864291902	16.6769390932943	-0.794946864291902	-0.794946864291902	-0.794946864291902	-0.794946864291902	-0.794946864291902	-0.794946864291902	-0.794946864291902	-0.794946864291902	-0.794946864291902	-0.794946864291902	-0.794946864291902	-0.794946864291902	-0.794946864291902	-0.794946864291902	-0.794946864291902	-0.794946864291902	-0.794946864291902	-0.794946864291902	14.7179778674454	-0.794946864291902	-0.794946864291902	-0.794946864291902	-0.794946864291902	-0.794946864291902	-0.794946864291902	-0.794946864291902	-0.794946864291902	-0.794946864291902	-0.794946864291902	-0.794946864291902	-0.794946864291902	-0.794946864291902	-0.794946864291902	-0.794946864291902	-0.794946864291902	-0.794946864291902	-0.794946864291902	-0.794946864291902	-0.794946864291902	-0.794946864291902	-0.794946864291902	-0.794946864291902	-0.794946864291902	-0.794946864291902	-0.794946864291902	-0.794946864291902	-0.794946864291902	-0.794946864291902	-0.794946864291902	-0.794946864291902	-0.794946864291902	-0.794946864291902	-0.794946864291902	-0.794946864291902	-0.794946864291902	-0.794946864291902	-0.794946864291902	-0.794946864291902	-0.794946864291902	-0.794946864291902	-0.794946864291902	-0.794946864291902	-0.794946864291902	-0.794946864291902	-0.794946864291902	-0.794946864291902	-0.794946864291902	-0.794946864291902	-0.794946864291902	-0.794946864291902	-0.794946864291902	-0.794946864291902	-0.794946864291902	-0.794946864291902	-0.794946864291902	-0.794946864291902	-0.794946864291902	-0.794946864291902	-0.794946864291902	-0.794946864291902	-0.794946864291902	-0.794946864291902	-0.794946864291902	-0.794946864291902	-0.794946864291902	-0.794946864291902	-0.794946864291902	-0.794946864291902	-0.794946864291902	-0.794946864291902	-0.794946864291902	-0.794946864291902	-0.794946864291902	-0.794946864291902	-0.794946864291902	-0.794946864291902	-0.794946864291902	-0.794946864291902	-0.794946864291902	-0.794946864291902	-0.794946864291902	-0.794946864291902	-0.794946864291902	-0.794946864291902	-0.794946864291902	-0.794946864291902	14.6066779111207	-0.794946864291902	-0.794946864291902	-0.794946864291902	-0.794946864291902	-0.794946864291902	-0.794946864291902	-0.794946864291902	-0.794946864291902	15.1855050642784	15.479783322026	-0.794946864291902	-0.794946864291902
HSM6XRSG	-0.798294385927356	-0.798294385927356	11.0024456427173	-0.798294385927356	-0.798294385927356	-0.798294385927356	-0.798294385927356	-0.798294385927356	-0.798294385927356	-0.798294385927356	-0.798294385927356	-0.798294385927356	-0.798294385927356	-0.798294385927356	-0.798294385927356	-0.798294385927356	-0.798294385927356	-0.798294385927356	-0.798294385927356	-0.798294385927356	-0.798294385927356	17.5563650420904	-0.798294385927356	-0.798294385927356	-0.798294385927356	-0.798294385927356	-0.798294385927356	-0.798294385927356	-0.798294385927356	-0.798294385927356	-0.798294385927356	-0.798294385927356	-0.798294385927356	-0.798294385927356	-0.798294385927356	-0.798294385927356	-0.798294385927356	-0.798294385927356	8.30345804563193	-0.798294385927356	-0.798294385927356	-0.798294385927356	-0.798294385927356	-0.798294385927356	-0.798294385927356	-0.798294385927356	-0.798294385927356	-0.798294385927356	-0.798294385927356	-0.798294385927356	-0.798294385927356	-0.798294385927356	-0.798294385927356	-0.798294385927356	-0.798294385927356	-0.798294385927356	-0.798294385927356	-0.798294385927356	10.4936227465257	-0.798294385927356	-0.798294385927356	-0.798294385927356	-0.798294385927356	-0.798294385927356	-0.798294385927356	-0.798294385927356	-0.798294385927356	-0.798294385927356	-0.798294385927356	-0.798294385927356	-0.798294385927356	-0.798294385927356	-0.798294385927356	-0.798294385927356	-0.798294385927356	-0.798294385927356	-0.798294385927356	-0.798294385927356	-0.798294385927356	-0.798294385927356	-0.798294385927356	-0.798294385927356	-0.798294385927356	-0.798294385927356	-0.798294385927356	-0.798294385927356	-0.798294385927356	-0.798294385927356	-0.798294385927356	-0.798294385927356	-0.798294385927356	-0.798294385927356	-0.798294385927356	-0.798294385927356	-0.798294385927356	-0.798294385927356	-0.798294385927356	-0.798294385927356	-0.798294385927356	-0.798294385927356	6.66392055384083	-0.798294385927356	-0.798294385927356	-0.798294385927356	-0.798294385927356	-0.798294385927356	-0.798294385927356	11.306304624672	-0.798294385927356	-0.798294385927356	-0.798294385927356	-0.798294385927356	-0.798294385927356	-0.798294385927356	-0.798294385927356	-0.798294385927356	-0.798294385927356	14.5824724944912	11.0969708457493	-0.798294385927356	-0.798294385927356	-0.798294385927356
HSM6XRSN	-4.41216872094994	-4.41216872094994	6.29334283833152	-4.41216872094994	3.09497235877766	-4.41216872094994	-4.41216872094994	-4.41216872094994	12.3152854079083	-4.41216872094994	-4.41216872094994	-4.41216872094994	-4.41216872094994	-4.41216872094994	6.50293792491756	9.74384949180065	-4.41216872094994	9.29802687587444	-4.41216872094994	-4.41216872094994	10.8041604585455	13.2683621408096	9.17988698725179	-4.41216872094994	-4.41216872094994	-4.41216872094994	-4.41216872094994	9.47505859535086	-4.41216872094994	-4.41216872094994	-4.41216872094994	-4.41216872094994	11.2293305764347	8.76669029515185	10.7325104014094	-4.41216872094994	10.5609243601466	-4.41216872094994	-4.41216872094994	-4.41216872094994	-4.41216872094994	-4.41216872094994	-4.41216872094994	5.04276353354632	-4.41216872094994	-4.41216872094994	-4.41216872094994	-4.41216872094994	7.05702426815528	-4.41216872094994	5.39265804476221	9.0773637437495	-4.41216872094994	8.35486452213942	-4.41216872094994	6.00237442890623	-4.41216872094994	-4.41216872094994	7.75615532733242	1.88125055789654	-4.41216872094994	7.23003786703204	6.64079849061575	8.02628864446037	5.93153957098462	-4.41216872094994	6.26860033772292	-4.41216872094994	-4.41216872094994	-4.41216872094994	-4.41216872094994	-4.41216872094994	-4.41216872094994	-4.41216872094994	-4.41216872094994	-4.41216872094994	10.5567960993861	-4.41216872094994	6.37075883966233	9.52288421301238	9.23665068648261	-4.41216872094994	8.37200775062778	-4.41216872094994	-4.41216872094994	4.67498655045586	-4.41216872094994	-4.41216872094994	10.6078088192143	6.64032317531432	-4.41216872094994	-4.41216872094994	6.38681484420363	-4.41216872094994	-4.41216872094994	-4.41216872094994	-4.41216872094994	-4.41216872094994	-4.41216872094994	-4.41216872094994	-4.41216872094994	-4.41216872094994	-4.41216872094994	7.15922374572998	-4.41216872094994	-4.41216872094994	-4.41216872094994	6.62273707197947	-4.41216872094994	-4.41216872094994	-4.41216872094994	3.85681948855671	-4.41216872094994	5.73155546032657	-4.41216872094994	5.01336367255283	6.32032905935016	3.66216897313957	4.39634989783287	-4.41216872094994	8.67835511530404	-4.41216872094994
HSM6XRTM	-5.38017203970606	6.38165048962943	7.33758885741971	5.16150479780933	5.37540899865901	-5.38017203970606	-5.38017203970606	-5.38017203970606	10.9749204412575	-5.38017203970606	11.6394702207935	-5.38017203970606	-5.38017203970606	-5.38017203970606	-5.38017203970606	9.35001234364332	-5.38017203970606	10.1685169739958	9.58828778128365	8.81428235947309	11.1222332453797	-5.38017203970606	4.15738356905723	-5.38017203970606	-5.38017203970606	-5.38017203970606	-5.38017203970606	-5.38017203970606	-5.38017203970606	-5.38017203970606	-5.38017203970606	-5.38017203970606	-5.38017203970606	6.41733820605647	9.6273625191142	-5.38017203970606	9.82312451633435	-5.38017203970606	4.73442696792044	3.57926810391087	7.67750560572571	-5.38017203970606	-5.38017203970606	-5.38017203970606	-5.38017203970606	-5.38017203970606	-5.38017203970606	-5.38017203970606	-5.38017203970606	5.17462455777322	4.70859103570038	-5.38017203970606	4.68206986519093	5.60801479627818	-5.38017203970606	6.04273024461652	-5.38017203970606	3.67596765119282	2.27947091485862	6.25506839838343	-5.38017203970606	5.11112995512417	5.2605035019656	7.675818602084	-5.38017203970606	-5.38017203970606	8.23674244705194	-5.38017203970606	-5.38017203970606	-5.38017203970606	-5.38017203970606	-5.38017203970606	-5.38017203970606	-5.38017203970606	-5.38017203970606	-5.38017203970606	10.0255265346121	-5.38017203970606	9.99486344639622	-5.38017203970606	8.04201589094128	-5.38017203970606	7.25185764608693	-5.38017203970606	-5.38017203970606	1.01842289482914	-5.38017203970606	-5.38017203970606	10.8969228890364	7.07786870930171	-5.38017203970606	3.9164377674223	7.04158037226575	4.19834685559227	7.62027451972472	-5.38017203970606	-5.38017203970606	-5.38017203970606	3.9453702619588	-5.38017203970606	5.73363314609081	-5.38017203970606	4.43399237486986	-5.38017203970606	-5.38017203970606	-5.38017203970606	-5.38017203970606	6.57017575161179	6.22269467265537	5.70521140563491	4.48618461449186	5.09460574561113	4.55583110450674	6.10836851532848	-5.38017203970606	4.47941587054005	5.43622051960001	-5.38017203970606	5.98391693342734	-5.38017203970606	7.99077025008713	-5.38017203970606
HSM6XRTQ	-4.30065261338729	9.7978623437536	11.7804959218352	7.59406665871775	10.84462983666	4.26932276346791	5.41112949104454	-4.30065261338729	10.018218372981	-4.30065261338729	12.192257235972	-4.30065261338729	-4.30065261338729	-4.30065261338729	-4.30065261338729	9.30881852996482	-4.30065261338729	10.344531839802	10.7201851313128	-4.30065261338729	11.1411767692713	5.91512425469346	-4.30065261338729	-4.30065261338729	-4.30065261338729	-4.30065261338729	-4.30065261338729	-4.30065261338729	-4.30065261338729	-4.30065261338729	-4.30065261338729	-4.30065261338729	-4.30065261338729	-4.30065261338729	8.47408333899322	-4.30065261338729	-4.30065261338729	-4.30065261338729	-4.30065261338729	7.33352541700959	-4.30065261338729	-4.30065261338729	-4.30065261338729	-4.30065261338729	-4.30065261338729	-4.30065261338729	-4.30065261338729	-4.30065261338729	8.25272975901598	6.52234049792493	-4.30065261338729	-4.30065261338729	9.26259578162312	6.72972689516205	-4.30065261338729	8.67212199616161	-4.30065261338729	7.86272649571345	-4.30065261338729	8.90966852637606	-4.30065261338729	9.08851285903934	8.86250907825691	10.5479858426918	-4.30065261338729	-4.30065261338729	8.59641740351812	-4.30065261338729	-4.30065261338729	-4.30065261338729	-4.30065261338729	-4.30065261338729	-4.30065261338729	-4.30065261338729	-4.30065261338729	-4.30065261338729	7.81089504399489	-4.30065261338729	8.72502583968433	-4.30065261338729	-4.30065261338729	-4.30065261338729	-4.30065261338729	-4.30065261338729	-4.30065261338729	8.64294527690583	7.17851956477754	-4.30065261338729	13.2688746702292	9.24673141007379	-4.30065261338729	-4.30065261338729	-4.30065261338729	7.93910139291166	8.60856952240309	-4.30065261338729	-4.30065261338729	-4.30065261338729	-4.30065261338729	5.35955245399374	-4.30065261338729	-4.30065261338729	-4.30065261338729	-4.30065261338729	10.2796190253917	-4.30065261338729	-4.30065261338729	6.59887910609201	-4.30065261338729	7.59590807890444	-4.30065261338729	5.58064045363906	-4.30065261338729	-4.30065261338729	-4.30065261338729	-4.30065261338729	-4.30065261338729	7.5286225525999	5.53621425180694	-4.30065261338729	-4.30065261338729	-4.30065261338729
HSM6XRV2	8.90768448962275	-5.06660686973617	6.1545080121985	-5.06660686973617	6.7018983584712	-5.06660686973617	-5.06660686973617	-5.06660686973617	-5.06660686973617	-5.06660686973617	-5.06660686973617	-5.06660686973617	-5.06660686973617	-5.06660686973617	-5.06660686973617	-5.06660686973617	9.84495637056372	9.61363624853258	11.1670970983359	7.18582918825817	10.5514252049828	10.8622128185069	6.31690442947251	7.41227910430465	-5.06660686973617	4.54324760485474	6.11671670365082	6.80455931270937	-5.06660686973617	4.51191202556216	5.74616694052123	-5.06660686973617	8.8506395427314	7.63723959410287	8.7127489102885	8.26802675832358	8.61086041808934	-5.06660686973617	8.52899365345997	8.06225733145049	-5.06660686973617	-5.06660686973617	-5.06660686973617	-5.06660686973617	-5.06660686973617	-5.06660686973617	-5.06660686973617	-5.06660686973617	9.55036746094334	3.30925314556343	7.31861982131662	-5.06660686973617	5.24470966143006	7.2828775710842	-5.06660686973617	6.09932520487129	-5.06660686973617	4.93495975295959	-5.06660686973617	5.09233652358142	5.68319949264498	8.59079970438179	8.43843189154497	9.10719402671422	-5.06660686973617	-5.06660686973617	-5.06660686973617	-5.06660686973617	-5.06660686973617	-5.06660686973617	-5.06660686973617	-5.06660686973617	-5.06660686973617	-5.06660686973617	-5.06660686973617	-5.06660686973617	11.390623256653	10.8830986499005	-5.06660686973617	-5.06660686973617	9.8682368099634	-5.06660686973617	7.08374691353759	6.47569291444024	-5.06660686973617	5.81766618485463	-5.06660686973617	-5.06660686973617	10.833922274245	6.86273023749004	-5.06660686973617	-5.06660686973617	8.30083531257445	-5.06660686973617	-5.06660686973617	-5.06660686973617	-5.06660686973617	-5.06660686973617	-5.06660686973617	-5.06660686973617	-5.06660686973617	-5.06660686973617	-5.06660686973617	7.14530370189421	-5.06660686973617	-5.06660686973617	-5.06660686973617	-5.06660686973617	-5.06660686973617	4.70283487217089	-5.06660686973617	-5.06660686973617	-5.06660686973617	-5.06660686973617	-5.06660686973617	-5.06660686973617	-5.06660686973617	7.19660668948083	-5.06660686973617	5.11417145218462	6.42295784532071	-5.06660686973617
HSM6XRVC	-4.32952047659622	-4.32952047659622	-4.32952047659622	-4.32952047659622	-4.32952047659622	-4.32952047659622	-4.32952047659622	-4.32952047659622	-4.32952047659622	-4.32952047659622	-4.32952047659622	-4.32952047659622	-4.32952047659622	-4.32952047659622	-4.32952047659622	-4.32952047659622	11.6121220843834	11.0787356485601	12.4978348979102	-4.32952047659622	-4.32952047659622	-4.32952047659622	11.5417741026897	-4.32952047659622	-4.32952047659622	-4.32952047659622	-4.32952047659622	-4.32952047659622	-4.32952047659622	-4.32952047659622	10.0394906379034	-4.32952047659622	-4.32952047659622	7.46467404130356	-4.32952047659622	-4.32952047659622	-4.32952047659622	-4.32952047659622	-4.32952047659622	-4.32952047659622	-4.32952047659622	-4.32952047659622	-4.32952047659622	6.41684805338807	-4.32952047659622	-4.32952047659622	-4.32952047659622	-4.32952047659622	7.24620136786369	6.1163204361102	4.69219853643748	9.09510959866755	-4.32952047659622	7.2739858206051	-4.32952047659622	-4.32952047659622	-4.32952047659622	6.34015558856667	8.58301283049349	-4.32952047659622	-4.32952047659622	5.13165643171092	-4.32952047659622	6.67542531105794	7.81723200843778	-4.32952047659622	8.27287898306441	-4.32952047659622	-4.32952047659622	3.98946564879584	-4.32952047659622	-4.32952047659622	-4.32952047659622	-4.32952047659622	-4.32952047659622	-4.32952047659622	11.1026421093827	11.1766099292323	8.59943046698541	7.4043942208088	3.93174767398143	-4.32952047659622	10.2208265602316	-4.32952047659622	-4.32952047659622	-4.32952047659622	-4.32952047659622	-4.32952047659622	13.0982967859509	7.53181285399482	6.27758425428297	7.17588679746921	2.45153714933996	-4.32952047659622	9.13248297168276	9.11611554773316	-4.32952047659622	2.95048777628797	-4.32952047659622	-4.32952047659622	-4.32952047659622	-4.32952047659622	-4.32952047659622	2.9435721194033	-4.32952047659622	-4.32952047659622	-4.32952047659622	6.07325641188757	6.85505368751042	5.79834985908907	5.42029128333586	4.85662965657875	-4.32952047659622	8.51109253428576	-4.32952047659622	5.60502960139173	3.78150736159746	-4.32952047659622	6.17392931677216	-4.32952047659622	5.16607402275708	10.1333137179861
HSM6XRVK	-4.82792013767802	-4.82792013767802	7.14439659409021	-4.82792013767802	-4.82792013767802	-4.82792013767802	-4.82792013767802	3.68345616841665	-4.82792013767802	-4.82792013767802	-4.82792013767802	-4.82792013767802	-4.82792013767802	-4.82792013767802	-4.82792013767802	-4.82792013767802	10.6723864231505	10.3257131883821	10.5174808857183	-4.82792013767802	-4.82792013767802	-4.82792013767802	9.9286639070293	-4.82792013767802	-4.82792013767802	-4.82792013767802	-4.82792013767802	-4.82792013767802	-4.82792013767802	-4.82792013767802	8.21065067679201	-4.82792013767802	-4.82792013767802	4.86983392505349	-4.82792013767802	-4.82792013767802	-4.82792013767802	-4.82792013767802	-4.82792013767802	-4.82792013767802	-4.82792013767802	6.05014592260277	-4.82792013767802	4.73806464742237	-4.82792013767802	-4.82792013767802	-4.82792013767802	-4.82792013767802	9.76240099449844	8.5047382002867	5.75995130974789	8.91148769069536	-4.82792013767802	9.92769572084644	-4.82792013767802	7.46854607544807	-4.82792013767802	7.07563425486537	6.94876093109038	7.3944735914061	-4.82792013767802	7.03517616531722	-4.82792013767802	8.55836168045134	7.89656229897644	-4.82792013767802	8.85917847234239	-4.82792013767802	-4.82792013767802	6.34126071090388	-4.82792013767802	-4.82792013767802	-4.82792013767802	-4.82792013767802	-4.82792013767802	-4.82792013767802	11.1637753188268	-4.82792013767802	4.87534661817632	9.67908173064953	10.1590134829674	-4.82792013767802	6.42274405752058	-4.82792013767802	-4.82792013767802	7.16118360410496	-4.82792013767802	-4.82792013767802	13.0168605133318	6.36495156680912	6.41439011719818	6.03013610794224	-4.82792013767802	-4.82792013767802	6.6603129647018	8.9055568154248	-4.82792013767802	-4.82792013767802	-4.82792013767802	-4.82792013767802	-4.82792013767802	-4.82792013767802	3.86842291936653	-4.82792013767802	-4.82792013767802	-4.82792013767802	-4.82792013767802	8.55006327445526	6.90286293257717	7.04422403312358	4.99278345337918	6.57976702638807	3.13100635537209	8.18714974595833	-4.82792013767802	5.33912327678357	-4.82792013767802	-4.82792013767802	7.12048867900813	-4.82792013767802	4.89530373917359	7.21652141940096
HSM6XRVO	-3.9000843464604	-3.9000843464604	9.39335593627974	-3.9000843464604	-3.9000843464604	-3.9000843464604	-3.9000843464604	-3.9000843464604	9.44780534123193	-3.9000843464604	-3.9000843464604	-3.9000843464604	-3.9000843464604	-3.9000843464604	-3.9000843464604	11.1475289336244	-3.9000843464604	7.10403013066805	-3.9000843464604	7.36131095267354	11.8027368920919	12.9071615579763	8.70258419170887	-3.9000843464604	-3.9000843464604	-3.9000843464604	-3.9000843464604	6.93873156682702	-3.9000843464604	-3.9000843464604	9.01592130605276	-3.9000843464604	10.1510918334169	-3.9000843464604	-3.9000843464604	-3.9000843464604	11.5646252679553	-3.9000843464604	-3.9000843464604	-3.9000843464604	-3.9000843464604	5.35053387201435	-3.9000843464604	-3.9000843464604	-3.9000843464604	-3.9000843464604	-3.9000843464604	-3.9000843464604	-3.9000843464604	8.81109057568614	7.21491253928832	-3.9000843464604	-3.9000843464604	9.92632757513049	-3.9000843464604	5.62513975539271	-3.9000843464604	7.43324783658703	7.62121595149201	9.63526379543582	-3.9000843464604	9.37281920071699	9.7146567333851	8.94288518273849	-3.9000843464604	-3.9000843464604	9.56706093218626	-3.9000843464604	-3.9000843464604	6.43554270159808	-3.9000843464604	-3.9000843464604	-3.9000843464604	-3.9000843464604	-3.9000843464604	-3.9000843464604	12.8086179340042	-3.9000843464604	-3.9000843464604	-3.9000843464604	6.09191761960647	-3.9000843464604	-3.9000843464604	-3.9000843464604	-3.9000843464604	4.72164902422976	-3.9000843464604	-3.9000843464604	13.4232063915319	5.52786428533132	-3.9000843464604	-3.9000843464604	-3.9000843464604	-3.9000843464604	-3.9000843464604	-3.9000843464604	-3.9000843464604	-3.9000843464604	-3.9000843464604	-3.9000843464604	4.43342636252254	-3.9000843464604	-3.9000843464604	-3.9000843464604	-3.9000843464604	-3.9000843464604	-3.9000843464604	9.20917555414691	-3.9000843464604	-3.9000843464604	-3.9000843464604	-3.9000843464604	-3.9000843464604	10.5291572797051	-3.9000843464604	6.62023613628528	6.67305143634691	9.5029531046349	8.22689638924467	-3.9000843464604	8.65135302292498	-3.9000843464604
HSM6XRVW	-4.89231414219527	-4.89231414219527	8.65666377568246	-4.89231414219527	-4.89231414219527	-4.89231414219527	-4.89231414219527	3.47892799373666	7.73115547611055	-4.89231414219527	-4.89231414219527	-4.89231414219527	-4.89231414219527	-4.89231414219527	-4.89231414219527	11.5202682021799	-4.89231414219527	6.59550887621411	-4.89231414219527	8.36118450943335	10.8014960537633	11.6989065737554	9.03207862298518	-4.89231414219527	-4.89231414219527	-4.89231414219527	-4.89231414219527	8.29362666965073	-4.89231414219527	-4.89231414219527	9.44871220869484	-4.89231414219527	9.50516116616773	-4.89231414219527	-4.89231414219527	-4.89231414219527	7.94737062453959	-4.89231414219527	5.52582171833051	-4.89231414219527	-4.89231414219527	4.95200709967164	-4.89231414219527	-4.89231414219527	-4.89231414219527	-4.89231414219527	-4.89231414219527	-4.89231414219527	-4.89231414219527	8.9211352931143	7.57589581897453	-4.89231414219527	-4.89231414219527	10.8060451997733	4.27313346089017	7.06414904933038	4.13422357670515	2.71407324757738	8.11520163693758	10.4002955955055	-4.89231414219527	8.34150294957039	8.56795045035396	9.67088907163857	5.25807255000946	-4.89231414219527	8.08178353818467	-4.89231414219527	-4.89231414219527	5.8480095948746	-4.89231414219527	-4.89231414219527	-4.89231414219527	-4.89231414219527	-4.89231414219527	-4.89231414219527	10.8816519696884	-4.89231414219527	-4.89231414219527	-4.89231414219527	-4.89231414219527	-4.89231414219527	-4.89231414219527	-4.89231414219527	-4.89231414219527	-4.89231414219527	-4.89231414219527	-4.89231414219527	8.66945318318657	2.96748503836683	-4.89231414219527	4.99153177008556	-4.89231414219527	-4.89231414219527	-4.89231414219527	4.30807689892724	-4.89231414219527	3.40198546666196	-4.89231414219527	-4.89231414219527	-4.89231414219527	5.47901846153238	-4.89231414219527	-4.89231414219527	-4.89231414219527	-4.89231414219527	-4.89231414219527	8.58110180317198	5.60701091343268	7.05590057008798	6.28529242080756	6.10663072731566	3.18823282362922	8.0326489638531	-4.89231414219527	5.15747911293044	7.33488868041933	12.2606770185709	7.21802373340494	-4.89231414219527	6.29059221982639	-4.89231414219527
HSM7CYX2	-5.19834346895451	7.08098428514461	8.01874991998908	7.01817938247048	-5.19834346895451	-5.19834346895451	-5.19834346895451	-5.19834346895451	5.605528985772	-5.19834346895451	-5.19834346895451	-5.19834346895451	-5.19834346895451	-5.19834346895451	-5.19834346895451	9.73733569511838	-5.19834346895451	6.3309571877319	-5.19834346895451	7.43172486143659	10.9010005642036	8.4055209385453	-5.19834346895451	-5.19834346895451	-5.19834346895451	-5.19834346895451	-5.19834346895451	-5.19834346895451	-5.19834346895451	-5.19834346895451	-5.19834346895451	-5.19834346895451	-5.19834346895451	-5.19834346895451	9.14319713746455	-5.19834346895451	9.88513980069691	-5.19834346895451	7.49928329197684	7.99001549255539	4.18435229550378	2.09535425164693	3.88086263499687	-5.19834346895451	-5.19834346895451	-5.19834346895451	-5.19834346895451	-5.19834346895451	10.1571736767075	8.22095058045042	-5.19834346895451	4.43798333435058	-5.19834346895451	8.62591967314766	-5.19834346895451	7.02272123199487	-5.19834346895451	5.46993727959401	4.5767992176444	7.73585974008742	-5.19834346895451	-5.19834346895451	-5.19834346895451	-5.19834346895451	-5.19834346895451	-5.19834346895451	9.45334521076726	-5.19834346895451	-5.19834346895451	4.99261363345207	-5.19834346895451	-5.19834346895451	-5.19834346895451	3.59814673837907	6.25505489670106	1.5940009585163	9.05044902993691	9.65998156720898	8.26701510991691	11.2233743582735	9.53415797571831	4.70469398230123	-5.19834346895451	-5.19834346895451	-5.19834346895451	-5.19834346895451	-5.19834346895451	3.23132912493223	12.2482211981111	7.36673490213135	-5.19834346895451	-5.19834346895451	-5.19834346895451	-5.19834346895451	6.96184752856936	7.50123873897641	-5.19834346895451	2.60997958143655	-5.19834346895451	-5.19834346895451	-5.19834346895451	-5.19834346895451	-5.19834346895451	-5.19834346895451	-5.19834346895451	-5.19834346895451	-5.19834346895451	5.80260571049233	7.90050764896855	7.08182036287422	6.40434042972098	7.7898048536101	5.3681155216315	3.95553236604055	9.15107290416224	-5.19834346895451	-5.19834346895451	-5.19834346895451	9.08014043864992	7.58723442277124	-5.19834346895451	4.0551521733356
HSM7CYXA	-4.90000235250354	8.09700412984472	7.23506289374047	3.3917947525452	-4.90000235250354	-4.90000235250354	-4.90000235250354	-4.90000235250354	-4.90000235250354	-4.90000235250354	-4.90000235250354	-4.90000235250354	-4.90000235250354	-4.90000235250354	-4.90000235250354	11.2157145715258	-4.90000235250354	-4.90000235250354	-4.90000235250354	-4.90000235250354	12.1900632106422	-4.90000235250354	-4.90000235250354	-4.90000235250354	-4.90000235250354	-4.90000235250354	-4.90000235250354	-4.90000235250354	-4.90000235250354	-4.90000235250354	-4.90000235250354	-4.90000235250354	-4.90000235250354	-4.90000235250354	9.64869835718102	-4.90000235250354	8.67845714146692	4.31343322437995	7.42176670876062	6.98338951552232	-4.90000235250354	5.95361681507546	-4.90000235250354	-4.90000235250354	5.34781930813652	7.65079764791925	5.66387672385254	6.49313682163384	10.3501666876256	5.65687752481048	-4.90000235250354	5.66697182317411	-4.90000235250354	9.21078709885839	-4.90000235250354	-4.90000235250354	-4.90000235250354	6.86904485595804	-4.90000235250354	4.94855371650637	-4.90000235250354	-4.90000235250354	-4.90000235250354	-4.90000235250354	-4.90000235250354	-4.90000235250354	8.80127623231208	-4.90000235250354	-4.90000235250354	5.00053084020615	-4.90000235250354	-4.90000235250354	-4.90000235250354	6.79183051432752	-4.90000235250354	6.54786178802462	10.4203077858441	10.3946713595329	7.37788384930591	10.0462071665737	9.23978567293191	-4.90000235250354	-4.90000235250354	-4.90000235250354	-4.90000235250354	-4.90000235250354	5.65139963131278	6.36165011189907	12.2881727360801	8.93314279799255	-4.90000235250354	5.45618370562194	-4.90000235250354	-4.90000235250354	10.6284699278409	8.12243239646227	-4.90000235250354	5.6542727461764	-4.90000235250354	-4.90000235250354	-4.90000235250354	-4.90000235250354	-4.90000235250354	-4.90000235250354	-4.90000235250354	-4.90000235250354	-4.90000235250354	8.32632636775751	7.10768642522422	3.99986485872005	2.40047046176426	6.5729445121895	-4.90000235250354	5.02578470752736	5.66928687719705	-4.90000235250354	-4.90000235250354	7.12838397688709	6.4602496743138	6.6647657559344	-4.90000235250354	7.64129532363825
HSM7CYY3	-2.12434269550855	-2.12434269550855	-2.12434269550855	-2.12434269550855	5.87567139816952	-2.12434269550855	-2.12434269550855	-2.12434269550855	-2.12434269550855	-2.12434269550855	-2.12434269550855	-2.12434269550855	-2.12434269550855	-2.12434269550855	-2.12434269550855	14.6045023364497	-2.12434269550855	14.1564771488795	-2.12434269550855	-2.12434269550855	14.5953395725992	14.7434057451524	-2.12434269550855	-2.12434269550855	-2.12434269550855	-2.12434269550855	-2.12434269550855	-2.12434269550855	-2.12434269550855	-2.12434269550855	-2.12434269550855	-2.12434269550855	-2.12434269550855	-2.12434269550855	13.9637710567155	-2.12434269550855	11.904552752547	-2.12434269550855	-2.12434269550855	-2.12434269550855	-2.12434269550855	12.3247513269896	-2.12434269550855	-2.12434269550855	-2.12434269550855	-2.12434269550855	-2.12434269550855	-2.12434269550855	-2.12434269550855	-2.12434269550855	-2.12434269550855	-2.12434269550855	-2.12434269550855	-2.12434269550855	-2.12434269550855	-2.12434269550855	-2.12434269550855	-2.12434269550855	-2.12434269550855	-2.12434269550855	-2.12434269550855	8.28327813693245	-2.12434269550855	-2.12434269550855	-2.12434269550855	-2.12434269550855	-2.12434269550855	8.20933509752254	7.6101935191718	11.9420752078897	7.42965830032868	-2.12434269550855	-2.12434269550855	-2.12434269550855	-2.12434269550855	-2.12434269550855	-2.12434269550855	-2.12434269550855	-2.12434269550855	-2.12434269550855	-2.12434269550855	-2.12434269550855	-2.12434269550855	-2.12434269550855	-2.12434269550855	-2.12434269550855	-2.12434269550855	-2.12434269550855	-2.12434269550855	11.371432184995	-2.12434269550855	-2.12434269550855	-2.12434269550855	-2.12434269550855	-2.12434269550855	-2.12434269550855	-2.12434269550855	7.29876760735428	5.85190924823707	-2.12434269550855	-2.12434269550855	-2.12434269550855	-2.12434269550855	-2.12434269550855	-2.12434269550855	13.9768042338878	9.7847447372437	-2.12434269550855	-2.12434269550855	-2.12434269550855	-2.12434269550855	-2.12434269550855	-2.12434269550855	-2.12434269550855	-2.12434269550855	-2.12434269550855	9.65831215242668	13.09797317838	-2.12434269550855	-2.12434269550855	-2.12434269550855	-2.12434269550855
HSM7CYYB	9.91297900818082	-0.91220464088801	13.7546616759028	-0.91220464088801	-0.91220464088801	-0.91220464088801	-0.91220464088801	-0.91220464088801	-0.91220464088801	-0.91220464088801	-0.91220464088801	-0.91220464088801	-0.91220464088801	-0.91220464088801	-0.91220464088801	11.1246265293836	-0.91220464088801	-0.91220464088801	-0.91220464088801	-0.91220464088801	-0.91220464088801	6.0734371767512	-0.91220464088801	-0.91220464088801	-0.91220464088801	-0.91220464088801	-0.91220464088801	-0.91220464088801	-0.91220464088801	-0.91220464088801	-0.91220464088801	-0.91220464088801	-0.91220464088801	-0.91220464088801	-0.91220464088801	-0.91220464088801	-0.91220464088801	-0.91220464088801	9.26134821607173	-0.91220464088801	-0.91220464088801	-0.91220464088801	-0.91220464088801	-0.91220464088801	-0.91220464088801	-0.91220464088801	-0.91220464088801	-0.91220464088801	-0.91220464088801	-0.91220464088801	-0.91220464088801	-0.91220464088801	-0.91220464088801	-0.91220464088801	-0.91220464088801	-0.91220464088801	-0.91220464088801	-0.91220464088801	9.97618510894985	-0.91220464088801	-0.91220464088801	-0.91220464088801	-0.91220464088801	-0.91220464088801	-0.91220464088801	-0.91220464088801	-0.91220464088801	-0.91220464088801	-0.91220464088801	-0.91220464088801	-0.91220464088801	-0.91220464088801	-0.91220464088801	-0.91220464088801	-0.91220464088801	-0.91220464088801	-0.91220464088801	-0.91220464088801	-0.91220464088801	-0.91220464088801	-0.91220464088801	-0.91220464088801	-0.91220464088801	-0.91220464088801	-0.91220464088801	-0.91220464088801	-0.91220464088801	-0.91220464088801	-0.91220464088801	-0.91220464088801	-0.91220464088801	-0.91220464088801	-0.91220464088801	-0.91220464088801	-0.91220464088801	-0.91220464088801	-0.91220464088801	7.61116940960331	-0.91220464088801	-0.91220464088801	-0.91220464088801	-0.91220464088801	-0.91220464088801	-0.91220464088801	-0.91220464088801	-0.91220464088801	-0.91220464088801	-0.91220464088801	-0.91220464088801	-0.91220464088801	-0.91220464088801	-0.91220464088801	-0.91220464088801	-0.91220464088801	-0.91220464088801	-0.91220464088801	-0.91220464088801	17.3721167268897	7.91848455787299	9.16191136985103	-0.91220464088801	-0.91220464088801
HSM7CYYF	-3.79225318702612	-3.79225318702612	8.57219406213453	6.61264581466538	8.37529170519863	-3.79225318702612	3.54142320863156	3.77870539614289	-3.79225318702612	-3.79225318702612	-3.79225318702612	-3.79225318702612	-3.79225318702612	-3.79225318702612	-3.79225318702612	-3.79225318702612	-3.79225318702612	12.7478710373424	13.8436340783423	-3.79225318702612	6.25537799859007	13.0605547708215	-3.79225318702612	-3.79225318702612	-3.79225318702612	-3.79225318702612	-3.79225318702612	-3.79225318702612	-3.79225318702612	-3.79225318702612	-3.79225318702612	-3.79225318702612	-3.79225318702612	-3.79225318702612	-3.79225318702612	-3.79225318702612	12.134429020916	-3.79225318702612	4.52916839987176	6.72590635919351	-3.79225318702612	-3.79225318702612	-3.79225318702612	-3.79225318702612	7.34526584711914	-3.79225318702612	-3.79225318702612	-3.79225318702612	-3.79225318702612	-3.79225318702612	-3.79225318702612	5.23428453187431	-3.79225318702612	9.552743211394	-3.79225318702612	-3.79225318702612	6.45910567089259	8.02433350104162	8.67626448894065	9.685966199081	-3.79225318702612	7.48938314124348	7.50971665121187	9.12598709780099	-3.79225318702612	2.57249756982579	8.74983087467812	4.48693659016888	-3.79225318702612	6.6460011000474	5.38979058579495	7.41143965146188	-3.79225318702612	9.25271281406173	7.84006290961419	-3.79225318702612	9.18409201854769	9.59272211648272	-3.79225318702612	-3.79225318702612	6.83953148485275	-3.79225318702612	-3.79225318702612	-3.79225318702612	-3.79225318702612	-3.79225318702612	-3.79225318702612	-3.79225318702612	-3.79225318702612	9.9284091843985	-3.79225318702612	-3.79225318702612	-3.79225318702612	-3.79225318702612	-3.79225318702612	-3.79225318702612	-3.79225318702612	-3.79225318702612	-3.79225318702612	6.56170470618463	-3.79225318702612	5.54568852954378	-3.79225318702612	-3.79225318702612	-3.79225318702612	-3.79225318702612	8.62258412739006	-3.79225318702612	-3.79225318702612	5.40611581316884	-3.79225318702612	7.52259931655832	-3.79225318702612	-3.79225318702612	-3.79225318702612	-3.79225318702612	-3.79225318702612	10.1317897509116	-3.79225318702612	-3.79225318702612	-3.79225318702612	-3.79225318702612
HSM7CYZ7	-3.07438017569416	-3.07438017569416	11.1817702090106	-3.07438017569416	10.8293619312138	-3.07438017569416	5.58448617403822	-3.07438017569416	12.2264668146533	-3.07438017569416	-3.07438017569416	-3.07438017569416	-3.07438017569416	-3.07438017569416	-3.07438017569416	13.7207729580661	-3.07438017569416	-3.07438017569416	-3.07438017569416	10.7887875238594	-3.07438017569416	-3.07438017569416	-3.07438017569416	-3.07438017569416	-3.07438017569416	-3.07438017569416	-3.07438017569416	-3.07438017569416	-3.07438017569416	-3.07438017569416	-3.07438017569416	-3.07438017569416	-3.07438017569416	-3.07438017569416	-3.07438017569416	-3.07438017569416	-3.07438017569416	-3.07438017569416	6.98529883001688	5.43296467966726	6.89868008019393	-3.07438017569416	-3.07438017569416	9.3251229270063	6.98999247235961	-3.07438017569416	-3.07438017569416	-3.07438017569416	-3.07438017569416	-3.07438017569416	-3.07438017569416	-3.07438017569416	-3.07438017569416	-3.07438017569416	-3.07438017569416	-3.07438017569416	-3.07438017569416	9.69675340600733	12.9475713578305	-3.07438017569416	-3.07438017569416	-3.07438017569416	-3.07438017569416	-3.07438017569416	-3.07438017569416	-3.07438017569416	-3.07438017569416	7.49439506052283	-3.07438017569416	-3.07438017569416	-3.07438017569416	-3.07438017569416	-3.07438017569416	-3.07438017569416	9.1285425139299	-3.07438017569416	-3.07438017569416	-3.07438017569416	-3.07438017569416	14.5459872651352	-3.07438017569416	-3.07438017569416	-3.07438017569416	-3.07438017569416	7.90293163170058	-3.07438017569416	-3.07438017569416	-3.07438017569416	-3.07438017569416	9.70679064187193	-3.07438017569416	-3.07438017569416	-3.07438017569416	-3.07438017569416	-3.07438017569416	-3.07438017569416	-3.07438017569416	-3.07438017569416	-3.07438017569416	3.97400623302772	-3.07438017569416	9.93389807036999	-3.07438017569416	-3.07438017569416	-3.07438017569416	-3.07438017569416	-3.07438017569416	8.60296590941343	9.56019353448454	10.7399106386853	9.54413650183732	12.5101910042029	7.4249448799338	-3.07438017569416	11.2089572691302	-3.07438017569416	-3.07438017569416	10.2631607081729	10.2005686572127	7.49336628030813	-3.07438017569416	-3.07438017569416
HSM7CYZJ	-6.0326363823976	-6.0326363823976	4.62181904518218	5.03323606170371	3.41679962710672	-6.0326363823976	-6.0326363823976	-6.0326363823976	10.2951901508406	8.43394910118977	10.1186068660844	-6.0326363823976	-6.0326363823976	-6.0326363823976	-6.0326363823976	9.47489083873542	-6.0326363823976	7.17186166684275	9.96800379175108	7.84780105878193	9.83646071371648	-6.0326363823976	9.14356119961329	-6.0326363823976	-6.0326363823976	-6.0326363823976	-6.0326363823976	7.96470477852919	-6.0326363823976	-6.0326363823976	8.82268470083532	-6.0326363823976	8.99462495288413	6.88339385367015	8.33625973875141	-6.0326363823976	8.95437781565316	-6.0326363823976	-6.0326363823976	-6.0326363823976	-6.0326363823976	-6.0326363823976	-6.0326363823976	4.92969993168985	6.52420228371836	-6.0326363823976	4.70029778376181	-6.0326363823976	6.89973046077856	2.71741303918664	-6.0326363823976	6.28743882847428	-6.0326363823976	7.0189418039886	-6.0326363823976	-6.0326363823976	-6.0326363823976	4.40385894083817	3.75941668969223	2.25665194060272	-6.0326363823976	-6.0326363823976	3.86839816397747	5.1739133676736	-6.0326363823976	-6.0326363823976	5.98234234141109	-6.0326363823976	-6.0326363823976	2.30327471179935	-6.0326363823976	-6.0326363823976	-6.0326363823976	-6.0326363823976	2.76988611588683	2.10212440002105	9.34507183210274	7.35977092597191	4.58088004956699	6.68647244182071	4.83041209724246	-6.0326363823976	-6.0326363823976	8.15105339088222	4.3311516254853	-6.0326363823976	5.37538401873643	3.99001103530779	9.92174326992032	5.44010230292735	2.7907171027162	5.11717919299585	9.59308257848324	-6.0326363823976	-6.0326363823976	7.13645980618087	5.99377715886427	5.64148063149047	-6.0326363823976	-6.0326363823976	-6.0326363823976	-6.0326363823976	-6.0326363823976	-6.0326363823976	-6.0326363823976	7.62782259004573	5.05870983632084	4.50613086199494	-6.0326363823976	-6.0326363823976	-6.0326363823976	-6.0326363823976	-6.0326363823976	5.76223724755158	-6.0326363823976	5.12291389351951	4.69504854268899	5.54082899491897	-6.0326363823976	-6.0326363823976	7.94665066400564	4.46254685153737
HSM7CYZT	-1.25381793912287	-1.25381793912287	11.8012960460509	-1.25381793912287	-1.25381793912287	-1.25381793912287	-1.25381793912287	7.87216208423524	-1.25381793912287	-1.25381793912287	-1.25381793912287	-1.25381793912287	-1.25381793912287	-1.25381793912287	-1.25381793912287	-1.25381793912287	-1.25381793912287	-1.25381793912287	-1.25381793912287	-1.25381793912287	-1.25381793912287	16.831540141196	-1.25381793912287	-1.25381793912287	-1.25381793912287	-1.25381793912287	-1.25381793912287	-1.25381793912287	-1.25381793912287	-1.25381793912287	-1.25381793912287	-1.25381793912287	-1.25381793912287	-1.25381793912287	14.5997209756574	-1.25381793912287	-1.25381793912287	-1.25381793912287	-1.25381793912287	-1.25381793912287	-1.25381793912287	-1.25381793912287	-1.25381793912287	-1.25381793912287	-1.25381793912287	-1.25381793912287	-1.25381793912287	-1.25381793912287	-1.25381793912287	-1.25381793912287	-1.25381793912287	-1.25381793912287	-1.25381793912287	-1.25381793912287	-1.25381793912287	-1.25381793912287	-1.25381793912287	-1.25381793912287	15.3374893773259	-1.25381793912287	-1.25381793912287	-1.25381793912287	-1.25381793912287	-1.25381793912287	-1.25381793912287	-1.25381793912287	8.76749709252646	-1.25381793912287	-1.25381793912287	-1.25381793912287	-1.25381793912287	-1.25381793912287	-1.25381793912287	-1.25381793912287	-1.25381793912287	-1.25381793912287	-1.25381793912287	-1.25381793912287	-1.25381793912287	-1.25381793912287	-1.25381793912287	-1.25381793912287	-1.25381793912287	-1.25381793912287	9.43405049439605	-1.25381793912287	-1.25381793912287	-1.25381793912287	-1.25381793912287	-1.25381793912287	-1.25381793912287	-1.25381793912287	-1.25381793912287	-1.25381793912287	-1.25381793912287	-1.25381793912287	-1.25381793912287	-1.25381793912287	-1.25381793912287	-1.25381793912287	7.77751537702718	12.9581512904879	-1.25381793912287	-1.25381793912287	-1.25381793912287	-1.25381793912287	-1.25381793912287	9.18677683057313	-1.25381793912287	-1.25381793912287	-1.25381793912287	10.5216333157305	-1.25381793912287	-1.25381793912287	-1.25381793912287	-1.25381793912287	-1.25381793912287	12.8321402783096	-1.25381793912287	-1.25381793912287	-1.25381793912287	-1.25381793912287
HSM7CZ14	-1.69829278934729	-1.69829278934729	10.6333149887637	-1.69829278934729	-1.69829278934729	-1.69829278934729	-1.69829278934729	-1.69829278934729	-1.69829278934729	-1.69829278934729	-1.69829278934729	-1.69829278934729	-1.69829278934729	-1.69829278934729	-1.69829278934729	-1.69829278934729	-1.69829278934729	-1.69829278934729	-1.69829278934729	-1.69829278934729	-1.69829278934729	16.4306480737065	-1.69829278934729	-1.69829278934729	-1.69829278934729	-1.69829278934729	-1.69829278934729	-1.69829278934729	-1.69829278934729	-1.69829278934729	-1.69829278934729	-1.69829278934729	-1.69829278934729	-1.69829278934729	14.5928979013687	-1.69829278934729	-1.69829278934729	-1.69829278934729	-1.69829278934729	-1.69829278934729	-1.69829278934729	-1.69829278934729	-1.69829278934729	-1.69829278934729	-1.69829278934729	-1.69829278934729	-1.69829278934729	-1.69829278934729	-1.69829278934729	-1.69829278934729	-1.69829278934729	-1.69829278934729	-1.69829278934729	10.5689737277107	-1.69829278934729	-1.69829278934729	-1.69829278934729	-1.69829278934729	11.1555922708029	-1.69829278934729	-1.69829278934729	-1.69829278934729	-1.69829278934729	-1.69829278934729	-1.69829278934729	-1.69829278934729	8.57506723537162	-1.69829278934729	-1.69829278934729	10.7023222665516	-1.69829278934729	7.71016046421786	-1.69829278934729	-1.69829278934729	-1.69829278934729	-1.69829278934729	-1.69829278934729	-1.69829278934729	-1.69829278934729	-1.69829278934729	12.8861822809712	-1.69829278934729	-1.69829278934729	-1.69829278934729	7.25470070997319	-1.69829278934729	-1.69829278934729	-1.69829278934729	-1.69829278934729	12.9416085392759	-1.69829278934729	-1.69829278934729	-1.69829278934729	-1.69829278934729	-1.69829278934729	-1.69829278934729	-1.69829278934729	9.35245434867847	-1.69829278934729	9.4629594877353	-1.69829278934729	-1.69829278934729	-1.69829278934729	-1.69829278934729	-1.69829278934729	-1.69829278934729	-1.69829278934729	11.1680447929825	-1.69829278934729	-1.69829278934729	-1.69829278934729	12.8113499638906	-1.69829278934729	-1.69829278934729	-1.69829278934729	-1.69829278934729	-1.69829278934729	13.772758618812	-1.69829278934729	-1.69829278934729	-1.69829278934729	-1.69829278934729
HSM7CZ32	-3.46199988638979	-3.46199988638979	-3.46199988638979	-3.46199988638979	-3.46199988638979	-3.46199988638979	-3.46199988638979	-3.46199988638979	7.8678557418949	-3.46199988638979	8.74777091253379	-3.46199988638979	-3.46199988638979	-3.46199988638979	-3.46199988638979	-3.46199988638979	-3.46199988638979	7.57403428373073	13.0852852768672	13.3344658496665	12.1970369813827	13.8735797109438	-3.46199988638979	7.16470322782832	-3.46199988638979	-3.46199988638979	-3.46199988638979	4.35843962887239	-3.46199988638979	-3.46199988638979	9.37808280477652	-3.46199988638979	-3.46199988638979	-3.46199988638979	6.61380097374322	-3.46199988638979	7.86267850050993	-3.46199988638979	-3.46199988638979	-3.46199988638979	6.72632820526346	8.80686444294563	-3.46199988638979	-3.46199988638979	-3.46199988638979	-3.46199988638979	-3.46199988638979	-3.46199988638979	-3.46199988638979	-3.46199988638979	-3.46199988638979	-3.46199988638979	-3.46199988638979	-3.46199988638979	-3.46199988638979	-3.46199988638979	-3.46199988638979	-3.46199988638979	10.2982526860702	-3.46199988638979	-3.46199988638979	-3.46199988638979	-3.46199988638979	-3.46199988638979	-3.46199988638979	-3.46199988638979	-3.46199988638979	4.75974784195683	-3.46199988638979	3.51434818405796	-3.46199988638979	11.6256534889322	-3.46199988638979	-3.46199988638979	10.2666894583208	-3.46199988638979	7.40429932274588	12.4455402751056	-3.46199988638979	5.61606544627657	-3.46199988638979	-3.46199988638979	-3.46199988638979	-3.46199988638979	6.96387618127678	-3.46199988638979	-3.46199988638979	3.76129579317253	9.32399804869061	-3.46199988638979	-3.46199988638979	-3.46199988638979	-3.46199988638979	-3.46199988638979	-3.46199988638979	-3.46199988638979	-3.46199988638979	2.55659332810645	-3.46199988638979	-3.46199988638979	5.75342752463495	9.0587411530833	-3.46199988638979	-3.46199988638979	-3.46199988638979	-3.46199988638979	-3.46199988638979	7.65597005085686	6.5517312402451	9.06423775248687	7.60293389898582	11.8191107765691	7.80003820195714	-3.46199988638979	-3.46199988638979	-3.46199988638979	-3.46199988638979	8.69887139750854	7.59964163752276	-3.46199988638979	-3.46199988638979	-3.46199988638979
HSM7CZ38	-2.86593003520449	-2.86593003520449	-2.86593003520449	-2.86593003520449	6.32634819395329	-2.86593003520449	-2.86593003520449	-2.86593003520449	-2.86593003520449	-2.86593003520449	-2.86593003520449	-2.86593003520449	-2.86593003520449	-2.86593003520449	-2.86593003520449	-2.86593003520449	-2.86593003520449	-2.86593003520449	14.1843006018728	12.8231796994742	13.3157985081835	14.705711556525	-2.86593003520449	-2.86593003520449	-2.86593003520449	-2.86593003520449	-2.86593003520449	-2.86593003520449	-2.86593003520449	-2.86593003520449	-2.86593003520449	-2.86593003520449	-2.86593003520449	-2.86593003520449	12.4801550818086	-2.86593003520449	12.3820833850899	-2.86593003520449	-2.86593003520449	-2.86593003520449	-2.86593003520449	-2.86593003520449	-2.86593003520449	-2.86593003520449	9.13582694669743	-2.86593003520449	-2.86593003520449	-2.86593003520449	10.329313847038	-2.86593003520449	-2.86593003520449	-2.86593003520449	-2.86593003520449	-2.86593003520449	-2.86593003520449	-2.86593003520449	8.04954017431793	-2.86593003520449	7.65385065103137	-2.86593003520449	-2.86593003520449	-2.86593003520449	-2.86593003520449	-2.86593003520449	-2.86593003520449	-2.86593003520449	9.14437708703428	-2.86593003520449	-2.86593003520449	-2.86593003520449	-2.86593003520449	11.3656630658903	-2.86593003520449	-2.86593003520449	9.37725051614957	-2.86593003520449	5.89201084147432	9.03389594389812	-2.86593003520449	-2.86593003520449	-2.86593003520449	-2.86593003520449	-2.86593003520449	-2.86593003520449	5.60647497342162	-2.86593003520449	-2.86593003520449	6.25130771850937	7.51195771747978	9.69221045787496	-2.86593003520449	-2.86593003520449	-2.86593003520449	-2.86593003520449	-2.86593003520449	-2.86593003520449	-2.86593003520449	-2.86593003520449	-2.86593003520449	10.2652563051393	-2.86593003520449	8.25100033915895	-2.86593003520449	-2.86593003520449	-2.86593003520449	-2.86593003520449	-2.86593003520449	5.80157791687062	4.79841659689413	7.87461021769354	6.71948496355579	11.2491894368263	6.36038210628139	-2.86593003520449	-2.86593003520449	-2.86593003520449	-2.86593003520449	9.95031842387281	-2.86593003520449	-2.86593003520449	-2.86593003520449	-2.86593003520449
HSM7CZ3G	-4.37980245852482	-4.37980245852482	-4.37980245852482	-4.37980245852482	-4.37980245852482	-4.37980245852482	-4.37980245852482	-4.37980245852482	10.7840022622747	-4.37980245852482	6.81623180394297	-4.37980245852482	10.9423801272475	10.0971948358548	-4.37980245852482	-4.37980245852482	-4.37980245852482	10.5170490942818	11.599806801197	3.76951038511053	12.103577836308	12.8779146900961	11.1781234260804	10.605968265279	-4.37980245852482	-4.37980245852482	-4.37980245852482	9.58012094869091	-4.37980245852482	-4.37980245852482	7.96237763375149	-4.37980245852482	11.2824797643614	9.14721369713711	10.1659058516365	-4.37980245852482	10.3554811609595	-4.37980245852482	-4.37980245852482	-4.37980245852482	-4.37980245852482	-4.37980245852482	-4.37980245852482	6.3868070897454	-4.37980245852482	-4.37980245852482	-4.37980245852482	-4.37980245852482	-4.37980245852482	-4.37980245852482	-4.37980245852482	5.70521467060506	-4.37980245852482	5.8216021102755	-4.37980245852482	2.90707395322588	3.01099606321086	7.57524785891618	-4.37980245852482	7.10339548997242	-4.37980245852482	-4.37980245852482	3.70691546177909	-4.37980245852482	-4.37980245852482	-4.37980245852482	4.72417689745996	-4.37980245852482	-4.37980245852482	-4.37980245852482	-4.37980245852482	-4.37980245852482	-4.37980245852482	-4.37980245852482	-4.37980245852482	-4.37980245852482	-4.37980245852482	-4.37980245852482	6.60618493827547	8.37445228731488	5.16993444158983	-4.37980245852482	-4.37980245852482	-4.37980245852482	-4.37980245852482	5.08137444978232	-4.37980245852482	-4.37980245852482	10.743646516999	7.65927655506034	-4.37980245852482	2.45645681875225	7.64385462579313	4.60501653735119	-4.37980245852482	7.8487212648425	-4.37980245852482	4.81349347884211	-4.37980245852482	-4.37980245852482	-4.37980245852482	-4.37980245852482	-4.37980245852482	6.47091231945105	-4.37980245852482	-4.37980245852482	8.32965116805803	-4.37980245852482	-4.37980245852482	-4.37980245852482	-4.37980245852482	-4.37980245852482	-4.37980245852482	9.11829645016498	-4.37980245852482	7.77060418837138	5.42832991319446	-4.37980245852482	-4.37980245852482	-4.37980245852482	7.78571378221303	8.99190384947982
HSM7J4G1	-6.33819528979589	-6.33819528979589	4.81706903081408	4.08411581761729	5.98575372036872	-6.33819528979589	-6.33819528979589	-6.33819528979589	10.4499012716779	5.45871291351952	10.2262931222088	-6.33819528979589	-6.33819528979589	-6.33819528979589	-6.33819528979589	10.7844799903162	-6.33819528979589	3.87867863098028	9.32534022491854	5.56893883316014	7.94536761990981	4.2223199164938	7.20950248745733	-6.33819528979589	-6.33819528979589	-6.33819528979589	-6.33819528979589	5.6509084519871	-6.33819528979589	4.97726655377036	6.41217934079534	-6.33819528979589	7.7772205815047	3.14833638791658	8.37243997173746	-6.33819528979589	8.46020651880105	-6.33819528979589	-6.33819528979589	-6.33819528979589	4.91571330193633	-6.33819528979589	-6.33819528979589	3.65928339116048	4.53039220622147	-6.33819528979589	3.93654542617822	-6.33819528979589	7.33890456246163	5.65561810492837	-6.33819528979589	4.74887356641812	-6.33819528979589	6.47328835124014	-6.33819528979589	5.85682146397381	-6.33819528979589	-6.33819528979589	6.01961512683726	5.5684667724039	4.99597425393974	5.76894612784136	6.0108991962543	7.17208139341226	-6.33819528979589	4.21215987494601	7.27169355886139	-6.33819528979589	-6.33819528979589	1.50995779640364	6.32105585802691	-6.33819528979589	-6.33819528979589	-6.33819528979589	4.74396264357893	-6.33819528979589	7.85645761905544	5.37816885441418	-6.33819528979589	4.86536130148497	5.8799096761581	-6.33819528979589	-6.33819528979589	7.59151054216464	-6.33819528979589	-0.0634332685539478	-6.33819528979589	-6.33819528979589	8.46433693355757	6.35878900600534	5.14066654139855	5.67623852766266	8.21793317138896	-6.33819528979589	-6.33819528979589	5.68209582011111	7.06036091067913	7.55977136895687	4.25821441798389	6.09441912655465	-6.33819528979589	5.53192198551462	-6.33819528979589	-6.33819528979589	-6.33819528979589	7.72384013367251	4.00067209679661	-6.33819528979589	-6.33819528979589	-6.33819528979589	-6.33819528979589	-6.33819528979589	-6.33819528979589	2.88021245325806	-6.33819528979589	-6.33819528979589	-6.33819528979589	7.43605672003914	-6.33819528979589	-6.33819528979589	5.4854522759388	3.40928152073608
HSM7J4GR	4.54890760908531	-5.8784501159376	3.36928237525564	5.45751141451511	-5.8784501159376	-5.8784501159376	-5.8784501159376	-5.8784501159376	-5.8784501159376	-5.8784501159376	6.49055312434458	-5.8784501159376	-5.8784501159376	-5.8784501159376	-5.8784501159376	8.82694600572389	-5.8784501159376	8.45660454912421	9.30246078550054	8.62883217709501	10.6961833431873	11.8511525254359	8.1739656656573	3.03227054601376	-5.8784501159376	-5.8784501159376	-5.8784501159376	7.9109638693454	1.2040984534177	-5.8784501159376	7.30581894472639	-5.8784501159376	-5.8784501159376	4.82728562843201	10.3568480466501	7.22585315509875	5.61530272324382	-5.8784501159376	-5.8784501159376	-5.8784501159376	-5.8784501159376	2.46224453198747	-5.8784501159376	6.06931153949869	-5.8784501159376	7.7234104340858	-5.8784501159376	-5.8784501159376	7.57774057478866	3.13599701921453	-5.8784501159376	-5.8784501159376	5.66064004830324	6.84379682368459	3.84357551021645	4.34389108773839	-5.8784501159376	2.51793045526189	-5.8784501159376	5.80574438445121	-5.8784501159376	6.43791536135595	-5.8784501159376	6.68467090379754	5.33108386065344	3.80382951075207	4.04586894617846	-5.8784501159376	3.7076518847733	4.53669271610499	-5.8784501159376	-5.8784501159376	2.39309825881791	-5.8784501159376	5.24322374873903	6.07704996891697	-5.8784501159376	4.78352750220864	4.71344841905803	6.20957633431273	-5.8784501159376	-5.8784501159376	-5.8784501159376	-5.8784501159376	-5.8784501159376	2.69152526091761	3.70971006332642	-5.8784501159376	9.29965901231426	6.6790572676033	-5.8784501159376	5.09423807886381	-5.8784501159376	-5.8784501159376	5.57590299487356	1.58376482383059	4.99697098993807	0.913894311533208	4.9375410062181	-5.8784501159376	-5.8784501159376	4.69314882068725	3.88927498558453	-5.8784501159376	3.48211896928527	-5.8784501159376	5.92341413149349	-5.8784501159376	-5.8784501159376	-5.8784501159376	-5.8784501159376	-5.8784501159376	-5.8784501159376	6.8789785853786	-5.8784501159376	4.87371291905711	1.86698549433678	4.79052853428164	4.65713334183837	-5.8784501159376	7.05823648220383	-5.8784501159376
HSM7J4HC	2.56587373831302	6.28425883697276	2.15704728250215	-5.38251154679888	5.87424343259212	-5.38251154679888	-5.38251154679888	-5.38251154679888	9.66586855395682	2.06814924941266	-5.38251154679888	-5.38251154679888	8.92276911509303	6.91290350675583	8.64006277281594	2.65049795179779	9.79123103228538	8.51342718299962	9.1207722780822	-5.38251154679888	8.13209795161933	11.6684326359394	8.50685430854239	9.79239251707087	7.00488632602048	-5.38251154679888	7.36678905089917	8.43317999478687	7.65831851252402	11.7082366815861	5.78001921218977	5.31670233754464	10.4201883302203	5.56144704479936	9.42481679353943	-5.38251154679888	9.75184421936575	-5.38251154679888	4.60765816187298	-5.38251154679888	-5.38251154679888	-5.38251154679888	-5.38251154679888	6.98065458710399	-5.38251154679888	-5.38251154679888	1.0488195351346	-5.38251154679888	-5.38251154679888	5.06245691776286	-5.38251154679888	-5.38251154679888	-5.38251154679888	5.90025833995777	6.05892865754716	6.44771061654922	-5.38251154679888	-5.38251154679888	3.9951213429515	7.26384944474298	-5.38251154679888	3.53627259117693	4.88356840694002	7.67375689888907	-5.38251154679888	-5.38251154679888	7.49231568419112	-5.38251154679888	-5.38251154679888	-5.38251154679888	-5.38251154679888	-5.38251154679888	-5.38251154679888	-5.38251154679888	-5.38251154679888	-5.38251154679888	2.70112565634267	-5.38251154679888	-5.38251154679888	5.50830285358524	4.15215618182583	-5.38251154679888	7.87902403390131	3.9984994392304	-5.38251154679888	2.82024483485676	-5.38251154679888	-5.38251154679888	9.81624899286135	7.04201768335733	4.83253328362245	-5.38251154679888	2.71946918505432	-5.38251154679888	-5.38251154679888	-5.38251154679888	-5.38251154679888	1.09599809540969	-5.38251154679888	-5.38251154679888	-5.38251154679888	-5.38251154679888	-5.38251154679888	2.10241873649079	-5.38251154679888	-5.38251154679888	-5.38251154679888	-5.38251154679888	-5.38251154679888	-5.38251154679888	-5.38251154679888	-5.38251154679888	-5.38251154679888	-5.38251154679888	6.13122359029839	-5.38251154679888	4.10098084584476	-5.38251154679888	-5.38251154679888	-5.38251154679888	-5.38251154679888	9.70083664099696
HSM7J4HO	-4.81138295022757	8.49915316570415	8.52476996580478	-4.81138295022757	7.42143386055554	-4.81138295022757	-4.81138295022757	-4.81138295022757	9.02400964364465	-4.81138295022757	-4.81138295022757	-4.81138295022757	-4.81138295022757	-4.81138295022757	-4.81138295022757	-4.81138295022757	-4.81138295022757	10.0513171199506	-4.81138295022757	-4.81138295022757	-4.81138295022757	12.6486922819427	9.53131524077274	-4.81138295022757	-4.81138295022757	-4.81138295022757	-4.81138295022757	-4.81138295022757	-4.81138295022757	-4.81138295022757	-4.81138295022757	-4.81138295022757	9.81144731389884	-4.81138295022757	10.4342692226619	-4.81138295022757	10.2325952489991	-4.81138295022757	5.43891606162288	5.06837527560933	7.54522384335532	-4.81138295022757	-4.81138295022757	-4.81138295022757	-4.81138295022757	-4.81138295022757	-4.81138295022757	-4.81138295022757	8.50130487523931	6.34573861990192	-4.81138295022757	9.44860892090831	-4.81138295022757	8.81702785351771	6.60581324713331	8.27521023412605	-4.81138295022757	5.64745415995402	5.5174050169175	8.88698799004259	5.5265134368065	7.76256023403539	-4.81138295022757	8.85090766130938	-4.81138295022757	-4.81138295022757	-4.81138295022757	-4.81138295022757	4.54746363004784	6.72848625019021	-4.81138295022757	4.67969040511219	-4.81138295022757	-4.81138295022757	4.88882495092313	-4.81138295022757	11.5388945631742	11.5925448881999	3.8731873505968	-4.81138295022757	6.86816650692932	6.91237863943482	-4.81138295022757	-4.81138295022757	-4.81138295022757	6.20595027161726	-4.81138295022757	-4.81138295022757	11.4155259388762	7.07400911158725	-4.81138295022757	-4.81138295022757	-4.81138295022757	-4.81138295022757	-4.81138295022757	-4.81138295022757	-4.81138295022757	3.23452579204321	3.88328674631943	-4.81138295022757	4.28701976850775	-4.81138295022757	5.37242212289729	-4.81138295022757	-4.81138295022757	-4.81138295022757	-4.81138295022757	-4.81138295022757	3.91135992410183	3.69394006861818	-4.81138295022757	4.5670955340261	-4.81138295022757	8.61951016891337	-4.81138295022757	5.9617438813389	-4.81138295022757	5.58591630671529	5.07957645173129	-4.81138295022757	6.29238560029595	-4.81138295022757
HSM7J4HS	10.1616992929655	9.07302284110639	10.1530918359532	6.25637802193318	10.5293669048231	-3.83859728251315	-3.83859728251315	-3.83859728251315	-3.83859728251315	-3.83859728251315	-3.83859728251315	-3.83859728251315	-3.83859728251315	-3.83859728251315	-3.83859728251315	-3.83859728251315	8.26561427277706	-3.83859728251315	11.629470254115	-3.83859728251315	-3.83859728251315	12.8769884140188	9.92796564888514	-3.83859728251315	-3.83859728251315	-3.83859728251315	-3.83859728251315	-3.83859728251315	-3.83859728251315	-3.83859728251315	-3.83859728251315	-3.83859728251315	11.105191480365	-3.83859728251315	11.0609671021198	-3.83859728251315	9.14031365098484	-3.83859728251315	-3.83859728251315	8.1857796103668	8.08133210598126	5.40817144607658	-3.83859728251315	-3.83859728251315	-3.83859728251315	-3.83859728251315	-3.83859728251315	-3.83859728251315	8.59855136905692	8.80599155014039	-3.83859728251315	-3.83859728251315	-3.83859728251315	11.0746888808641	5.65172055752926	10.3433610097312	-3.83859728251315	9.00156497454172	-3.83859728251315	10.0797775781601	8.97269529275746	9.9372687124862	-3.83859728251315	11.1570689913036	-3.83859728251315	-3.83859728251315	-3.83859728251315	-3.83859728251315	-3.83859728251315	6.88842954576558	-3.83859728251315	-3.83859728251315	-3.83859728251315	-3.83859728251315	-3.83859728251315	-3.83859728251315	13.5260912266134	-3.83859728251315	7.07213625822724	-3.83859728251315	-3.83859728251315	7.12148192942847	-3.83859728251315	-3.83859728251315	-3.83859728251315	7.13614849090207	-3.83859728251315	-3.83859728251315	12.729257261429	5.69679319838355	-3.83859728251315	-3.83859728251315	-3.83859728251315	-3.83859728251315	-3.83859728251315	-3.83859728251315	-3.83859728251315	-3.83859728251315	-3.83859728251315	-3.83859728251315	-3.83859728251315	-3.83859728251315	-3.83859728251315	-3.83859728251315	-3.83859728251315	-3.83859728251315	-3.83859728251315	-3.83859728251315	-3.83859728251315	6.79728220190882	-3.83859728251315	-3.83859728251315	-3.83859728251315	10.1982319627133	-3.83859728251315	7.85699134756293	-3.83859728251315	-3.83859728251315	-3.83859728251315	-3.83859728251315	9.61848107415396	-3.83859728251315
HSM7J4I3	6.92977311892226	-4.22047370162636	5.81057118432464	-4.22047370162636	-4.22047370162636	-4.22047370162636	-4.22047370162636	-4.22047370162636	11.9079584432383	-4.22047370162636	-4.22047370162636	-4.22047370162636	-4.22047370162636	-4.22047370162636	-4.22047370162636	-4.22047370162636	-4.22047370162636	10.8605047740807	12.544154924107	-4.22047370162636	11.8099006112887	13.3665183786279	-4.22047370162636	-4.22047370162636	-4.22047370162636	-4.22047370162636	-4.22047370162636	-4.22047370162636	-4.22047370162636	-4.22047370162636	8.83856854665128	-4.22047370162636	-4.22047370162636	-4.22047370162636	11.099032249752	-4.22047370162636	-4.22047370162636	-4.22047370162636	-4.22047370162636	-4.22047370162636	-4.22047370162636	-4.22047370162636	-4.22047370162636	-4.22047370162636	5.4027045327874	-4.22047370162636	4.97078578253703	-4.22047370162636	7.20199080702737	-4.22047370162636	2.69822151739411	8.56325390039374	-4.22047370162636	7.42908708379647	-4.22047370162636	-4.22047370162636	-4.22047370162636	4.6888967035711	-4.22047370162636	6.82565897383078	-4.22047370162636	4.54529684236089	-4.22047370162636	6.04351645998282	-4.22047370162636	4.76183619746222	-4.22047370162636	-4.22047370162636	4.32647244793922	4.31867665714192	5.79056696107449	3.89654038611095	2.21085738030712	-4.22047370162636	5.74180149239285	9.60546331144969	7.02980045768399	9.68206831645921	6.07238345185304	10.4971966146375	7.55873909175396	-4.22047370162636	-4.22047370162636	-4.22047370162636	-4.22047370162636	-4.22047370162636	-4.22047370162636	-4.22047370162636	10.5932691688078	8.31112217258843	4.8945664904955	-4.22047370162636	-4.22047370162636	-4.22047370162636	3.00282197793595	-4.22047370162636	6.88555062463714	5.51169157957418	6.13793556773052	-4.22047370162636	-4.22047370162636	-4.22047370162636	-4.22047370162636	6.79800788966024	-4.22047370162636	-4.22047370162636	-4.22047370162636	4.71687614664103	5.67301401883143	5.92246372849828	4.6218418452155	9.2808068178582	-4.22047370162636	-4.22047370162636	-4.22047370162636	-4.22047370162636	-4.22047370162636	5.37723569418858	-4.22047370162636	-4.22047370162636	-4.22047370162636	-4.22047370162636
HSM7J4I7	8.07483944281507	-4.95253390353185	3.71152636369393	-4.95253390353185	7.56520952082002	-4.95253390353185	-4.95253390353185	-4.95253390353185	9.19072595664118	-4.95253390353185	-4.95253390353185	-4.95253390353185	9.74579374306502	8.76897471850378	-4.95253390353185	-4.95253390353185	-4.95253390353185	10.1554742150117	11.3408831099319	6.67328265101433	11.1643481112679	11.7184958913835	9.33384303639997	-4.95253390353185	-4.95253390353185	-4.95253390353185	-4.95253390353185	9.00104237643014	-4.95253390353185	-4.95253390353185	9.65071148110481	-4.95253390353185	11.9957023022809	7.67854827413643	10.782102866316	9.60632300604522	10.2358541607417	-4.95253390353185	-4.95253390353185	-4.95253390353185	-4.95253390353185	-4.95253390353185	-4.95253390353185	-4.95253390353185	-4.95253390353185	5.78083645813729	-4.95253390353185	6.73938257813587	-4.95253390353185	6.26536256632354	-4.95253390353185	-4.95253390353185	6.00563146552621	5.26470543418911	-4.95253390353185	8.00867666962405	7.69298973155964	-4.95253390353185	5.69932264718941	-4.95253390353185	-4.95253390353185	-4.95253390353185	-4.95253390353185	6.45925544376698	5.33522916842983	-4.95253390353185	5.70121340902045	-4.95253390353185	-4.95253390353185	-4.95253390353185	-4.95253390353185	-4.95253390353185	-4.95253390353185	-4.95253390353185	-4.95253390353185	4.30573912219963	7.9039897770804	6.04657814532948	4.40803518169102	-4.95253390353185	5.19472301811214	5.71923149287673	-4.95253390353185	5.06298685268005	-4.95253390353185	-4.95253390353185	-4.95253390353185	-4.95253390353185	9.18609657285524	6.34137697420784	-4.95253390353185	9.04389806481203	8.80175103955583	-4.95253390353185	-4.95253390353185	9.69247605783177	9.17918860190338	6.50868765644604	-4.95253390353185	-4.95253390353185	-4.95253390353185	-4.95253390353185	-4.95253390353185	8.06883939393218	-4.95253390353185	-4.95253390353185	-4.95253390353185	4.10243838121063	-4.95253390353185	-4.95253390353185	-4.95253390353185	-4.95253390353185	-4.95253390353185	6.07118064764479	-4.95253390353185	-4.95253390353185	-4.95253390353185	-4.95253390353185	-4.95253390353185	-4.95253390353185	-4.95253390353185	5.50400508148213
HSM7J4IC	-4.24024470914274	-4.24024470914274	7.46776222425671	6.37277997193294	6.7901347994066	-4.24024470914274	-4.24024470914274	-4.24024470914274	4.97617713314931	-4.24024470914274	12.6546042121169	-4.24024470914274	-4.24024470914274	-4.24024470914274	-4.24024470914274	-4.24024470914274	-4.24024470914274	12.08709035708	-4.24024470914274	11.4961776992836	12.397822672143	7.17750156744341	6.68607139762779	10.177169619049	-4.24024470914274	-4.24024470914274	-4.24024470914274	9.78602988921229	9.79931379105097	-4.24024470914274	12.0820522971564	-4.24024470914274	4.33162604356419	1.95619941865178	10.590732370303	-4.24024470914274	11.449213568553	-4.24024470914274	-4.24024470914274	-4.24024470914274	-4.24024470914274	3.361157625441	-4.24024470914274	-4.24024470914274	4.82864729924907	7.83304483515164	7.28846551838294	-4.24024470914274	-4.24024470914274	-4.24024470914274	-4.24024470914274	-4.24024470914274	-4.24024470914274	8.40540779566488	-4.24024470914274	-4.24024470914274	-4.24024470914274	6.47885098990151	-4.24024470914274	-4.24024470914274	-4.24024470914274	-4.24024470914274	-4.24024470914274	5.43452126376512	-4.24024470914274	-4.24024470914274	6.5546464437596	-4.24024470914274	-4.24024470914274	7.69231829228034	-4.24024470914274	-4.24024470914274	-4.24024470914274	-4.24024470914274	7.33152497012924	-4.24024470914274	11.5756548487018	-4.24024470914274	-4.24024470914274	4.96919525759028	-4.24024470914274	-4.24024470914274	-4.24024470914274	-4.24024470914274	-4.24024470914274	-4.24024470914274	-4.24024470914274	7.12511998146472	11.1872427353314	8.35804230661928	7.16220719078284	5.83933671501594	-4.24024470914274	-4.24024470914274	-4.24024470914274	8.72077786802633	-4.24024470914274	5.56788766257653	-4.24024470914274	-4.24024470914274	-4.24024470914274	-4.24024470914274	-4.24024470914274	-4.24024470914274	-4.24024470914274	-4.24024470914274	-4.24024470914274	3.56807834124832	-4.24024470914274	-4.24024470914274	-4.24024470914274	8.84275602503671	-4.24024470914274	7.10107359435074	-4.24024470914274	5.89795917106022	6.59994386103917	-4.24024470914274	-4.24024470914274	-4.24024470914274	8.97701239772615	-4.24024470914274
HSM7J4IS	-4.30432787237601	-4.30432787237601	-4.30432787237601	-4.30432787237601	-4.30432787237601	6.54366851010826	-4.30432787237601	-4.30432787237601	3.19176947279994	-4.30432787237601	5.84995730825614	-4.30432787237601	-4.30432787237601	-4.30432787237601	-4.30432787237601	13.0194816962903	-4.30432787237601	11.6427173829313	12.1568049189895	10.809607392413	11.9884402388179	-4.30432787237601	11.7788057682673	-4.30432787237601	-4.30432787237601	-4.30432787237601	-4.30432787237601	-4.30432787237601	-4.30432787237601	-4.30432787237601	9.39677133441002	-4.30432787237601	-4.30432787237601	-4.30432787237601	10.8513260344117	-4.30432787237601	3.4999235111521	5.3742019842803	-4.30432787237601	-4.30432787237601	-4.30432787237601	5.10330476732395	-4.30432787237601	8.14379250907007	-4.30432787237601	-4.30432787237601	-4.30432787237601	-4.30432787237601	-4.30432787237601	6.12391779445626	5.64322441132222	-4.30432787237601	-4.30432787237601	8.83566125484115	-4.30432787237601	4.01709371452187	-4.30432787237601	7.30036514104732	3.60809524909769	6.06950700033736	-4.30432787237601	7.56823514367538	-4.30432787237601	7.11550595001527	-4.30432787237601	-4.30432787237601	7.1147373611066	-4.30432787237601	3.18060241091365	5.90704870992039	-4.30432787237601	-4.30432787237601	-4.30432787237601	-4.30432787237601	3.4625126647095	8.70844606004045	7.09375896790228	-4.30432787237601	7.12141529190706	-4.30432787237601	10.3533535683151	-4.30432787237601	7.1605726355791	-4.30432787237601	-4.30432787237601	5.38664692120193	-4.30432787237601	-4.30432787237601	11.1707376909561	8.20827681338376	-4.30432787237601	-4.30432787237601	-4.30432787237601	5.52664274932094	-4.30432787237601	-4.30432787237601	-4.30432787237601	4.62510741142741	-4.30432787237601	-4.30432787237601	-4.30432787237601	-4.30432787237601	4.97842618010922	-4.30432787237601	-4.30432787237601	-4.30432787237601	-4.30432787237601	7.43110894411224	-4.30432787237601	-4.30432787237601	-4.30432787237601	5.59720777643487	-4.30432787237601	10.6669125909678	-4.30432787237601	8.30008791348334	-4.30432787237601	-4.30432787237601	-4.30432787237601	-4.30432787237601	7.92610074372111	5.88136427860353
HSM7J4IU	-5.35142939952423	-5.35142939952423	5.50893405136476	-5.35142939952423	3.82649108119584	-5.35142939952423	-5.35142939952423	-5.35142939952423	10.1026682746786	7.95287379515412	11.4448140516157	-5.35142939952423	-5.35142939952423	-5.35142939952423	-5.35142939952423	7.23342551233085	-5.35142939952423	7.45114460518934	10.6693302309996	8.27009705779249	10.6191322496989	-5.35142939952423	9.39322138087624	-5.35142939952423	-5.35142939952423	-5.35142939952423	-5.35142939952423	8.21368330997149	-5.35142939952423	-5.35142939952423	9.17625664698048	-5.35142939952423	10.1010663367692	6.27919909790221	9.08054759857594	-5.35142939952423	10.0920269387624	-5.35142939952423	-5.35142939952423	-5.35142939952423	-5.35142939952423	-5.35142939952423	-5.35142939952423	5.6955003935978	-5.35142939952423	-5.35142939952423	5.1777559132083	-5.35142939952423	9.16520692526158	4.27108684625156	-5.35142939952423	7.87468299577261	-5.35142939952423	5.17480969294987	-5.35142939952423	4.89532865752694	-5.35142939952423	-5.35142939952423	6.04261117296828	5.27308797455809	-5.35142939952423	5.24322838068762	-5.35142939952423	4.56798071355571	-5.35142939952423	-5.35142939952423	7.06101086495816	-5.35142939952423	-5.35142939952423	-5.35142939952423	-5.35142939952423	-5.35142939952423	-5.35142939952423	-5.35142939952423	-5.35142939952423	-5.35142939952423	8.26261470199965	9.92335898469256	6.66596754432379	7.75183474314536	6.33520564539139	-5.35142939952423	-5.35142939952423	8.50811813934868	-5.35142939952423	6.69154179393365	-5.35142939952423	-5.35142939952423	10.9113466003326	5.99592542538914	5.76118266447743	5.15202039384415	10.5153856654377	-5.35142939952423	5.19367516902751	8.07209134929747	6.52224968028653	-5.35142939952423	-5.35142939952423	-5.35142939952423	-5.35142939952423	-5.35142939952423	-5.35142939952423	-5.35142939952423	-5.35142939952423	9.67831147415714	-5.35142939952423	5.83036354712027	-5.35142939952423	-5.35142939952423	-5.35142939952423	3.11678360967029	-5.35142939952423	6.31525524007367	-5.35142939952423	5.76252482645415	-5.35142939952423	-5.35142939952423	3.68467662584061	-5.35142939952423	8.22842337979729	3.86399801150051
HSM7J4J7	-4.11507182212598	-4.11507182212598	6.20353409554645	6.94546986822191	-4.11507182212598	-4.11507182212598	-4.11507182212598	-4.11507182212598	11.6172350165115	-4.11507182212598	-4.11507182212598	-4.11507182212598	11.9158012659082	-4.11507182212598	-4.11507182212598	10.7906259664996	-4.11507182212598	8.82089209512709	5.73189828757497	-4.11507182212598	11.7523139177941	13.7222246302429	10.7685096830646	-4.11507182212598	-4.11507182212598	-4.11507182212598	-4.11507182212598	9.05085091978044	-4.11507182212598	-4.11507182212598	-4.11507182212598	-4.11507182212598	-4.11507182212598	3.35287051015987	10.2151892471463	-4.11507182212598	10.9751088382905	-4.11507182212598	-4.11507182212598	-4.11507182212598	-4.11507182212598	5.3007368094844	-4.11507182212598	-4.11507182212598	-4.11507182212598	-4.11507182212598	-4.11507182212598	-4.11507182212598	-4.11507182212598	7.16163751654151	5.50810641228778	-4.11507182212598	5.87830213720467	9.03894718676234	8.64979055596408	-4.11507182212598	-4.11507182212598	7.07047394353392	7.65203839225377	8.20518182395877	-4.11507182212598	-4.11507182212598	6.36055279889924	8.01039253915571	-4.11507182212598	-4.11507182212598	7.83074583285361	-4.11507182212598	-4.11507182212598	7.79421745956321	5.994657243649	-4.11507182212598	5.21136126883705	-4.11507182212598	-4.11507182212598	-4.11507182212598	7.9043760209154	-4.11507182212598	-4.11507182212598	-4.11507182212598	7.55049747365884	-4.11507182212598	-4.11507182212598	-4.11507182212598	-4.11507182212598	5.71965497483935	-4.11507182212598	-4.11507182212598	10.4049268640539	7.53579654045586	-4.11507182212598	-4.11507182212598	-4.11507182212598	-4.11507182212598	-4.11507182212598	-4.11507182212598	-4.11507182212598	-4.11507182212598	5.97452178362179	-4.11507182212598	-4.11507182212598	-4.11507182212598	-4.11507182212598	-4.11507182212598	-4.11507182212598	-4.11507182212598	8.88111816886688	-4.11507182212598	6.07738447474453	-4.11507182212598	-4.11507182212598	-4.11507182212598	-4.11507182212598	10.1384878391368	-4.11507182212598	7.94297054233363	-4.11507182212598	10.0695517058282	-4.11507182212598	-4.11507182212598	7.59186494093194	-4.11507182212598
HSM7J4JF	-4.50221020360608	-4.50221020360608	5.67970422386749	-4.50221020360608	-4.50221020360608	-4.50221020360608	-4.50221020360608	2.11919544815806	12.0123300595101	-4.50221020360608	-4.50221020360608	-4.50221020360608	10.152554954277	-4.50221020360608	-4.50221020360608	9.5704904868308	-4.50221020360608	9.57049821901276	-4.50221020360608	-4.50221020360608	12.1422842374289	12.8841268895255	11.3295279639116	-4.50221020360608	-4.50221020360608	-4.50221020360608	-4.50221020360608	10.3357336560061	-4.50221020360608	-4.50221020360608	6.73207221356304	-4.50221020360608	-4.50221020360608	7.33280600688382	10.767213877191	-4.50221020360608	10.4047305803141	-4.50221020360608	-4.50221020360608	-4.50221020360608	-4.50221020360608	-4.50221020360608	-4.50221020360608	-4.50221020360608	-4.50221020360608	-4.50221020360608	5.11499429739198	-4.50221020360608	-4.50221020360608	7.4884452155408	6.74819398457087	-4.50221020360608	8.05124282494555	8.39743703113195	6.94051809357485	-4.50221020360608	-4.50221020360608	6.65205262899527	7.75170453777113	7.76773355289304	-4.50221020360608	-4.50221020360608	6.7554487481591	7.29687868124664	4.41120551455139	4.81438028821276	6.72117813603189	-4.50221020360608	-4.50221020360608	5.76630233404019	-4.50221020360608	4.62050041840913	4.57127898562091	-4.50221020360608	6.95859004207565	-4.50221020360608	7.34605113828746	-4.50221020360608	-4.50221020360608	-4.50221020360608	6.86593223441539	-4.50221020360608	-4.50221020360608	-4.50221020360608	-4.50221020360608	5.23350937314361	-4.50221020360608	-4.50221020360608	10.7169485135045	8.28730914725539	-4.50221020360608	-4.50221020360608	-4.50221020360608	-4.50221020360608	-4.50221020360608	-4.50221020360608	-4.50221020360608	7.81995961286435	4.67571027711399	-4.50221020360608	-4.50221020360608	-4.50221020360608	-4.50221020360608	9.38191275347471	-4.50221020360608	-4.50221020360608	8.4744358331898	-4.50221020360608	-4.50221020360608	-4.50221020360608	-4.50221020360608	-4.50221020360608	-4.50221020360608	8.97876563952881	-4.50221020360608	6.36637729241128	-4.50221020360608	8.590994151634	-4.50221020360608	-4.50221020360608	6.07092557920123	-4.50221020360608
HSM7J4JZ	9.93384241713534	10.1882618795836	8.33390843745786	-3.48680315241544	10.5879676266853	6.14887031230637	-3.48680315241544	-3.48680315241544	8.37544731170397	-3.48680315241544	-3.48680315241544	11.3271497582367	-3.48680315241544	-3.48680315241544	-3.48680315241544	-3.48680315241544	9.37609236189828	8.85607489531602	12.4567749312546	-3.48680315241544	11.481842916766	13.5656498811893	8.93631851042775	-3.48680315241544	-3.48680315241544	-3.48680315241544	-3.48680315241544	-3.48680315241544	-3.48680315241544	-3.48680315241544	-3.48680315241544	-3.48680315241544	10.6026132703052	-3.48680315241544	10.647961543529	-3.48680315241544	5.96105693681946	-3.48680315241544	8.43558608201669	6.69511127505813	-3.48680315241544	-3.48680315241544	-3.48680315241544	-3.48680315241544	-3.48680315241544	-3.48680315241544	-3.48680315241544	-3.48680315241544	8.88724277057535	-3.48680315241544	-3.48680315241544	-3.48680315241544	-3.48680315241544	11.8945133374808	-3.48680315241544	10.2555246975139	-3.48680315241544	-3.48680315241544	-3.48680315241544	11.1242311040706	-3.48680315241544	8.90836389565445	-3.48680315241544	11.7536937342915	-3.48680315241544	-3.48680315241544	-3.48680315241544	-3.48680315241544	-3.48680315241544	-3.48680315241544	-3.48680315241544	-3.48680315241544	-3.48680315241544	-3.48680315241544	-3.48680315241544	-3.48680315241544	13.6764105110356	-3.48680315241544	-3.48680315241544	-3.48680315241544	-3.48680315241544	-3.48680315241544	-3.48680315241544	-3.48680315241544	-3.48680315241544	-3.48680315241544	-3.48680315241544	-3.48680315241544	12.6725400984803	-3.48680315241544	-3.48680315241544	-3.48680315241544	-3.48680315241544	-3.48680315241544	-3.48680315241544	-3.48680315241544	-3.48680315241544	-3.48680315241544	-3.48680315241544	-3.48680315241544	-3.48680315241544	-3.48680315241544	-3.48680315241544	-3.48680315241544	-3.48680315241544	-3.48680315241544	-3.48680315241544	-3.48680315241544	7.600877876879	8.76214218352013	-3.48680315241544	-3.48680315241544	-3.48680315241544	10.1047147438424	-3.48680315241544	7.65086142942606	-3.48680315241544	-3.48680315241544	9.00098756622566	-3.48680315241544	9.60964942070422	-3.48680315241544
HSM7J4K8	8.41605613198078	8.35311749330088	7.17767646711183	-4.14506864143415	8.28866135288149	-4.14506864143415	-4.14506864143415	-4.14506864143415	9.59484622288276	6.30280502838993	-4.14506864143415	10.6073079183117	-4.14506864143415	-4.14506864143415	-4.14506864143415	-4.14506864143415	8.33366507404088	8.74818592783705	12.0989502458869	-4.14506864143415	11.1118140144932	12.6489136299955	5.96058394403099	-4.14506864143415	-4.14506864143415	-4.14506864143415	-4.14506864143415	4.50157261716897	-4.14506864143415	9.13711673201005	-4.14506864143415	-4.14506864143415	10.5098477163718	7.41855944350984	10.3527611862762	-4.14506864143415	8.96627625484757	-4.14506864143415	-4.14506864143415	-4.14506864143415	8.43961508209966	4.3960363700284	-4.14506864143415	6.37011197174791	-4.14506864143415	-4.14506864143415	-4.14506864143415	-4.14506864143415	7.73707971170619	-4.14506864143415	-4.14506864143415	-4.14506864143415	-4.14506864143415	10.3816357718388	8.44303329285157	7.96823608999402	-4.14506864143415	-4.14506864143415	-4.14506864143415	10.5168340811845	7.64897490002521	8.2929923248605	-4.14506864143415	9.77790611788873	4.9992387599376	-4.14506864143415	-4.14506864143415	-4.14506864143415	-4.14506864143415	-4.14506864143415	-4.14506864143415	-4.14506864143415	-4.14506864143415	-4.14506864143415	-4.14506864143415	-4.14506864143415	12.7267612111937	-4.14506864143415	-4.14506864143415	10.3029421937754	-4.14506864143415	-4.14506864143415	-4.14506864143415	-4.14506864143415	-4.14506864143415	7.63207321790542	-4.14506864143415	-4.14506864143415	12.6848301307747	8.89814546239884	-4.14506864143415	-4.14506864143415	-4.14506864143415	-4.14506864143415	-4.14506864143415	-4.14506864143415	-4.14506864143415	-4.14506864143415	-4.14506864143415	-4.14506864143415	-4.14506864143415	-4.14506864143415	-4.14506864143415	-4.14506864143415	-4.14506864143415	-4.14506864143415	-4.14506864143415	-4.14506864143415	-4.14506864143415	-4.14506864143415	-4.14506864143415	-4.14506864143415	-4.14506864143415	10.137316279726	-4.14506864143415	8.61440336718105	-4.14506864143415	-4.14506864143415	-4.14506864143415	-4.14506864143415	9.54381350058779	-4.14506864143415
HSM7J4KC	-4.2568621821557	6.32544540579432	4.61674591939341	-4.2568621821557	6.40511543599053	-4.2568621821557	-4.2568621821557	-4.2568621821557	9.16915651344167	-4.2568621821557	-4.2568621821557	-4.2568621821557	8.11485624915781	5.68589415930113	9.15104247784413	8.98582500041476	8.8079165729477	8.34442656269632	9.44662236165695	-4.2568621821557	8.008521281352	11.3470824888299	7.01553193614908	8.71609822718053	5.8252317009269	-4.2568621821557	-4.2568621821557	7.12231472375394	7.47560836740645	13.9535075822008	3.56357733310648	-4.2568621821557	9.26761536188501	5.48180968771614	8.58539303484253	-4.2568621821557	9.0395066018552	-4.2568621821557	-4.2568621821557	-4.2568621821557	-4.2568621821557	-4.2568621821557	-4.2568621821557	5.58957871500115	5.74967822543651	-4.2568621821557	-4.2568621821557	-4.2568621821557	8.21107845087076	-4.2568621821557	-4.2568621821557	-4.2568621821557	2.99519176969711	5.0967990092647	-4.2568621821557	7.15448449628541	-4.2568621821557	-4.2568621821557	7.38885315057743	7.9750779952329	-4.2568621821557	2.07285872336699	5.32096447997086	6.73671813743279	-4.2568621821557	-4.2568621821557	7.60022729034609	-4.2568621821557	-4.2568621821557	-4.2568621821557	-4.2568621821557	-4.2568621821557	-4.2568621821557	-4.2568621821557	-4.2568621821557	-4.2568621821557	4.90753895787904	-4.2568621821557	-4.2568621821557	-4.2568621821557	-4.2568621821557	-4.2568621821557	8.1237560320512	-4.2568621821557	-4.2568621821557	-4.2568621821557	-4.2568621821557	-4.2568621821557	11.024070641682	-4.2568621821557	5.57571995686465	-4.2568621821557	5.64065759860063	-4.2568621821557	-4.2568621821557	-4.2568621821557	-4.2568621821557	-4.2568621821557	-4.2568621821557	-4.2568621821557	3.3933065186893	-4.2568621821557	-4.2568621821557	5.18069344050474	-4.2568621821557	-4.2568621821557	-4.2568621821557	-4.2568621821557	-4.2568621821557	-4.2568621821557	-4.2568621821557	-4.2568621821557	-4.2568621821557	-4.2568621821557	5.94972547181056	-4.2568621821557	-4.2568621821557	7.70599812434654	-4.2568621821557	-4.2568621821557	-4.2568621821557	3.67370367207826
HSM7J4KK	4.32590465870826	6.33313982508791	2.40873508428318	-7.38833583954845	5.54603633897317	-0.715037871780799	1.31964298707387	-7.38833583954845	9.00783167840928	4.18597630973599	-7.38833583954845	-7.38833583954845	6.0195086900586	3.44299545114041	6.40578865815108	9.23115496777027	6.88511905075201	5.92916824379957	7.51026414849864	-7.38833583954845	7.08274515376637	9.25904015445204	4.78138916161085	8.10085629602174	4.83518863309538	-7.38833583954845	5.04770104344083	6.90072268407383	5.50905982376796	6.84692464429091	3.37595087635714	5.92502964277233	8.07358678391423	4.49491793649412	7.16873627826119	-7.38833583954845	7.70987394911242	-7.38833583954845	-7.38833583954845	-7.38833583954845	0.686001854541061	3.04492665891208	-7.38833583954845	4.8035922416155	5.79934887751106	-7.38833583954845	2.22419762666547	-7.38833583954845	4.21863536980081	5.70212605367658	-7.38833583954845	-7.38833583954845	1.7655399954466	5.86740566873642	4.91695298379756	7.0342742392796	-7.38833583954845	-0.101459427797754	3.74070497509693	6.73428508340338	4.21854434154558	3.80412261902394	4.8289783820268	6.97650984094362	-7.38833583954845	3.76735738336415	7.32020542106187	-7.38833583954845	-7.38833583954845	5.07474444160305	1.59648315632756	-7.38833583954845	-7.38833583954845	-7.38833583954845	1.93898724791334	-7.38833583954845	3.58572454462454	-7.38833583954845	-7.38833583954845	-7.38833583954845	-7.38833583954845	-7.38833583954845	4.99956240647635	5.7909956002468	-7.38833583954845	3.68764932997859	-7.38833583954845	1.34895627299577	7.75448868336413	4.29813108304097	5.31146001359793	4.5173139128791	5.26361102338477	-7.38833583954845	-7.38833583954845	-7.38833583954845	-7.38833583954845	5.97388030936127	-7.38833583954845	2.84700616115933	2.29144550341099	-7.38833583954845	0.524087281925252	5.3652539857392	-7.38833583954845	-7.38833583954845	-7.38833583954845	-7.38833583954845	-7.38833583954845	-7.38833583954845	-7.38833583954845	-7.38833583954845	-7.38833583954845	-7.38833583954845	3.48821967494937	-7.38833583954845	2.84664730089566	6.0479488311607	1.35853948002158	1.7906170591861	-7.38833583954845	6.6381655233393
HSM7J4KQ	6.44572160972736	-3.85959110099634	-3.85959110099634	-3.85959110099634	-3.85959110099634	-3.85959110099634	-3.85959110099634	-3.85959110099634	12.1222094561167	-3.85959110099634	-3.85959110099634	-3.85959110099634	-3.85959110099634	-3.85959110099634	-3.85959110099634	-3.85959110099634	-3.85959110099634	10.9372751963614	13.438727885048	-3.85959110099634	12.0127217795263	13.3428225266715	-3.85959110099634	-3.85959110099634	-3.85959110099634	-3.85959110099634	-3.85959110099634	-3.85959110099634	-3.85959110099634	-3.85959110099634	11.1642082340695	-3.85959110099634	-3.85959110099634	-3.85959110099634	10.7883636892494	-3.85959110099634	-3.85959110099634	-3.85959110099634	-3.85959110099634	-3.85959110099634	-3.85959110099634	-3.85959110099634	-3.85959110099634	-3.85959110099634	-3.85959110099634	-3.85959110099634	5.85279647693425	-3.85959110099634	5.64199996830865	6.29780196450404	-3.85959110099634	8.08998155156517	-3.85959110099634	7.84189475205769	-3.85959110099634	4.42466069662558	-3.85959110099634	5.22529942026243	-3.85959110099634	6.4773333427227	-3.85959110099634	-3.85959110099634	-3.85959110099634	5.86542746406132	-3.85959110099634	4.92319191639686	5.39677370929112	-3.85959110099634	-3.85959110099634	5.85097895553243	-3.85959110099634	-3.85959110099634	-3.85959110099634	-3.85959110099634	5.78194710098361	9.46206729879296	4.42213288941505	10.501558596444	7.16412345018031	10.4694320675494	8.29692883970416	-3.85959110099634	5.56190120944168	-3.85959110099634	4.51165103493559	-3.85959110099634	-3.85959110099634	-3.85959110099634	12.0050990655176	6.85395962531677	4.07456413253998	-3.85959110099634	-3.85959110099634	-3.85959110099634	6.95599842279249	-3.85959110099634	6.37323616925846	4.04178625279628	4.372849057474	-3.85959110099634	-3.85959110099634	-3.85959110099634	5.51039908850938	7.55352507835439	-3.85959110099634	-3.85959110099634	-3.85959110099634	4.49296326847825	4.85825460389858	-3.85959110099634	-3.85959110099634	6.5294350360789	-3.85959110099634	-3.85959110099634	-3.85959110099634	-3.85959110099634	-3.85959110099634	6.83328519621282	-3.85959110099634	-3.85959110099634	-3.85959110099634	-3.85959110099634
HSM7J4L9	-3.39506483868374	-3.39506483868374	-3.39506483868374	-3.39506483868374	-3.39506483868374	-3.39506483868374	-3.39506483868374	-3.39506483868374	-3.39506483868374	-3.39506483868374	-3.39506483868374	-3.39506483868374	-3.39506483868374	-3.39506483868374	-3.39506483868374	-3.39506483868374	-3.39506483868374	-3.39506483868374	13.5317466229482	12.7690266951213	13.3998179440592	13.688597723527	8.17055743528646	-3.39506483868374	-3.39506483868374	-3.39506483868374	-3.39506483868374	-3.39506483868374	-3.39506483868374	-3.39506483868374	-3.39506483868374	-3.39506483868374	-3.39506483868374	-3.39506483868374	11.1147627153394	-3.39506483868374	11.4780592616976	-3.39506483868374	-3.39506483868374	-3.39506483868374	-3.39506483868374	7.80275254224405	-3.39506483868374	-3.39506483868374	8.5616550247076	-3.39506483868374	-3.39506483868374	-3.39506483868374	9.13091865766842	-3.39506483868374	-3.39506483868374	9.93112225817414	-3.39506483868374	-3.39506483868374	-3.39506483868374	-3.39506483868374	6.89099442314724	8.06172404314086	8.29701885168592	-3.39506483868374	-3.39506483868374	-3.39506483868374	-3.39506483868374	-3.39506483868374	-3.39506483868374	-3.39506483868374	9.70681211769075	-3.39506483868374	-3.39506483868374	5.47854326286537	-3.39506483868374	11.2902907565674	8.61524228355502	-3.39506483868374	7.64482841551406	-3.39506483868374	-3.39506483868374	11.2769656397384	-3.39506483868374	7.47237916842474	9.51061159855973	-3.39506483868374	-3.39506483868374	-3.39506483868374	5.30294878340018	-3.39506483868374	-3.39506483868374	4.9967918614212	12.3247122566187	9.64420167184736	-3.39506483868374	-3.39506483868374	-3.39506483868374	-3.39506483868374	-3.39506483868374	-3.39506483868374	-3.39506483868374	5.87269502415993	-3.39506483868374	7.24009324908308	-3.39506483868374	-3.39506483868374	6.36345474359978	-3.39506483868374	-3.39506483868374	-3.39506483868374	-3.39506483868374	8.64613905986523	-3.39506483868374	-3.39506483868374	-3.39506483868374	9.37179719156196	-3.39506483868374	-3.39506483868374	-3.39506483868374	-3.39506483868374	8.20184325457722	10.3716661050554	-3.39506483868374	-3.39506483868374	-3.39506483868374	-3.39506483868374
HSM7J4LD	3.23086294196665	-3.26289089788503	7.04909050481927	5.34797476939384	8.22564965714951	-3.26289089788503	-3.26289089788503	-3.26289089788503	-3.26289089788503	-3.26289089788503	-3.26289089788503	-3.26289089788503	-3.26289089788503	-3.26289089788503	-3.26289089788503	-3.26289089788503	-3.26289089788503	13.3098428726904	14.4511198631702	-3.26289089788503	-3.26289089788503	13.6832695961914	-3.26289089788503	-3.26289089788503	-3.26289089788503	-3.26289089788503	-3.26289089788503	-3.26289089788503	-3.26289089788503	5.46634445177424	-3.26289089788503	-3.26289089788503	-3.26289089788503	-3.26289089788503	-3.26289089788503	-3.26289089788503	12.5171834572792	-3.26289089788503	-3.26289089788503	-3.26289089788503	-3.26289089788503	-3.26289089788503	-3.26289089788503	-3.26289089788503	6.96452627477674	-3.26289089788503	-3.26289089788503	-3.26289089788503	-3.26289089788503	-3.26289089788503	-3.26289089788503	-3.26289089788503	-3.26289089788503	9.40704468638403	-3.26289089788503	-3.26289089788503	6.92053633196472	7.29190569959425	8.98408853857008	8.87050889905495	-3.26289089788503	6.76197322581761	6.76064379196055	8.7238496734149	-3.26289089788503	-3.26289089788503	8.37746865889355	3.86880761258188	-3.26289089788503	7.16624192301536	5.69526323732421	8.01887144480078	-3.26289089788503	7.25607954685454	6.26960543440301	-3.26289089788503	10.3589511696363	8.91272769478632	-3.26289089788503	9.08346963864159	6.05639356108033	-3.26289089788503	-3.26289089788503	-3.26289089788503	-3.26289089788503	7.36889377399384	-3.26289089788503	-3.26289089788503	-3.26289089788503	10.4683800744878	-3.26289089788503	-3.26289089788503	-3.26289089788503	-3.26289089788503	-3.26289089788503	-3.26289089788503	-3.26289089788503	-3.26289089788503	-3.26289089788503	-3.26289089788503	-3.26289089788503	4.62731731522493	-3.26289089788503	-3.26289089788503	-3.26289089788503	-3.26289089788503	8.80317802604374	-3.26289089788503	-3.26289089788503	-3.26289089788503	-3.26289089788503	7.477649355013	-3.26289089788503	-3.26289089788503	-3.26289089788503	-3.26289089788503	-3.26289089788503	10.0957944132442	-3.26289089788503	-3.26289089788503	-3.26289089788503	-3.26289089788503
HSM7J4LN	-3.24691393233382	-3.24691393233382	7.65740768595171	-3.24691393233382	8.75269404280979	-3.24691393233382	-3.24691393233382	-3.24691393233382	-3.24691393233382	-3.24691393233382	-3.24691393233382	-3.24691393233382	-3.24691393233382	-3.24691393233382	-3.24691393233382	-3.24691393233382	-3.24691393233382	12.6594813189953	13.7105542996427	-3.24691393233382	-3.24691393233382	13.9097548952818	-3.24691393233382	-3.24691393233382	-3.24691393233382	-3.24691393233382	-3.24691393233382	-3.24691393233382	-3.24691393233382	-3.24691393233382	-3.24691393233382	-3.24691393233382	-3.24691393233382	-3.24691393233382	-3.24691393233382	-3.24691393233382	12.9639542267165	-3.24691393233382	7.33843232499239	-3.24691393233382	-3.24691393233382	-3.24691393233382	-3.24691393233382	-3.24691393233382	8.43111063063477	-3.24691393233382	-3.24691393233382	-3.24691393233382	-3.24691393233382	-3.24691393233382	-3.24691393233382	-3.24691393233382	-3.24691393233382	10.2904040517924	-3.24691393233382	-3.24691393233382	8.69598061765817	6.9955783616102	9.30399232446445	-3.24691393233382	-3.24691393233382	-3.24691393233382	-3.24691393233382	8.82380280000312	-3.24691393233382	-3.24691393233382	-3.24691393233382	-3.24691393233382	-3.24691393233382	8.8328071977407	3.41366121750586	7.19805453222791	-3.24691393233382	-3.24691393233382	7.72508746104638	-3.24691393233382	13.3012003076935	-3.24691393233382	-3.24691393233382	8.88761437519958	-3.24691393233382	6.74600290502873	-3.24691393233382	-3.24691393233382	6.08040915512797	6.77617721984814	-3.24691393233382	-3.24691393233382	12.354769016161	10.011868414629	-3.24691393233382	-3.24691393233382	-3.24691393233382	-3.24691393233382	-3.24691393233382	-3.24691393233382	-3.24691393233382	-3.24691393233382	-3.24691393233382	8.62194320041384	8.26442026724491	7.41342303480923	-3.24691393233382	-3.24691393233382	-3.24691393233382	-3.24691393233382	9.87250712067638	-3.24691393233382	-3.24691393233382	-3.24691393233382	-3.24691393233382	8.25597129774199	-3.24691393233382	-3.24691393233382	-3.24691393233382	-3.24691393233382	-3.24691393233382	9.81327825293049	10.5530473599534	8.56686399351157	-3.24691393233382	-3.24691393233382
HSM7J4LP	-0.395341506580618	-0.395341506580618	-0.395341506580618	-0.395341506580618	-0.395341506580618	-0.395341506580618	-0.395341506580618	-0.395341506580618	-0.395341506580618	-0.395341506580618	-0.395341506580618	-0.395341506580618	-0.395341506580618	-0.395341506580618	-0.395341506580618	-0.395341506580618	-0.395341506580618	-0.395341506580618	-0.395341506580618	-0.395341506580618	-0.395341506580618	-0.395341506580618	-0.395341506580618	-0.395341506580618	-0.395341506580618	-0.395341506580618	-0.395341506580618	-0.395341506580618	-0.395341506580618	-0.395341506580618	-0.395341506580618	-0.395341506580618	-0.395341506580618	-0.395341506580618	-0.395341506580618	-0.395341506580618	-0.395341506580618	-0.395341506580618	-0.395341506580618	12.6780857960098	16.685315717209	-0.395341506580618	-0.395341506580618	-0.395341506580618	-0.395341506580618	-0.395341506580618	-0.395341506580618	-0.395341506580618	-0.395341506580618	-0.395341506580618	-0.395341506580618	-0.395341506580618	-0.395341506580618	-0.395341506580618	-0.395341506580618	-0.395341506580618	-0.395341506580618	-0.395341506580618	-0.395341506580618	-0.395341506580618	-0.395341506580618	-0.395341506580618	-0.395341506580618	-0.395341506580618	-0.395341506580618	-0.395341506580618	-0.395341506580618	-0.395341506580618	-0.395341506580618	-0.395341506580618	-0.395341506580618	-0.395341506580618	-0.395341506580618	-0.395341506580618	-0.395341506580618	-0.395341506580618	-0.395341506580618	-0.395341506580618	-0.395341506580618	-0.395341506580618	-0.395341506580618	-0.395341506580618	-0.395341506580618	-0.395341506580618	-0.395341506580618	-0.395341506580618	-0.395341506580618	-0.395341506580618	-0.395341506580618	-0.395341506580618	-0.395341506580618	-0.395341506580618	-0.395341506580618	-0.395341506580618	-0.395341506580618	-0.395341506580618	-0.395341506580618	-0.395341506580618	-0.395341506580618	-0.395341506580618	-0.395341506580618	-0.395341506580618	-0.395341506580618	-0.395341506580618	-0.395341506580618	-0.395341506580618	-0.395341506580618	-0.395341506580618	-0.395341506580618	-0.395341506580618	-0.395341506580618	-0.395341506580618	-0.395341506580618	-0.395341506580618	-0.395341506580618	-0.395341506580618	-0.395341506580618	-0.395341506580618	17.6822377698746	-0.395341506580618	-0.395341506580618	-0.395341506580618
HSM7J4M4	10.2698321177087	8.0728995746595	7.91146576115681	-5.47355568370453	10.2960600663195	3.73287706344064	5.45652886595657	-5.47355568370453	-5.47355568370453	-5.47355568370453	-5.47355568370453	-5.47355568370453	-5.47355568370453	-5.47355568370453	-5.47355568370453	-5.47355568370453	5.72480971000567	7.1613111517124	7.82809297901651	4.54553475190369	8.80355516918589	11.1811889396968	-5.47355568370453	6.821447745575	-5.47355568370453	-5.47355568370453	-5.47355568370453	6.62086447091957	-5.47355568370453	-5.47355568370453	5.87509637239223	-5.47355568370453	7.56924703648794	-5.47355568370453	5.87721549116125	-5.47355568370453	3.90745530232475	-5.47355568370453	8.94571932293466	7.4405552179305	5.1933277986005	-5.47355568370453	-5.47355568370453	-5.47355568370453	-5.47355568370453	-5.47355568370453	-5.47355568370453	-5.47355568370453	8.6702156316344	5.74621945177769	4.52801093899124	6.59859120573579	-5.47355568370453	6.33234531857845	-5.47355568370453	4.61187835529547	-5.47355568370453	4.22665221744617	-5.47355568370453	7.65751170366319	7.16815880419338	8.86031464492924	7.40592306319529	8.41189223291157	-5.47355568370453	-5.47355568370453	-5.47355568370453	-5.47355568370453	-5.47355568370453	-5.47355568370453	-5.47355568370453	-5.47355568370453	-5.47355568370453	-5.47355568370453	7.84557605768835	-5.47355568370453	9.12189928388129	6.13250487000085	-5.47355568370453	-5.47355568370453	4.54642518426741	-5.47355568370453	-5.47355568370453	8.9857810247659	-5.47355568370453	4.91208020171072	-5.47355568370453	-5.47355568370453	11.9798281243507	3.94062308852786	-5.47355568370453	-5.47355568370453	6.37784714912412	-5.47355568370453	-5.47355568370453	-5.47355568370453	-5.47355568370453	-5.47355568370453	-5.47355568370453	-5.47355568370453	-5.47355568370453	-5.47355568370453	4.74477910435602	7.86688402832899	9.10047819380747	-5.47355568370453	-5.47355568370453	-5.47355568370453	5.85629994458017	7.0894603697247	6.89697575856373	6.5076281384097	4.10288507285754	3.85909081265562	-5.47355568370453	-5.47355568370453	-5.47355568370453	7.37550441579355	8.60400447384082	6.90243271723129	-5.47355568370453	-5.47355568370453
HSM7J4ME	9.4082808315023	7.67363646939851	6.97340261058987	-6.20728816379396	9.79403667653532	2.35123889111525	4.91453357300313	-6.20728816379396	-6.20728816379396	-6.20728816379396	-6.20728816379396	-6.20728816379396	-6.20728816379396	-6.20728816379396	-6.20728816379396	-6.20728816379396	6.29944817711863	6.83655351528209	9.62176462258814	5.78584494196679	9.45555862894369	9.71790345295469	0.618171872461346	6.84416121222024	-6.20728816379396	2.52194718586531	2.04879997002095	4.44385842854838	-6.20728816379396	2.46707970199428	-6.20728816379396	-6.20728816379396	8.16755871448687	2.61753677538168	6.32567885384434	-6.20728816379396	6.49000211926222	-6.20728816379396	6.62598147856497	6.96125435297173	-6.20728816379396	-6.20728816379396	-6.20728816379396	-6.20728816379396	-6.20728816379396	-6.20728816379396	-6.20728816379396	-6.20728816379396	7.88869932179542	5.43684975714431	4.19609550241543	-6.20728816379396	3.3558897988897	6.15318227388585	-6.20728816379396	4.3775522894194	-6.20728816379396	-6.20728816379396	-6.20728816379396	4.50848424257807	6.34248410916255	7.61734168673749	5.82794277854821	7.09267061972772	-6.20728816379396	4.07398492774359	-6.20728816379396	-6.20728816379396	-6.20728816379396	1.52945551865953	0.75020920708299	-6.20728816379396	-6.20728816379396	-6.20728816379396	3.63756341325721	-6.20728816379396	9.33484245065048	8.31483895398781	3.5942220326297	-6.20728816379396	6.1742953986848	-6.20728816379396	-6.20728816379396	7.83539063554314	-6.20728816379396	3.87731188157945	5.58796255144129	-6.20728816379396	11.0361321684314	5.16373957964769	-6.20728816379396	-6.20728816379396	3.48677381425615	-6.20728816379396	-6.20728816379396	-6.20728816379396	-6.20728816379396	3.99782134792763	-6.20728816379396	3.71261393001026	-6.20728816379396	-6.20728816379396	4.67134376341003	7.12999463932147	7.01985135855688	-6.20728816379396	-6.20728816379396	-6.20728816379396	2.44461073047457	3.93800766528553	3.98404394799225	5.28636273443157	1.60912881989784	5.44297020887737	-6.20728816379396	4.02984620905986	3.19375520900409	4.92906572552308	8.08556217294607	-6.20728816379396	2.18229890301713	-6.20728816379396
HSM7J4MK	-5.33180279432007	-5.33180279432007	5.20934565555786	-5.33180279432007	3.80929467491395	-5.33180279432007	-5.33180279432007	2.62712369873004	10.524433294787	-5.33180279432007	5.91938121219873	-5.33180279432007	9.85860517556298	9.03689205664086	-5.33180279432007	4.81662893948912	-5.33180279432007	7.10752609643351	11.1238531439747	4.65007995564343	10.3790057396796	11.6351019031797	9.77006051140976	10.307167914409	-5.33180279432007	-5.33180279432007	-5.33180279432007	8.75627442163461	-5.33180279432007	-5.33180279432007	6.98469700972798	-5.33180279432007	11.155627102417	8.82263484181765	8.59430146228252	-5.33180279432007	9.20292757973443	-5.33180279432007	-5.33180279432007	-5.33180279432007	-5.33180279432007	-5.33180279432007	-5.33180279432007	6.94626953104804	-5.33180279432007	-5.33180279432007	3.77106371935088	-5.33180279432007	-5.33180279432007	4.78360556950778	-5.33180279432007	5.61427328320284	-5.33180279432007	7.20047888661074	-5.33180279432007	5.48016506799823	4.26046107718124	7.29354252792446	4.2369809569908	7.09605648232436	-5.33180279432007	4.81074102799031	5.04109446112246	-5.33180279432007	-5.33180279432007	-5.33180279432007	7.36380339900174	-5.33180279432007	-5.33180279432007	-5.33180279432007	-5.33180279432007	-5.33180279432007	-5.33180279432007	-5.33180279432007	-5.33180279432007	-5.33180279432007	-5.33180279432007	-5.33180279432007	7.04308814796631	-5.33180279432007	-5.33180279432007	-5.33180279432007	-5.33180279432007	-5.33180279432007	-5.33180279432007	4.71149017790693	-5.33180279432007	-5.33180279432007	9.31586051364488	8.31878712883033	-5.33180279432007	-5.33180279432007	5.28637324976373	5.2415889000456	5.67197896499991	7.93018512471602	-5.33180279432007	7.40390054605494	1.94820545856411	6.29463883838123	-5.33180279432007	-5.33180279432007	3.26623278494027	8.70469779780399	-5.33180279432007	-5.33180279432007	7.94378111617341	-5.33180279432007	-5.33180279432007	-5.33180279432007	-5.33180279432007	-5.33180279432007	-5.33180279432007	8.46501514006589	-5.33180279432007	6.60783380829255	4.97751646578509	-5.33180279432007	-5.33180279432007	-5.33180279432007	6.30943672661276	8.26428353705866
HSM7J4MS	-4.08857219469194	-4.08857219469194	9.27375409226807	9.00269465878262	-4.08857219469194	-4.08857219469194	-4.08857219469194	-4.08857219469194	11.718488277019	-4.08857219469194	12.8440631947567	-4.08857219469194	-4.08857219469194	3.9795174315863	-4.08857219469194	8.9527134395744	-4.08857219469194	10.9674497293048	7.70009686181569	10.9194207043498	12.2952306653245	6.54514153664555	7.81728010168834	9.4032020790061	-4.08857219469194	-4.08857219469194	-4.08857219469194	10.1608166338085	10.0151135641163	-4.08857219469194	9.64519779838797	-4.08857219469194	-4.08857219469194	-4.08857219469194	12.6503096531838	-4.08857219469194	12.4174503992475	-4.08857219469194	-4.08857219469194	-4.08857219469194	-4.08857219469194	-4.08857219469194	-4.08857219469194	-4.08857219469194	6.32926476578379	5.0308583019244	4.07508398147649	-4.08857219469194	-4.08857219469194	-4.08857219469194	-4.08857219469194	-4.08857219469194	-4.08857219469194	-4.08857219469194	-4.08857219469194	-4.08857219469194	-4.08857219469194	6.58504672742049	10.1236055495822	-4.08857219469194	-4.08857219469194	-4.08857219469194	-4.08857219469194	-4.08857219469194	-4.08857219469194	-4.08857219469194	-4.08857219469194	-4.08857219469194	8.18922093234582	8.4191630881653	-4.08857219469194	-4.08857219469194	-4.08857219469194	-4.08857219469194	7.73294764822324	-4.08857219469194	8.8519838936601	-4.08857219469194	-4.08857219469194	-4.08857219469194	3.02700993149251	-4.08857219469194	-4.08857219469194	-4.08857219469194	-4.08857219469194	-4.08857219469194	-4.08857219469194	3.10511362370317	11.092425497655	8.16643822316066	-4.08857219469194	10.307684188422	-4.08857219469194	-4.08857219469194	-4.08857219469194	-4.08857219469194	-4.08857219469194	7.46069484268072	-4.08857219469194	8.64542210118259	-4.08857219469194	-4.08857219469194	-4.08857219469194	-4.08857219469194	-4.08857219469194	-4.08857219469194	-4.08857219469194	-4.08857219469194	-4.08857219469194	-4.08857219469194	-4.08857219469194	8.98848205270711	-4.08857219469194	8.79149284420827	-4.08857219469194	6.27205535419037	4.72590680531877	-4.08857219469194	3.9950650084496	-4.08857219469194	9.04001378212086	-4.08857219469194
HSM7J4MY	-3.53681622932224	-3.53681622932224	-3.53681622932224	-3.53681622932224	5.17281385262904	-3.53681622932224	-3.53681622932224	-3.53681622932224	11.5161495868344	-3.53681622932224	-3.53681622932224	-3.53681622932224	9.1910546204291	-3.53681622932224	-3.53681622932224	11.7741728609229	-3.53681622932224	4.40447934158429	6.47512205921869	11.9519669520975	11.9623433936209	12.6700282134461	10.3012588247394	-3.53681622932224	11.2615631253698	-3.53681622932224	9.02420336802786	9.63705931851453	-3.53681622932224	14.2699201383544	6.87862630901043	-3.53681622932224	11.03019579104	4.568189308225	-3.53681622932224	8.49977803166671	10.6772831827441	-3.53681622932224	-3.53681622932224	-3.53681622932224	-3.53681622932224	-3.53681622932224	-3.53681622932224	6.9655352964527	-3.53681622932224	10.1069814997717	-3.53681622932224	-3.53681622932224	-3.53681622932224	-3.53681622932224	6.06630919760473	-3.53681622932224	-3.53681622932224	-3.53681622932224	-3.53681622932224	-3.53681622932224	-3.53681622932224	-3.53681622932224	-3.53681622932224	7.51281902092138	-3.53681622932224	-3.53681622932224	5.84250713500871	6.9797195445182	-3.53681622932224	-3.53681622932224	-3.53681622932224	-3.53681622932224	-3.53681622932224	-3.53681622932224	-3.53681622932224	-3.53681622932224	-3.53681622932224	-3.53681622932224	-3.53681622932224	-3.53681622932224	7.4425436749124	-3.53681622932224	7.48542931757495	-3.53681622932224	-3.53681622932224	-3.53681622932224	9.735175044096	-3.53681622932224	-3.53681622932224	-3.53681622932224	-3.53681622932224	-3.53681622932224	11.8117480495303	7.50436008386379	-3.53681622932224	-3.53681622932224	-3.53681622932224	-3.53681622932224	-3.53681622932224	-3.53681622932224	-3.53681622932224	-3.53681622932224	-3.53681622932224	-3.53681622932224	-3.53681622932224	-3.53681622932224	-3.53681622932224	8.32846185177198	-3.53681622932224	-3.53681622932224	9.98819629509076	-3.53681622932224	-3.53681622932224	-3.53681622932224	-3.53681622932224	-3.53681622932224	-3.53681622932224	-3.53681622932224	-3.53681622932224	-3.53681622932224	5.91104385991265	8.60119703745246	6.15477676407756	-3.53681622932224	-3.53681622932224	-3.53681622932224
HSM7J4N4	-4.29634669601555	-4.29634669601555	-4.29634669601555	-4.29634669601555	6.64425001259464	-4.29634669601555	-4.29634669601555	-4.29634669601555	10.7532072792663	-4.29634669601555	6.24162555151511	-4.29634669601555	7.98065494550233	-4.29634669601555	-4.29634669601555	10.8004090478282	-4.29634669601555	-4.29634669601555	4.11348397707219	11.0529965896578	11.4008037967261	12.4516975695574	9.82190275934673	-4.29634669601555	11.0070262814427	-4.29634669601555	8.77160484519005	9.20590548656725	-4.29634669601555	12.9997299087842	6.18237686821543	-4.29634669601555	11.0374708692314	6.79728346303428	-4.29634669601555	7.30074526978549	8.84088755973514	-4.29634669601555	-4.29634669601555	-4.29634669601555	-4.29634669601555	-4.29634669601555	-4.29634669601555	8.46344150813761	-4.29634669601555	8.53132610665975	-4.29634669601555	-4.29634669601555	6.91535204715263	-4.29634669601555	9.28754827406572	-4.29634669601555	-4.29634669601555	6.29630511576958	-4.29634669601555	-4.29634669601555	-4.29634669601555	-4.29634669601555	-4.29634669601555	8.32820928492617	-4.29634669601555	-4.29634669601555	7.4678898638967	7.86724111490845	-4.29634669601555	-4.29634669601555	6.18040592490368	-4.29634669601555	-4.29634669601555	-4.29634669601555	-4.29634669601555	-4.29634669601555	-4.29634669601555	-4.29634669601555	-4.29634669601555	-4.29634669601555	-4.29634669601555	-4.29634669601555	9.48746780740973	-4.29634669601555	-4.29634669601555	-4.29634669601555	9.73021944729494	5.23542478845879	-4.29634669601555	6.11006534839031	-4.29634669601555	-4.29634669601555	11.7527794046125	8.95562463739179	-4.29634669601555	-4.29634669601555	-4.29634669601555	-4.29634669601555	-4.29634669601555	-4.29634669601555	-4.29634669601555	6.45752680100702	-4.29634669601555	-4.29634669601555	-4.29634669601555	-4.29634669601555	-4.29634669601555	8.64804007162655	-4.29634669601555	-4.29634669601555	9.20245248704564	-4.29634669601555	-4.29634669601555	-4.29634669601555	-4.29634669601555	-4.29634669601555	-4.29634669601555	-4.29634669601555	-4.29634669601555	-4.29634669601555	8.09608517726657	9.96227857787541	5.19849569740578	6.42584081000127	-4.29634669601555	-4.29634669601555
HSM7J4NA	-4.56290039340766	-4.56290039340766	-4.56290039340766	-4.56290039340766	5.52253364559234	-4.56290039340766	-4.56290039340766	-4.56290039340766	11.2822298287838	-4.56290039340766	-4.56290039340766	-4.56290039340766	7.82666395735899	-4.56290039340766	-4.56290039340766	10.5222754801673	-4.56290039340766	5.32603174111927	-4.56290039340766	11.2247672576727	11.5222857308968	12.1798291480347	10.2398069765663	-4.56290039340766	10.3323797050971	-4.56290039340766	8.58279076318649	9.22999741255591	-4.56290039340766	12.4522473478588	6.89473432431178	-4.56290039340766	10.5027900855697	5.56297042149627	-4.56290039340766	8.01553204320017	10.0699910857217	-4.56290039340766	-4.56290039340766	-4.56290039340766	-4.56290039340766	3.64531899008917	-4.56290039340766	7.01376014502248	-4.56290039340766	7.66938078829064	-4.56290039340766	-4.56290039340766	8.47881892888333	-4.56290039340766	7.89642202863051	-4.56290039340766	-4.56290039340766	5.38847215184904	-4.56290039340766	-4.56290039340766	-4.56290039340766	-4.56290039340766	-4.56290039340766	7.96525937447347	4.1028852020584	-4.56290039340766	6.93299080880677	6.92809638580492	-4.56290039340766	-4.56290039340766	5.8214998179447	-4.56290039340766	-4.56290039340766	5.96922248486196	-4.56290039340766	-4.56290039340766	3.89475508529238	-4.56290039340766	-4.56290039340766	-4.56290039340766	-4.56290039340766	-4.56290039340766	6.8095093451636	2.73079732719377	-4.56290039340766	-4.56290039340766	9.76826271992163	7.31627106651617	-4.56290039340766	5.52295038172105	-4.56290039340766	-4.56290039340766	11.2084396680306	8.29983955999197	3.84470112137848	-4.56290039340766	-4.56290039340766	-4.56290039340766	-4.56290039340766	-4.56290039340766	-4.56290039340766	6.64812236347081	4.73279164566802	-4.56290039340766	-4.56290039340766	-4.56290039340766	-4.56290039340766	9.50302719029228	-4.56290039340766	-4.56290039340766	8.8886818354494	-4.56290039340766	-4.56290039340766	-4.56290039340766	-4.56290039340766	-4.56290039340766	-4.56290039340766	-4.56290039340766	-4.56290039340766	-4.56290039340766	7.48488553065528	9.58831138973916	-4.56290039340766	-4.56290039340766	-4.56290039340766	-4.56290039340766
HSM7J4NE	5.50420092299652	-5.3149971931487	6.76455372029639	8.41007539648895	-5.3149971931487	-5.3149971931487	-5.3149971931487	-5.3149971931487	-5.3149971931487	-5.3149971931487	-5.3149971931487	-5.3149971931487	-5.3149971931487	-5.3149971931487	-5.3149971931487	9.48993224611677	-5.3149971931487	10.2517808197961	11.0748249899275	9.48215391363784	10.0692524001502	12.1174501815147	8.72115859793017	-5.3149971931487	-5.3149971931487	-5.3149971931487	-5.3149971931487	9.80146522831892	-5.3149971931487	-5.3149971931487	9.01397211884932	-5.3149971931487	-5.3149971931487	6.76534781679815	10.2514232349757	7.53019138324639	-5.3149971931487	-5.3149971931487	5.20180939258746	-5.3149971931487	-5.3149971931487	-5.3149971931487	-5.3149971931487	7.74171984971933	-5.3149971931487	-5.3149971931487	-5.3149971931487	-5.3149971931487	9.17752659026445	6.38507981210961	-5.3149971931487	-5.3149971931487	5.8289059836299	9.44405382730915	6.42403542731945	6.98689005040009	-5.3149971931487	-5.3149971931487	-5.3149971931487	5.56288017364523	-5.3149971931487	7.8658822316495	2.7655497726758	8.4917460439301	3.85462534554893	-5.3149971931487	6.9935914261634	-5.3149971931487	2.35403109544099	5.61347404816406	-5.3149971931487	-5.3149971931487	-5.3149971931487	-5.3149971931487	7.66449069983505	8.59218146574974	-5.3149971931487	8.41576234039414	-5.3149971931487	5.3509536925067	4.96696104109662	-5.3149971931487	-5.3149971931487	-5.3149971931487	-5.3149971931487	4.47537765075579	-5.3149971931487	-5.3149971931487	10.2659273186618	7.70276315940697	-5.3149971931487	6.02904797519337	-5.3149971931487	-5.3149971931487	6.91215667369255	-5.3149971931487	8.869778419647	3.74695917306123	5.20855596394579	-5.3149971931487	-5.3149971931487	-5.3149971931487	4.91675039658663	-5.3149971931487	3.93177153544104	-5.3149971931487	5.84340814744781	-5.3149971931487	-5.3149971931487	-5.3149971931487	-5.3149971931487	-5.3149971931487	-5.3149971931487	7.8704179757582	-5.3149971931487	5.54402103499919	-5.3149971931487	-5.3149971931487	5.16006295042652	6.54216315810792	8.10070870609352	-5.3149971931487
HSM7J4NU	-6.78730344539392	6.34304992681824	4.46088794933593	5.45558799252446	7.46217609775008	0.741565811248329	3.48120909225235	-6.78730344539392	-6.78730344539392	5.83276779426266	-6.78730344539392	-6.78730344539392	7.43429269481129	7.97809546993931	-6.78730344539392	8.75556511793473	-6.78730344539392	7.16174188018918	-6.78730344539392	5.2680102618451	8.21235499535159	9.36960523947394	-6.78730344539392	8.91002831560453	-6.78730344539392	-6.78730344539392	-6.78730344539392	8.42717359216614	-6.78730344539392	10.0894790153609	5.93869627971143	-6.78730344539392	-6.78730344539392	-6.78730344539392	7.7302005493708	-6.78730344539392	8.69552347955286	-6.78730344539392	3.90466419452094	5.49132704288853	-6.78730344539392	-6.78730344539392	-6.78730344539392	-6.78730344539392	4.26296732067161	1.52679389001189	3.61365089770521	-6.78730344539392	7.03872263021003	5.75259866198821	4.93353822103174	-6.78730344539392	6.35541338796478	4.46427024237056	-6.78730344539392	2.72321559036333	-6.78730344539392	1.32372439279976	4.18315091797477	-6.78730344539392	4.20274068352958	-6.78730344539392	4.33274238115264	-6.78730344539392	-6.78730344539392	5.60926971785341	6.75947894133557	-6.78730344539392	-6.78730344539392	4.26153684169413	3.04366717630303	0.398840859128404	-6.78730344539392	-6.78730344539392	4.36179297454466	-6.78730344539392	7.62597216073745	-6.78730344539392	2.5417972623031	0.909363636132541	6.94980331115597	2.09049694848865	7.30470259781889	7.11307293951273	-6.78730344539392	4.59916270361957	3.14724663259402	1.90569008582601	9.46035544798447	4.02062490505913	0.814098889189813	5.08029195482782	6.16491434630581	-6.78730344539392	-6.78730344539392	-6.78730344539392	2.23682782306111	6.8679573712225	-6.78730344539392	-6.78730344539392	-6.78730344539392	-6.78730344539392	3.98519453443506	4.4762756533901	-6.78730344539392	-6.78730344539392	7.7020649440843	5.69621531344699	-6.78730344539392	-6.78730344539392	-6.78730344539392	5.56667614262592	-6.78730344539392	5.82119970850058	-6.78730344539392	3.72352827125986	5.22676693613741	4.80886881942902	-6.78730344539392	0.0806709635763712	7.51512378160593	-6.78730344539392
HSM7J4O1	6.61227536157801	-6.17568044631232	5.43718989618441	-6.17568044631232	6.37706579600211	-6.17568044631232	1.52551973454513	4.22253383540005	9.56384676621378	-6.17568044631232	9.4160716312285	-6.17568044631232	9.31619201023822	8.88190213510716	-6.17568044631232	-6.17568044631232	-6.17568044631232	7.81739956171793	10.5869109139182	6.99528450605104	9.8913146285292	10.4923021634806	7.30441471637714	-6.17568044631232	-6.17568044631232	-6.17568044631232	-6.17568044631232	7.935659653154	-6.17568044631232	-6.17568044631232	7.90006210444309	-6.17568044631232	9.82622750825894	6.37642926099418	8.2120918866788	8.55495656601801	8.60176740508376	-6.17568044631232	-6.17568044631232	-6.17568044631232	-6.17568044631232	-6.17568044631232	-6.17568044631232	4.94569760850873	-6.17568044631232	4.54606595782487	3.46260381553245	2.25834850384315	-6.17568044631232	5.0276035948517	-6.17568044631232	-6.17568044631232	5.99072058442371	5.61298861019531	2.347693604179	5.90998008556264	3.94497282585148	-6.17568044631232	4.64231625201553	-6.17568044631232	-6.17568044631232	-6.17568044631232	2.30089906221862	4.32502141314586	5.32132902859251	-6.17568044631232	4.0513750103649	0.923521297240772	2.38858715248985	4.95012559466652	-6.17568044631232	3.44749778810144	2.78888725628929	-6.17568044631232	-6.17568044631232	4.05894370504121	8.03135246979733	2.55031393470225	-6.17568044631232	-6.17568044631232	-6.17568044631232	-6.17568044631232	-6.17568044631232	3.12733026050517	-6.17568044631232	-6.17568044631232	2.43882092757092	0.558911213660628	8.3084391801857	7.70737753898766	3.87108460092743	6.87237093812746	7.21047847847756	3.84652303992879	-6.17568044631232	8.18876679467146	6.9666835779967	6.48461889965871	-6.17568044631232	-6.17568044631232	-6.17568044631232	-6.17568044631232	2.2561726979369	6.96249919200462	-6.17568044631232	-6.17568044631232	-6.17568044631232	1.479236601536	-6.17568044631232	-6.17568044631232	-6.17568044631232	-6.17568044631232	-6.17568044631232	6.99520829830106	-6.17568044631232	2.33368216598873	-6.17568044631232	-6.17568044631232	-6.17568044631232	-6.17568044631232	3.60682520966303	3.30017307334458
HSM7J4O3	7.64216855656546	-5.42527601485101	7.78326689365507	-5.42527601485101	8.12686907761124	1.32113611372236	2.67670471700218	-5.42527601485101	9.96608071794331	-5.42527601485101	9.28157703972835	-5.42527601485101	8.4894561541959	8.34153892447426	-5.42527601485101	5.12873823240842	-5.42527601485101	8.95031936389272	11.0626009846607	6.55383956716172	11.0028768329689	11.3079669501388	8.06551635620053	-5.42527601485101	-5.42527601485101	-5.42527601485101	-5.42527601485101	8.98527318210429	-5.42527601485101	-5.42527601485101	9.59894440982176	-5.42527601485101	10.9058321210367	7.77178844449693	9.93520027887561	9.58398154164629	9.81380566182088	-5.42527601485101	-5.42527601485101	-5.42527601485101	-5.42527601485101	-5.42527601485101	-5.42527601485101	-5.42527601485101	5.08610034929315	-5.42527601485101	-5.42527601485101	1.32113611372236	5.23247733567263	5.2851560437231	-5.42527601485101	-5.42527601485101	-5.42527601485101	5.1227197926385	-5.42527601485101	8.11712707655325	5.26941512371741	-5.42527601485101	-5.42527601485101	-5.42527601485101	-5.42527601485101	-5.42527601485101	-5.42527601485101	6.33623460175512	6.63409894152288	-5.42527601485101	3.27273760723291	-5.42527601485101	-5.42527601485101	-5.42527601485101	-5.42527601485101	-5.42527601485101	-5.42527601485101	-5.42527601485101	-5.42527601485101	-5.42527601485101	7.54076332268918	5.65749710440623	2.57473807882706	-5.42527601485101	-5.42527601485101	5.75679540188064	-5.42527601485101	4.61147414418988	-5.42527601485101	-5.42527601485101	-5.42527601485101	3.85840775134938	8.0973804521356	7.05737099026953	2.68274520652573	7.87127761639258	7.62705323486151	-5.42527601485101	-5.42527601485101	9.67484523180609	5.9731472765441	7.52280778220856	-5.42527601485101	-5.42527601485101	4.5165183718397	-5.42527601485101	4.45089172703015	7.59819698146996	-5.42527601485101	-5.42527601485101	-5.42527601485101	3.92578236406405	-5.42527601485101	-5.42527601485101	-5.42527601485101	-5.42527601485101	-5.42527601485101	5.88186682207644	-5.42527601485101	-5.42527601485101	-5.42527601485101	1.98386042906911	-5.42527601485101	-5.42527601485101	2.31582307518435	2.3415645222345
HSM7J4OE	7.91770399599247	-4.73421085321326	7.68467618103027	-4.73421085321326	-4.73421085321326	-4.73421085321326	-4.73421085321326	-4.73421085321326	10.4242404841696	-4.73421085321326	7.67745625520773	-4.73421085321326	8.47605533706697	8.69214731776507	-4.73421085321326	3.16345729751364	-4.73421085321326	9.20200380327949	10.4134575227535	5.36734856620805	11.6170175702453	12.782100837414	10.7510687371106	10.0895864032143	-4.73421085321326	-4.73421085321326	-4.73421085321326	8.74644356154707	-4.73421085321326	-4.73421085321326	8.48320994478174	-4.73421085321326	11.0617535754372	8.73063665311875	9.89616483569265	-4.73421085321326	9.88798135301474	-4.73421085321326	-4.73421085321326	-4.73421085321326	-4.73421085321326	-4.73421085321326	-4.73421085321326	-4.73421085321326	-4.73421085321326	-4.73421085321326	-4.73421085321326	-4.73421085321326	-4.73421085321326	6.63242792948649	-4.73421085321326	8.42261385249591	-4.73421085321326	8.79292539275671	-4.73421085321326	8.80779794803303	-4.73421085321326	7.54836439505288	-4.73421085321326	7.34726748754379	-4.73421085321326	6.05058253429406	8.52065513780389	-4.73421085321326	-4.73421085321326	-4.73421085321326	6.22499888418397	-4.73421085321326	-4.73421085321326	1.4823952478716	-4.73421085321326	-4.73421085321326	-4.73421085321326	-4.73421085321326	-4.73421085321326	-4.73421085321326	5.47606262557372	-4.73421085321326	8.49822770831257	-4.73421085321326	-4.73421085321326	-4.73421085321326	-4.73421085321326	-4.73421085321326	-4.73421085321326	3.41220846988474	-4.73421085321326	-4.73421085321326	10.9372415379502	7.18178351793165	-4.73421085321326	2.2040736308037	5.5136108074268	-4.73421085321326	9.59851546801699	8.62820982813602	-4.73421085321326	-4.73421085321326	-4.73421085321326	-4.73421085321326	-4.73421085321326	-4.73421085321326	-4.73421085321326	5.65604525849506	-4.73421085321326	-4.73421085321326	7.63292140753337	-4.73421085321326	-4.73421085321326	-4.73421085321326	-4.73421085321326	-4.73421085321326	-4.73421085321326	8.15126748967864	-4.73421085321326	6.21221770312051	5.28932383663231	-4.73421085321326	-4.73421085321326	-4.73421085321326	6.08898159629681	8.42479491632955
HSM7J4OT	7.35598675255022	3.51759192437891	10.5505731818235	-3.59799020180554	7.31983995507799	-3.59799020180554	-3.59799020180554	-3.59799020180554	6.58505904194959	-3.59799020180554	-3.59799020180554	-3.59799020180554	5.2784147132014	-3.59799020180554	-3.59799020180554	-3.59799020180554	-3.59799020180554	6.97744643077435	9.64130429292022	-3.59799020180554	9.0767445485287	10.1695803804766	8.3762197408449	-3.59799020180554	-3.59799020180554	-3.59799020180554	-3.59799020180554	3.08787074526282	-3.59799020180554	-3.59799020180554	4.67355817294997	-3.59799020180554	9.04375662803728	-3.59799020180554	8.43978804473502	-3.59799020180554	7.88087162938889	-3.59799020180554	7.85360226550932	7.87162058114539	7.06046843368245	-3.59799020180554	-3.59799020180554	-3.59799020180554	-3.59799020180554	-3.59799020180554	-3.59799020180554	-3.59799020180554	-3.59799020180554	2.37071735817982	-3.59799020180554	-3.59799020180554	-3.59799020180554	7.71674038921444	-3.59799020180554	6.940777042587	-3.59799020180554	-3.59799020180554	-3.59799020180554	6.42996907824143	3.98830610534718	5.46396616440438	-3.59799020180554	7.59900459644058	-3.59799020180554	-3.59799020180554	-3.59799020180554	-3.59799020180554	-3.59799020180554	-3.59799020180554	-3.59799020180554	-3.59799020180554	-3.59799020180554	-3.59799020180554	-3.59799020180554	-3.59799020180554	10.3977655922232	-3.59799020180554	6.79594678274375	-3.59799020180554	-3.59799020180554	-3.59799020180554	-3.59799020180554	-3.59799020180554	-3.59799020180554	-3.59799020180554	-3.59799020180554	-3.59799020180554	9.72646631345536	-3.59799020180554	-3.59799020180554	-3.59799020180554	6.57937203845115	-3.59799020180554	-3.59799020180554	7.50592889218015	-3.59799020180554	-3.59799020180554	-3.59799020180554	-3.59799020180554	-3.59799020180554	-3.59799020180554	-3.59799020180554	-3.59799020180554	-3.59799020180554	-3.59799020180554	-3.59799020180554	-3.59799020180554	-3.59799020180554	13.5634305486182	10.5750486359029	10.5828444878012	13.2067546132586	7.00116634883404	-3.59799020180554	4.54261684105291	-3.59799020180554	-3.59799020180554	12.2099556571994	-3.59799020180554	4.67611180048679	-3.59799020180554
HSM7J4OZ	-4.17935021947557	-4.17935021947557	6.44248919020567	-4.17935021947557	6.23669146210021	-4.17935021947557	-4.17935021947557	-4.17935021947557	-4.17935021947557	-4.17935021947557	12.7708338264084	-4.17935021947557	-4.17935021947557	-4.17935021947557	-4.17935021947557	-4.17935021947557	-4.17935021947557	11.8609688458806	4.08449791189333	12.0961209915039	11.8582727397126	8.14770478286528	7.0784378045186	10.4092368356783	-4.17935021947557	-4.17935021947557	-4.17935021947557	9.30968338220546	10.0545423299744	-4.17935021947557	10.5600663999935	-4.17935021947557	-4.17935021947557	-4.17935021947557	10.5743929763971	-4.17935021947557	11.8948605218568	-4.17935021947557	-4.17935021947557	-4.17935021947557	-4.17935021947557	-4.17935021947557	-4.17935021947557	-4.17935021947557	-4.17935021947557	5.55814177886537	3.69956269282156	-4.17935021947557	10.1615992659185	-4.17935021947557	-4.17935021947557	-4.17935021947557	-4.17935021947557	8.24179751469046	-4.17935021947557	-4.17935021947557	-4.17935021947557	5.49478705983682	-4.17935021947557	-4.17935021947557	-4.17935021947557	-4.17935021947557	-4.17935021947557	3.50359295040272	-4.17935021947557	-4.17935021947557	7.06322215516465	-4.17935021947557	-4.17935021947557	6.43637610387602	-4.17935021947557	-4.17935021947557	-4.17935021947557	-4.17935021947557	-4.17935021947557	7.80962928404311	5.85520945415428	11.2725227125476	-4.17935021947557	10.9355072296678	-4.17935021947557	-4.17935021947557	-4.17935021947557	-4.17935021947557	-4.17935021947557	-4.17935021947557	-4.17935021947557	-4.17935021947557	11.3176064916111	7.59456163805557	6.28748899107799	10.2836095939761	-4.17935021947557	-4.17935021947557	-4.17935021947557	10.3691631267676	-4.17935021947557	-4.17935021947557	-4.17935021947557	-4.17935021947557	-4.17935021947557	-4.17935021947557	-4.17935021947557	-4.17935021947557	-4.17935021947557	-4.17935021947557	-4.17935021947557	-4.17935021947557	7.10052023757166	7.47612460376189	6.99909502349423	9.49957399854653	-4.17935021947557	6.3704811245058	-4.17935021947557	6.26474503511101	3.50818854672606	-4.17935021947557	7.21096683642727	-4.17935021947557	8.83449432670552	-4.17935021947557
HSM7J4PE	8.67494450608352	6.95604720709474	6.07842249565364	-5.17250163898054	8.14610428043368	-5.17250163898054	2.61113895724071	-5.17250163898054	-5.17250163898054	-5.17250163898054	-5.17250163898054	-5.17250163898054	-5.17250163898054	-5.17250163898054	-5.17250163898054	-5.17250163898054	8.48390884441784	9.05636348994007	11.1748890838329	7.78104300677749	10.2551992400635	10.7283506452907	6.58267172164158	5.73548896766253	-5.17250163898054	-5.17250163898054	-5.17250163898054	7.12071612459553	-5.17250163898054	3.54534406591438	4.03393110816462	-5.17250163898054	8.5710412700878	5.71887146225244	7.35992436239965	4.86118049521341	7.90461538752397	-5.17250163898054	7.02180708212939	6.79658838552891	-5.17250163898054	-5.17250163898054	-5.17250163898054	-5.17250163898054	-5.17250163898054	-5.17250163898054	-5.17250163898054	-5.17250163898054	7.85522353279424	3.74494309349097	-5.17250163898054	7.92497665731254	6.67882990581591	7.02403064164894	-5.17250163898054	4.54531876651054	-5.17250163898054	5.26545970222729	-5.17250163898054	-5.17250163898054	6.0563485744653	7.1961616834735	7.10062666952591	7.95190165637567	-5.17250163898054	-5.17250163898054	-5.17250163898054	-5.17250163898054	-5.17250163898054	-5.17250163898054	-5.17250163898054	-5.17250163898054	-5.17250163898054	-5.17250163898054	7.78722750816149	-5.17250163898054	10.5515110309953	8.92220080155748	-5.17250163898054	-5.17250163898054	8.78657318855935	-5.17250163898054	4.89442192240751	6.7597326659185	-5.17250163898054	5.42864788708267	-5.17250163898054	-5.17250163898054	11.5819920419969	-5.17250163898054	-5.17250163898054	-5.17250163898054	7.83202595137607	-5.17250163898054	-5.17250163898054	-5.17250163898054	-5.17250163898054	-5.17250163898054	-5.17250163898054	-5.17250163898054	-5.17250163898054	-5.17250163898054	3.59793744756635	6.93281653343905	-5.17250163898054	-5.17250163898054	-5.17250163898054	-5.17250163898054	4.16895471085318	6.04981748202066	-5.17250163898054	4.69799773772861	-5.17250163898054	5.2320944792582	-5.17250163898054	-5.17250163898054	-5.17250163898054	6.72064633696037	8.26484910500017	7.32325482417205	-5.17250163898054	-5.17250163898054
HSM7J4PW	-4.55949679940381	-4.55949679940381	-4.55949679940381	-4.55949679940381	-4.55949679940381	7.94849730559231	3.90450656349831	-4.55949679940381	-4.55949679940381	-4.55949679940381	-4.55949679940381	-4.55949679940381	-4.55949679940381	-4.55949679940381	-4.55949679940381	11.370948039472	-4.55949679940381	9.63874302169251	11.7824142571241	10.8485722110785	12.0310713680883	4.11657871707262	9.57695965438245	-4.55949679940381	-4.55949679940381	-4.55949679940381	-4.55949679940381	-4.55949679940381	-4.55949679940381	-4.55949679940381	11.3251272743193	-4.55949679940381	-4.55949679940381	-4.55949679940381	11.7583248190835	-4.55949679940381	-4.55949679940381	5.79859517080078	2.16313299545164	-4.55949679940381	-4.55949679940381	2.5479286747069	-4.55949679940381	8.49023351762947	-4.55949679940381	-4.55949679940381	-4.55949679940381	-4.55949679940381	-4.55949679940381	5.42699829211593	8.18631248955253	-4.55949679940381	-4.55949679940381	8.81735529622146	-4.55949679940381	-4.55949679940381	-4.55949679940381	6.18255775309567	-4.55949679940381	9.18814275754145	4.07120363280602	7.82931814772814	-4.55949679940381	8.37279748641573	-4.55949679940381	-4.55949679940381	8.83608099684293	-4.55949679940381	-4.55949679940381	7.2109427252456	-4.55949679940381	-4.55949679940381	-4.55949679940381	-4.55949679940381	7.1389201926912	8.61907865531639	4.52198695044737	11.5918789735161	6.48103819006814	-4.55949679940381	9.17727461754128	-4.55949679940381	9.90337926988833	-4.55949679940381	-4.55949679940381	6.71632563248279	-4.55949679940381	-4.55949679940381	11.5605739996646	8.80980634025717	-4.55949679940381	-4.55949679940381	-4.55949679940381	6.93700452475225	-4.55949679940381	-4.55949679940381	-4.55949679940381	5.98270814670298	-4.55949679940381	-4.55949679940381	-4.55949679940381	-4.55949679940381	5.64153651902099	4.83657597248841	-4.55949679940381	-4.55949679940381	-4.55949679940381	4.84895645416134	-4.55949679940381	5.17740474072442	-4.55949679940381	-4.55949679940381	-4.55949679940381	10.1397858441733	-4.55949679940381	7.68189955272684	-4.55949679940381	-4.55949679940381	-4.55949679940381	-4.55949679940381	7.4050837348475	10.4866920750637
HSM7J4QB	-2.73237448436944	-2.73237448436944	8.7493801797874	7.71955234522596	9.66063820298139	-2.73237448436944	-2.73237448436944	-2.73237448436944	12.4429018940894	-2.73237448436944	-2.73237448436944	-2.73237448436944	-2.73237448436944	-2.73237448436944	-2.73237448436944	14.2237956651026	-2.73237448436944	8.89075872941944	-2.73237448436944	12.2901694894673	-2.73237448436944	-2.73237448436944	-2.73237448436944	-2.73237448436944	-2.73237448436944	-2.73237448436944	-2.73237448436944	-2.73237448436944	-2.73237448436944	-2.73237448436944	-2.73237448436944	-2.73237448436944	-2.73237448436944	-2.73237448436944	-2.73237448436944	-2.73237448436944	-2.73237448436944	-2.73237448436944	-2.73237448436944	-2.73237448436944	-2.73237448436944	-2.73237448436944	-2.73237448436944	8.03991379030422	-2.73237448436944	-2.73237448436944	-2.73237448436944	-2.73237448436944	-2.73237448436944	-2.73237448436944	-2.73237448436944	-2.73237448436944	-2.73237448436944	-2.73237448436944	-2.73237448436944	-2.73237448436944	-2.73237448436944	8.14927000371661	12.7160973299252	-2.73237448436944	-2.73237448436944	-2.73237448436944	-2.73237448436944	-2.73237448436944	-2.73237448436944	-2.73237448436944	-2.73237448436944	-2.73237448436944	-2.73237448436944	-2.73237448436944	-2.73237448436944	-2.73237448436944	-2.73237448436944	-2.73237448436944	5.30063501422723	-2.73237448436944	14.0497346010581	-2.73237448436944	-2.73237448436944	13.779648705514	-2.73237448436944	-2.73237448436944	-2.73237448436944	-2.73237448436944	-2.73237448436944	-2.73237448436944	-2.73237448436944	-2.73237448436944	13.5082485743367	9.87298086419262	-2.73237448436944	-2.73237448436944	-2.73237448436944	-2.73237448436944	-2.73237448436944	-2.73237448436944	-2.73237448436944	-2.73237448436944	-2.73237448436944	-2.73237448436944	-2.73237448436944	9.31675776034454	-2.73237448436944	-2.73237448436944	-2.73237448436944	-2.73237448436944	-2.73237448436944	-2.73237448436944	11.3113157224552	11.0091999328311	10.0189860793568	13.254337294961	9.23595479939545	-2.73237448436944	9.87763209762367	-2.73237448436944	-2.73237448436944	12.1046696742067	11.6780092365191	7.83973699679394	-2.73237448436944	-2.73237448436944
HSM7J4QJ	-0.150989186507806	-0.150989186507806	-0.150989186507806	-0.150989186507806	-0.150989186507806	-0.150989186507806	-0.150989186507806	-0.150989186507806	-0.150989186507806	-0.150989186507806	-0.150989186507806	-0.150989186507806	-0.150989186507806	-0.150989186507806	-0.150989186507806	-0.150989186507806	-0.150989186507806	-0.150989186507806	-0.150989186507806	-0.150989186507806	-0.150989186507806	-0.150989186507806	-0.150989186507806	-0.150989186507806	-0.150989186507806	-0.150989186507806	-0.150989186507806	-0.150989186507806	-0.150989186507806	-0.150989186507806	-0.150989186507806	-0.150989186507806	-0.150989186507806	-0.150989186507806	-0.150989186507806	-0.150989186507806	-0.150989186507806	-0.150989186507806	-0.150989186507806	-0.150989186507806	-0.150989186507806	-0.150989186507806	-0.150989186507806	-0.150989186507806	-0.150989186507806	-0.150989186507806	-0.150989186507806	-0.150989186507806	-0.150989186507806	-0.150989186507806	-0.150989186507806	-0.150989186507806	-0.150989186507806	-0.150989186507806	-0.150989186507806	-0.150989186507806	-0.150989186507806	-0.150989186507806	-0.150989186507806	-0.150989186507806	-0.150989186507806	-0.150989186507806	-0.150989186507806	-0.150989186507806	-0.150989186507806	-0.150989186507806	-0.150989186507806	-0.150989186507806	-0.150989186507806	-0.150989186507806	-0.150989186507806	-0.150989186507806	-0.150989186507806	-0.150989186507806	-0.150989186507806	-0.150989186507806	18.2696915674446	-0.150989186507806	-0.150989186507806	-0.150989186507806	-0.150989186507806	-0.150989186507806	-0.150989186507806	-0.150989186507806	-0.150989186507806	-0.150989186507806	-0.150989186507806	-0.150989186507806	-0.150989186507806	-0.150989186507806	-0.150989186507806	-0.150989186507806	-0.150989186507806	-0.150989186507806	-0.150989186507806	-0.150989186507806	-0.150989186507806	-0.150989186507806	-0.150989186507806	-0.150989186507806	-0.150989186507806	-0.150989186507806	-0.150989186507806	-0.150989186507806	-0.150989186507806	-0.150989186507806	-0.150989186507806	-0.150989186507806	-0.150989186507806	-0.150989186507806	-0.150989186507806	-0.150989186507806	-0.150989186507806	-0.150989186507806	-0.150989186507806	-0.150989186507806	-0.150989186507806	-0.150989186507806	-0.150989186507806	-0.150989186507806	-0.150989186507806	-0.150989186507806
HSM7J4QT	-4.45989919052585	-4.45989919052585	7.97127908019206	-4.45989919052585	-4.45989919052585	-4.45989919052585	-4.45989919052585	-4.45989919052585	10.3556993498607	-4.45989919052585	-4.45989919052585	-4.45989919052585	-4.45989919052585	-4.45989919052585	-4.45989919052585	10.9234292586803	-4.45989919052585	6.06042129221983	-4.45989919052585	6.74392987660852	12.2693171460802	12.2989792995545	9.13690918861161	-4.45989919052585	-4.45989919052585	-4.45989919052585	-4.45989919052585	9.0318197903344	-4.45989919052585	-4.45989919052585	10.826692779401	-4.45989919052585	11.1472376611323	-4.45989919052585	-4.45989919052585	-4.45989919052585	9.63493182885312	-4.45989919052585	-4.45989919052585	-4.45989919052585	-4.45989919052585	4.23978221046366	-4.45989919052585	-4.45989919052585	-4.45989919052585	-4.45989919052585	-4.45989919052585	-4.45989919052585	-4.45989919052585	5.67354862665141	-4.45989919052585	-4.45989919052585	-4.45989919052585	8.16422897025178	7.93766533555469	6.34661146688353	-4.45989919052585	-4.45989919052585	7.6172656428534	9.98074252067234	-4.45989919052585	7.46877829042068	7.93423268648276	8.66659763241008	6.02443432923307	6.65330961231586	7.75513815176491	-4.45989919052585	-4.45989919052585	7.86489382899961	-4.45989919052585	-4.45989919052585	-4.45989919052585	-4.45989919052585	5.91331070169782	-4.45989919052585	11.9416529426396	-4.45989919052585	-4.45989919052585	-4.45989919052585	-4.45989919052585	-4.45989919052585	5.90136124974179	-4.45989919052585	-4.45989919052585	-4.45989919052585	-4.45989919052585	-4.45989919052585	11.7577540617031	8.6689650106608	-4.45989919052585	6.70461707492268	-4.45989919052585	-4.45989919052585	-4.45989919052585	10.1476400702335	7.91874345285533	7.68190689688146	6.34132808298956	-4.45989919052585	-4.45989919052585	-4.45989919052585	-4.45989919052585	-4.45989919052585	-4.45989919052585	-4.45989919052585	-4.45989919052585	9.40879282811753	-4.45989919052585	-4.45989919052585	-4.45989919052585	-4.45989919052585	-4.45989919052585	11.0761900376966	-4.45989919052585	7.1566743246699	8.68809489590413	9.42214882686697	-4.45989919052585	-4.45989919052585	9.33487892800088	-4.45989919052585
HSM7J4R2	-4.62324376948792	-4.62324376948792	5.01177592952023	-4.62324376948792	-4.62324376948792	-4.62324376948792	-4.62324376948792	-4.62324376948792	-4.62324376948792	-4.62324376948792	-4.62324376948792	-4.62324376948792	-4.62324376948792	-4.62324376948792	-4.62324376948792	-4.62324376948792	11.8203210197017	10.0726488523155	12.878540124613	-4.62324376948792	-4.62324376948792	-4.62324376948792	9.69614090641532	-4.62324376948792	-4.62324376948792	-4.62324376948792	-4.62324376948792	-4.62324376948792	-4.62324376948792	-4.62324376948792	9.66905423054355	-4.62324376948792	-4.62324376948792	6.97357237482303	-4.62324376948792	-4.62324376948792	-4.62324376948792	6.6823007588471	-4.62324376948792	-4.62324376948792	-4.62324376948792	-4.62324376948792	-4.62324376948792	6.8169066806999	-4.62324376948792	-4.62324376948792	-4.62324376948792	-4.62324376948792	8.18109103640472	6.6425143703552	5.6966818013073	4.3996820986283	-4.62324376948792	7.97780921050814	-4.62324376948792	5.68407422247991	-4.62324376948792	5.36554953962731	8.30449305421779	4.32715939034504	-4.62324376948792	5.70128692111969	-4.62324376948792	7.25745185919316	6.21478692163945	-4.62324376948792	7.6921360932176	-4.62324376948792	-4.62324376948792	3.51736327337053	-4.62324376948792	-4.62324376948792	-4.62324376948792	-4.62324376948792	-4.62324376948792	8.74076454812634	10.575057769922	-4.62324376948792	7.71552679642527	9.34598394577487	9.16677563213477	-4.62324376948792	9.66988572254243	-4.62324376948792	-4.62324376948792	7.63038494569687	5.14046434051992	4.21327549971456	12.4108870206835	8.88432894607477	4.63502925624357	8.51751143658247	-4.62324376948792	-4.62324376948792	7.92606745496521	9.24336001285124	-4.62324376948792	4.92862745130034	-4.62324376948792	-4.62324376948792	-4.62324376948792	-4.62324376948792	3.30371977537506	5.10237230992787	-4.62324376948792	-4.62324376948792	-4.62324376948792	5.7081550799862	-4.62324376948792	-4.62324376948792	-4.62324376948792	-4.62324376948792	-4.62324376948792	9.56594603628912	-4.62324376948792	6.66580037208119	6.53259237998926	-4.62324376948792	-4.62324376948792	-4.62324376948792	6.79494235271952	7.74248295577395
HSMA33J5	7.39316787708434	-4.9131617833696	-4.9131617833696	-4.9131617833696	-4.9131617833696	-4.9131617833696	-4.9131617833696	-4.9131617833696	-4.9131617833696	-4.9131617833696	-4.9131617833696	-4.9131617833696	-4.9131617833696	-4.9131617833696	-4.9131617833696	-4.9131617833696	-4.9131617833696	9.46839015980608	8.77535709421795	6.87891698729803	9.85734123882102	10.9683239250694	6.95961058953829	7.36565469000667	-4.9131617833696	6.71835527917159	5.39315407062018	6.9762187035617	6.07113043918467	12.8673778258139	5.80216668168417	-4.9131617833696	9.63394281126545	6.02049860461211	6.56331751582849	-4.9131617833696	8.20706130524986	-4.9131617833696	-4.9131617833696	-4.9131617833696	-4.9131617833696	-4.9131617833696	-4.9131617833696	6.76664159690072	-4.9131617833696	-4.9131617833696	-4.9131617833696	-4.9131617833696	-4.9131617833696	6.31728140010684	-4.9131617833696	8.86063158784272	7.74897719189583	6.75848390514225	-4.9131617833696	5.60066183020129	-4.9131617833696	-4.9131617833696	8.14391826226123	4.59215896353947	4.7919358041935	5.96998558865734	6.03132660020937	7.72874674050965	-4.9131617833696	-4.9131617833696	7.10580387343006	-4.9131617833696	-4.9131617833696	-4.9131617833696	-4.9131617833696	-4.9131617833696	-4.9131617833696	-4.9131617833696	-4.9131617833696	-4.9131617833696	7.10459738964061	10.6911156036721	5.93852206205166	6.20688404317696	5.35639148149195	-4.9131617833696	6.9456273942177	4.78151648953547	-4.9131617833696	4.27911644578817	-4.9131617833696	-4.9131617833696	11.8011692414244	5.31714441661669	4.08658100646089	6.23679756107349	-4.9131617833696	2.75586650522008	-4.9131617833696	-4.9131617833696	6.21866430339421	4.65980578270464	-4.9131617833696	-4.9131617833696	-4.9131617833696	-4.9131617833696	-4.9131617833696	6.12641044869097	-4.9131617833696	-4.9131617833696	-4.9131617833696	-4.9131617833696	-4.9131617833696	-4.9131617833696	-4.9131617833696	-4.9131617833696	-4.9131617833696	2.593979296358	-4.9131617833696	-4.9131617833696	7.0645725916255	7.41322846087439	4.91995695149964	-4.9131617833696	-4.9131617833696	-4.9131617833696
HSMA33J9	8.50803605024303	-6.25626766628537	-6.25626766628537	-6.25626766628537	-6.25626766628537	-6.25626766628537	-6.25626766628537	-6.25626766628537	-6.25626766628537	-6.25626766628537	-6.25626766628537	-6.25626766628537	-6.25626766628537	-6.25626766628537	-6.25626766628537	-6.25626766628537	-6.25626766628537	7.64643016986368	9.27545250358241	7.44690363672421	9.67182794362695	10.6771547883852	6.47483228011105	8.11689160333057	-6.25626766628537	6.80136730528776	5.6971103131595	7.54785934426136	5.14685409332966	8.35847877270575	6.99872094330409	-6.25626766628537	9.00137656089007	5.62234897397529	7.22473612226095	5.63954322705368	8.59496898226043	5.11683235429349	-6.25626766628537	-6.25626766628537	3.34008312596484	5.64803074371588	-6.25626766628537	7.72314671177286	-6.25626766628537	-6.25626766628537	-6.25626766628537	-6.25626766628537	-6.25626766628537	6.93278379528964	-6.25626766628537	-6.25626766628537	7.05408616928539	5.69549965411632	-6.25626766628537	3.95914324995056	-6.25626766628537	-6.25626766628537	5.70608237429348	6.69942936945558	4.47470126210291	6.03699592344461	5.90098756470408	7.40756033020685	-6.25626766628537	3.17248508262912	6.42855462533971	-6.25626766628537	-6.25626766628537	5.1266743902284	3.41219351302477	-6.25626766628537	-6.25626766628537	-6.25626766628537	-6.25626766628537	8.20541428608968	5.67616386949278	7.98483802446327	2.33250172362009	5.80893817673641	7.64910279110689	-6.25626766628537	5.51710484184216	5.15806323117929	-6.25626766628537	4.89742243681477	4.30346965270688	3.43223049919242	10.5801491741286	7.69668998293935	5.934848689461	7.23848788966653	-6.25626766628537	4.6454776269889	-6.25626766628537	-6.25626766628537	6.19153865836881	7.4046232685816	5.6663871353667	-6.25626766628537	-6.25626766628537	-6.25626766628537	-6.25626766628537	6.90049907020157	-6.25626766628537	-6.25626766628537	-6.25626766628537	-6.25626766628537	-6.25626766628537	-6.25626766628537	-6.25626766628537	-6.25626766628537	-6.25626766628537	4.29905015817399	-6.25626766628537	-6.25626766628537	7.52107466446793	8.55835560392925	-6.25626766628537	-6.25626766628537	-6.25626766628537	-6.25626766628537
HSMA33JB	7.46560298021939	-5.0849136146588	7.31248575251786	-5.0849136146588	-5.0849136146588	-5.0849136146588	-5.0849136146588	-5.0849136146588	10.2257392070742	-5.0849136146588	6.09017267986171	-5.0849136146588	9.10525295454608	7.80367742547953	-5.0849136146588	2.6518300677947	-5.0849136146588	9.19971955957322	10.5557832904583	3.52777155821666	11.881169987091	11.7900033488954	10.1179385059184	9.40350621184659	-5.0849136146588	-5.0849136146588	-5.0849136146588	8.49700019722323	-5.0849136146588	-5.0849136146588	9.87128835597535	-5.0849136146588	11.2762906330919	8.34782879926858	9.40287333628912	-5.0849136146588	9.61223867181773	-5.0849136146588	-5.0849136146588	-5.0849136146588	-5.0849136146588	-5.0849136146588	-5.0849136146588	4.31612975813925	-5.0849136146588	-5.0849136146588	-5.0849136146588	-5.0849136146588	-5.0849136146588	5.81054711605573	3.93196336010458	7.75726220281155	-5.0849136146588	7.4908622372356	-5.0849136146588	7.2320338149669	3.11234975675554	8.4159012668454	-5.0849136146588	7.03800022319724	-5.0849136146588	5.92781289628665	7.21533675150398	-5.0849136146588	-5.0849136146588	-5.0849136146588	5.89478723160196	-5.0849136146588	-5.0849136146588	-5.0849136146588	-5.0849136146588	-5.0849136146588	-5.0849136146588	-5.0849136146588	-5.0849136146588	-5.0849136146588	-5.0849136146588	10.1384793467231	4.93150075673254	-5.0849136146588	-5.0849136146588	-5.0849136146588	-5.0849136146588	-5.0849136146588	-5.0849136146588	4.7221181020597	-5.0849136146588	-5.0849136146588	9.4195156966542	5.93684178420388	-5.0849136146588	4.75728346943422	4.09197338105816	3.62636500047164	5.81720013166951	8.13126974184303	-5.0849136146588	2.25527322066132	-5.0849136146588	-5.0849136146588	-5.0849136146588	-5.0849136146588	-5.0849136146588	6.67088743819506	-5.0849136146588	-5.0849136146588	7.15111095971203	-5.0849136146588	-5.0849136146588	-5.0849136146588	-5.0849136146588	3.35561449182195	-5.0849136146588	7.75612344959665	-5.0849136146588	4.67936934015678	3.63456714619227	-5.0849136146588	-5.0849136146588	-5.0849136146588	6.2535513145693	9.41866173035607
HSMA33JP	-4.52578907397429	-4.52578907397429	5.45053063721151	4.73057573631317	6.28758877125497	-4.52578907397429	-4.52578907397429	-4.52578907397429	10.5464397627794	-4.52578907397429	11.4336684603225	-4.52578907397429	-4.52578907397429	-4.52578907397429	-4.52578907397429	-4.52578907397429	-4.52578907397429	10.9469606908706	-4.52578907397429	10.2003888342496	12.2824894182284	-4.52578907397429	5.97463757632319	10.7432634277993	-4.52578907397429	-4.52578907397429	-4.52578907397429	9.13078553969231	8.28994315929982	-4.52578907397429	12.8436188079541	-4.52578907397429	-4.52578907397429	-4.52578907397429	9.88528394995145	-4.52578907397429	11.2111985617712	-4.52578907397429	-4.52578907397429	-4.52578907397429	-4.52578907397429	-4.52578907397429	-4.52578907397429	-4.52578907397429	-4.52578907397429	5.37022058870588	5.81307831261821	-4.52578907397429	9.58100282130973	3.64071124518076	-4.52578907397429	8.76142920242536	-4.52578907397429	7.25457238784287	-4.52578907397429	-4.52578907397429	-4.52578907397429	6.01905223969255	4.69559014511711	-4.52578907397429	-4.52578907397429	-4.52578907397429	-4.52578907397429	4.84164051324467	-4.52578907397429	-4.52578907397429	7.67808615901238	-4.52578907397429	4.71904933840946	5.55085314753098	-4.52578907397429	4.40232100422836	-4.52578907397429	-4.52578907397429	3.94661593465181	-4.52578907397429	9.23309927930538	9.90208747593312	-4.52578907397429	7.44684344195178	-4.52578907397429	-4.52578907397429	-4.52578907397429	-4.52578907397429	-4.52578907397429	-4.52578907397429	-4.52578907397429	3.07561326060944	9.86827173536153	6.18464298459983	5.48570050236312	-4.52578907397429	7.23110949312023	-4.52578907397429	9.8690676277025	9.35034704698245	-4.52578907397429	4.95998364802476	-4.52578907397429	-4.52578907397429	-4.52578907397429	-4.52578907397429	-4.52578907397429	8.15943584900697	-4.52578907397429	-4.52578907397429	-4.52578907397429	-4.52578907397429	-4.52578907397429	-4.52578907397429	-4.52578907397429	-4.52578907397429	-4.52578907397429	6.43463771621939	-4.52578907397429	5.12093350874478	4.19205663092063	-4.52578907397429	-4.52578907397429	-4.52578907397429	8.0692838756328	7.1452591715756
HSMA33KM	-5.22177755415297	-5.22177755415297	6.25925468593019	5.06462270202081	-5.22177755415297	-5.22177755415297	-5.22177755415297	5.93919039373136	10.9812281091406	-5.22177755415297	-5.22177755415297	-5.22177755415297	8.80620461197281	-5.22177755415297	-5.22177755415297	11.9773932041157	-5.22177755415297	6.83307095836461	-5.22177755415297	-5.22177755415297	11.3307276437152	11.2584247323621	8.70958617848332	-5.22177755415297	-5.22177755415297	-5.22177755415297	-5.22177755415297	8.57459197760885	-5.22177755415297	-5.22177755415297	5.69695879389016	-5.22177755415297	-5.22177755415297	6.7904129679961	9.6561483497876	-5.22177755415297	10.6851649968528	-5.22177755415297	-5.22177755415297	-5.22177755415297	-5.22177755415297	-5.22177755415297	-5.22177755415297	-5.22177755415297	7.53418083847955	-5.22177755415297	5.55427870136608	-5.22177755415297	-5.22177755415297	8.04281602132349	6.1537347079926	-5.22177755415297	4.16344006772793	9.21313191674687	6.11740148229297	-5.22177755415297	-5.22177755415297	5.0467349834933	7.4395688923973	8.70535577058063	-5.22177755415297	-5.22177755415297	7.33389859148796	6.88795488127376	3.78289074742101	7.39212739546485	8.39060161666242	-5.22177755415297	1.80019886891919	7.40030771172621	4.08578026853858	4.10909761945195	4.13620665973578	-5.22177755415297	6.27075130715204	-5.22177755415297	7.23874736923261	-5.22177755415297	4.85528508272888	-5.22177755415297	6.95554061557841	-5.22177755415297	-5.22177755415297	-5.22177755415297	-5.22177755415297	6.49238117528052	-5.22177755415297	4.93367421550556	9.39010938038009	9.19890161252671	-5.22177755415297	-5.22177755415297	-5.22177755415297	-5.22177755415297	-5.22177755415297	-5.22177755415297	-5.22177755415297	8.33458785243501	4.79552963458262	3.39634635584171	-5.22177755415297	6.88712868985882	-5.22177755415297	8.93462474573037	-5.22177755415297	-5.22177755415297	7.22990829853835	-5.22177755415297	-5.22177755415297	-5.22177755415297	-5.22177755415297	-5.22177755415297	-5.22177755415297	7.95619270074772	-5.22177755415297	5.5578243606098	-5.22177755415297	-5.22177755415297	-5.22177755415297	-5.22177755415297	5.24420734492365	-5.22177755415297
HSMA33L1	-4.45842475389803	-4.45842475389803	8.66213900516415	-4.45842475389803	-4.45842475389803	-4.45842475389803	-4.45842475389803	7.43253295552912	-4.45842475389803	-4.45842475389803	-4.45842475389803	-4.45842475389803	-4.45842475389803	-4.45842475389803	-4.45842475389803	-4.45842475389803	-4.45842475389803	-4.45842475389803	-4.45842475389803	-4.45842475389803	-4.45842475389803	-4.45842475389803	-4.45842475389803	-4.45842475389803	-4.45842475389803	-4.45842475389803	-4.45842475389803	-4.45842475389803	-4.45842475389803	-4.45842475389803	-4.45842475389803	-4.45842475389803	-4.45842475389803	-4.45842475389803	-4.45842475389803	-4.45842475389803	-4.45842475389803	-4.45842475389803	-4.45842475389803	-4.45842475389803	-4.45842475389803	-4.45842475389803	-4.45842475389803	-4.45842475389803	8.18622857595151	9.39242495523375	-4.45842475389803	-4.45842475389803	10.2711745132671	8.09280020430097	-4.45842475389803	11.2211195772103	-4.45842475389803	10.480013723707	-4.45842475389803	-4.45842475389803	5.24484200195631	9.33621042157391	10.3169496865578	9.32186372570645	-4.45842475389803	-4.45842475389803	-4.45842475389803	-4.45842475389803	9.94946800441239	9.40586739677037	11.2395465149083	7.90183142806247	-4.45842475389803	9.42018360035801	7.59246084162545	-4.45842475389803	7.70113787594725	10.4509036175848	10.4611435724934	-4.45842475389803	11.4789857206653	9.06432552599356	9.96384741178029	11.0622031008675	-4.45842475389803	7.21917581435567	-4.45842475389803	-4.45842475389803	7.59892163962508	-4.45842475389803	9.91132200507944	9.36632400022356	12.629869380648	11.5115340478496	-4.45842475389803	6.90496768677782	-4.45842475389803	-4.45842475389803	10.649171403598	-4.45842475389803	-4.45842475389803	9.39394893260732	6.5097907768612	6.09245395735984	8.63741187992556	-4.45842475389803	-4.45842475389803	-4.45842475389803	7.36580897402986	-4.45842475389803	-4.45842475389803	7.9110032212498	-4.45842475389803	-4.45842475389803	-4.45842475389803	-4.45842475389803	-4.45842475389803	-4.45842475389803	-4.45842475389803	-4.45842475389803	-4.45842475389803	10.2389221418203	-4.45842475389803	-4.45842475389803	-4.45842475389803	-4.45842475389803
HSMA33M8	-4.30174822379876	5.63231702920151	6.02376652514451	5.27121934227549	7.72166880914704	-4.30174822379876	2.92881492961053	-4.30174822379876	-4.30174822379876	4.01967336309912	-4.30174822379876	-4.30174822379876	9.32053067808799	9.97075734200131	-4.30174822379876	7.64730733559043	-4.30174822379876	9.47564605090495	-4.30174822379876	8.39517486331449	8.04487301114039	11.8655242784606	-4.30174822379876	10.7263789726851	-4.30174822379876	-4.30174822379876	-4.30174822379876	8.83167575896494	-4.30174822379876	13.7001528300904	4.35711812593363	-4.30174822379876	-4.30174822379876	-4.30174822379876	9.23582066954451	-4.30174822379876	10.7720957588213	-4.30174822379876	-4.30174822379876	-4.30174822379876	-4.30174822379876	-4.30174822379876	-4.30174822379876	-4.30174822379876	-4.30174822379876	-4.30174822379876	-4.30174822379876	-4.30174822379876	6.01421315165609	6.10617457748135	4.03176248518418	-4.30174822379876	4.43393772071626	4.10138001132951	-4.30174822379876	5.00490182831483	-4.30174822379876	3.65367686511391	5.83921961615163	-4.30174822379876	3.41292925000217	-4.30174822379876	6.93688512183845	-4.30174822379876	-4.30174822379876	-4.30174822379876	5.99110892968065	-4.30174822379876	-4.30174822379876	1.55903799966711	-4.30174822379876	-4.30174822379876	-4.30174822379876	-4.30174822379876	-4.30174822379876	-4.30174822379876	8.38139986167538	-4.30174822379876	4.17274621308436	8.39124969398533	9.6852849584791	-4.30174822379876	-4.30174822379876	3.76320266795039	-4.30174822379876	5.11243054843363	-4.30174822379876	-4.30174822379876	9.48740911853682	6.09677088020458	-4.30174822379876	-4.30174822379876	-4.30174822379876	-4.30174822379876	-4.30174822379876	-4.30174822379876	3.38579054240287	-4.30174822379876	-4.30174822379876	-4.30174822379876	-4.30174822379876	-4.30174822379876	-4.30174822379876	-4.30174822379876	-4.30174822379876	-4.30174822379876	8.46841873750172	8.07920586942768	-4.30174822379876	-4.30174822379876	-4.30174822379876	4.27201431910537	-4.30174822379876	6.23090783141826	-4.30174822379876	3.31944693901109	5.50031549859941	5.29528210095926	-4.30174822379876	-4.30174822379876	7.6617495491784	-4.30174822379876
HSMA33MI	-2.03314087711096	9.03927762300223	11.403085345768	-2.03314087711096	10.8874024779414	-2.03314087711096	-2.03314087711096	-2.03314087711096	11.3180156624595	-2.03314087711096	-2.03314087711096	12.5450433904797	-2.03314087711096	-2.03314087711096	-2.03314087711096	-2.03314087711096	9.63431519550481	12.2860504407609	15.4647885854875	-2.03314087711096	12.8410904447577	15.4401010562446	-2.03314087711096	-2.03314087711096	-2.03314087711096	-2.03314087711096	-2.03314087711096	-2.03314087711096	-2.03314087711096	-2.03314087711096	-2.03314087711096	-2.03314087711096	-2.03314087711096	-2.03314087711096	12.2998060057057	-2.03314087711096	-2.03314087711096	-2.03314087711096	-2.03314087711096	-2.03314087711096	-2.03314087711096	-2.03314087711096	-2.03314087711096	-2.03314087711096	-2.03314087711096	-2.03314087711096	-2.03314087711096	-2.03314087711096	-2.03314087711096	-2.03314087711096	-2.03314087711096	-2.03314087711096	-2.03314087711096	11.9648420596064	-2.03314087711096	-2.03314087711096	-2.03314087711096	-2.03314087711096	-2.03314087711096	11.8150120734542	-2.03314087711096	-2.03314087711096	-2.03314087711096	10.389497734773	-2.03314087711096	-2.03314087711096	-2.03314087711096	-2.03314087711096	-2.03314087711096	-2.03314087711096	-2.03314087711096	-2.03314087711096	-2.03314087711096	-2.03314087711096	-2.03314087711096	-2.03314087711096	9.66094713993332	-2.03314087711096	-2.03314087711096	-2.03314087711096	-2.03314087711096	-2.03314087711096	-2.03314087711096	-2.03314087711096	-2.03314087711096	-2.03314087711096	-2.03314087711096	-2.03314087711096	13.8119381034296	-2.03314087711096	-2.03314087711096	-2.03314087711096	-2.03314087711096	-2.03314087711096	-2.03314087711096	-2.03314087711096	-2.03314087711096	-2.03314087711096	-2.03314087711096	-2.03314087711096	-2.03314087711096	-2.03314087711096	-2.03314087711096	-2.03314087711096	-2.03314087711096	-2.03314087711096	-2.03314087711096	-2.03314087711096	-2.03314087711096	-2.03314087711096	-2.03314087711096	-2.03314087711096	-2.03314087711096	11.7347968254628	-2.03314087711096	8.91064105476876	-2.03314087711096	-2.03314087711096	-2.03314087711096	-2.03314087711096	-2.03314087711096	-2.03314087711096
HSMA33MZ	-2.95647025618705	-2.95647025618705	4.92622195010197	-2.95647025618705	7.07148902385992	-2.95647025618705	-2.95647025618705	-2.95647025618705	-2.95647025618705	-2.95647025618705	-2.95647025618705	-2.95647025618705	-2.95647025618705	-2.95647025618705	-2.95647025618705	-2.95647025618705	5.29961787762786	6.54137717292662	9.91108086838866	-2.95647025618705	8.182357945224	10.9206536111516	-2.95647025618705	-2.95647025618705	-2.95647025618705	-2.95647025618705	-2.95647025618705	-2.95647025618705	6.84503994023661	15.3364932572381	-2.95647025618705	-2.95647025618705	-2.95647025618705	-2.95647025618705	4.85590794980156	-2.95647025618705	8.44698626508081	-2.95647025618705	6.88253210712267	7.21325865056601	-2.95647025618705	-2.95647025618705	-2.95647025618705	-2.95647025618705	-2.95647025618705	-2.95647025618705	-2.95647025618705	-2.95647025618705	-2.95647025618705	-2.95647025618705	-2.95647025618705	-2.95647025618705	8.91336712464184	-2.95647025618705	-2.95647025618705	7.86212733147507	-2.95647025618705	-2.95647025618705	-2.95647025618705	-2.95647025618705	-2.95647025618705	5.20433366476761	6.10083547962007	7.93787732252296	-2.95647025618705	-2.95647025618705	-2.95647025618705	-2.95647025618705	-2.95647025618705	-2.95647025618705	-2.95647025618705	-2.95647025618705	-2.95647025618705	-2.95647025618705	-2.95647025618705	7.34616247571242	12.5618157223049	10.8253707921432	-2.95647025618705	6.96146246078057	7.67652051386968	-2.95647025618705	7.54395639411043	-2.95647025618705	-2.95647025618705	-2.95647025618705	-2.95647025618705	-2.95647025618705	11.5638447713496	-2.95647025618705	-2.95647025618705	-2.95647025618705	-2.95647025618705	-2.95647025618705	-2.95647025618705	-2.95647025618705	-2.95647025618705	-2.95647025618705	-2.95647025618705	-2.95647025618705	-2.95647025618705	-2.95647025618705	-2.95647025618705	-2.95647025618705	-2.95647025618705	-2.95647025618705	-2.95647025618705	9.31633069864357	10.5650329334199	7.06617716151833	6.60248264563782	8.31031167407323	4.70317269837763	-2.95647025618705	8.13472351421107	-2.95647025618705	-2.95647025618705	-2.95647025618705	5.49693080214141	-2.95647025618705	-2.95647025618705	-2.95647025618705
HSMA33NQ	-3.47636388684578	-3.47636388684578	8.70659876808691	-3.47636388684578	-3.47636388684578	-3.47636388684578	-3.47636388684578	7.24736594530412	-3.47636388684578	-3.47636388684578	-3.47636388684578	-3.47636388684578	-3.47636388684578	-3.47636388684578	-3.47636388684578	-3.47636388684578	-3.47636388684578	-3.47636388684578	-3.47636388684578	-3.47636388684578	-3.47636388684578	-3.47636388684578	-3.47636388684578	-3.47636388684578	-3.47636388684578	-3.47636388684578	-3.47636388684578	-3.47636388684578	-3.47636388684578	-3.47636388684578	-3.47636388684578	-3.47636388684578	-3.47636388684578	-3.47636388684578	-3.47636388684578	-3.47636388684578	-3.47636388684578	-3.47636388684578	-3.47636388684578	-3.47636388684578	-3.47636388684578	8.12750770382724	-3.47636388684578	-3.47636388684578	8.36831555840269	-3.47636388684578	-3.47636388684578	-3.47636388684578	8.40363922582782	5.94755443157491	-3.47636388684578	7.59589925174083	-3.47636388684578	8.74139520537832	-3.47636388684578	-3.47636388684578	-3.47636388684578	9.0149666451703	8.11362446592588	8.47327338356578	-3.47636388684578	-3.47636388684578	-3.47636388684578	-3.47636388684578	-3.47636388684578	10.083636165893	9.93595048705432	6.29364941429038	-3.47636388684578	8.95017272311017	8.93705214216449	-3.47636388684578	-3.47636388684578	11.1180177752555	10.7140570345324	-3.47636388684578	7.86293411790714	-3.47636388684578	-3.47636388684578	9.55188879108997	-3.47636388684578	-3.47636388684578	-3.47636388684578	-3.47636388684578	8.4561991145773	-3.47636388684578	7.58997755641992	7.52874808001642	11.497216155328	11.9167266663706	-3.47636388684578	-3.47636388684578	-3.47636388684578	-3.47636388684578	11.6927837922926	10.89732199351	-3.47636388684578	9.84925212267896	-3.47636388684578	6.69795200856997	7.94500534344302	-3.47636388684578	-3.47636388684578	-3.47636388684578	6.86023636572732	-3.47636388684578	-3.47636388684578	7.5131740496463	-3.47636388684578	-3.47636388684578	-3.47636388684578	-3.47636388684578	-3.47636388684578	-3.47636388684578	-3.47636388684578	-3.47636388684578	-3.47636388684578	10.6184822583688	-3.47636388684578	-3.47636388684578	-3.47636388684578	14.6694472993774
HSMA33NW	7.81963315245085	-4.50186864942312	7.05737726581561	-4.50186864942312	-4.50186864942312	-4.50186864942312	-4.50186864942312	-4.50186864942312	-4.50186864942312	-4.50186864942312	-4.50186864942312	-4.50186864942312	-4.50186864942312	-4.50186864942312	-4.50186864942312	-4.50186864942312	10.887838268451	10.103126468428	12.1931903607636	10.30898815328	11.2978109072084	12.6826831454528	7.12938192647636	-4.50186864942312	-4.50186864942312	-4.50186864942312	-4.50186864942312	9.54189319314806	-4.50186864942312	-4.50186864942312	6.9585101043819	-4.50186864942312	11.2365321203045	6.59601095828205	10.9793790547146	-4.50186864942312	10.9151809065279	-4.50186864942312	-4.50186864942312	-4.50186864942312	-4.50186864942312	-4.50186864942312	-4.50186864942312	5.53924813810105	-4.50186864942312	-4.50186864942312	-4.50186864942312	-4.50186864942312	-4.50186864942312	5.9796638265168	-4.50186864942312	-4.50186864942312	-4.50186864942312	7.71840764500275	-4.50186864942312	8.35408087498722	-4.50186864942312	-4.50186864942312	-4.50186864942312	6.43286200141026	-4.50186864942312	6.55883023408405	-4.50186864942312	7.29021012124451	8.75794269082174	-4.50186864942312	6.23693816281204	-4.50186864942312	5.42245041269294	7.28170208228943	-4.50186864942312	4.03336090447922	-4.50186864942312	-4.50186864942312	-4.50186864942312	7.92290167917877	-4.50186864942312	10.1672190131456	-4.50186864942312	-4.50186864942312	-4.50186864942312	-4.50186864942312	9.43085678282443	5.1512968394183	5.76421130431578	5.84633677514287	-4.50186864942312	-4.50186864942312	10.1799441785739	9.36585572911444	5.25780626774716	-4.50186864942312	-4.50186864942312	5.89665045458022	-4.50186864942312	-4.50186864942312	-4.50186864942312	-4.50186864942312	-4.50186864942312	-4.50186864942312	-4.50186864942312	-4.50186864942312	-4.50186864942312	8.92066005932764	-4.50186864942312	-4.50186864942312	5.20930761468968	8.36849120518635	-4.50186864942312	-4.50186864942312	-4.50186864942312	-4.50186864942312	-4.50186864942312	5.92282050970377	-4.50186864942312	-4.50186864942312	6.27125818214335	10.3228220743955	-4.50186864942312	-4.50186864942312	5.83408290538795	-4.50186864942312
HSMA33NY	7.49227042605324	-5.51844828728402	-5.51844828728402	-5.51844828728402	-5.51844828728402	-5.51844828728402	-5.51844828728402	-5.51844828728402	-5.51844828728402	-5.51844828728402	-5.51844828728402	-5.51844828728402	-5.51844828728402	-5.51844828728402	-5.51844828728402	-5.51844828728402	-5.51844828728402	8.26493259657781	10.3687980742727	8.09125630112848	9.54956549115831	11.5198345345609	6.95087668980377	7.85824873375782	-5.51844828728402	7.13196075949318	5.77832165313962	7.23661533077197	7.7963371315103	11.4148763712771	7.53954935405454	-5.51844828728402	9.79060009859229	6.49828422879305	8.0550047221212	-5.51844828728402	9.30483440740016	-5.51844828728402	-5.51844828728402	-5.51844828728402	-5.51844828728402	-5.51844828728402	-5.51844828728402	6.60587728229515	-5.51844828728402	-5.51844828728402	-5.51844828728402	-5.51844828728402	-5.51844828728402	5.84226960879554	-5.51844828728402	6.75785446404299	7.85308655723257	7.01260582815187	-5.51844828728402	4.73078975403261	-5.51844828728402	3.43970584792522	6.09188515557268	5.89544106520763	4.07722251037995	5.58667433921445	6.30387915592761	7.84266581343653	-5.51844828728402	4.23717710450972	6.35236838168072	-5.51844828728402	-5.51844828728402	-5.51844828728402	3.63859678763394	-5.51844828728402	-5.51844828728402	-5.51844828728402	-5.51844828728402	-5.51844828728402	6.57697767315908	-5.51844828728402	-5.51844828728402	7.64063460095028	7.07278811471583	-5.51844828728402	6.35047889505878	4.57114531846375	-5.51844828728402	4.3038834382911	2.43346309457017	0.593019052218658	10.7053120230757	8.64878266106384	5.01740087354379	6.11164669184343	-5.51844828728402	5.01846298033225	3.70490702176966	-5.51844828728402	7.85261878005437	7.507142040844	-5.51844828728402	-5.51844828728402	-5.51844828728402	-5.51844828728402	-5.51844828728402	7.48021181437477	-5.51844828728402	-5.51844828728402	-5.51844828728402	-5.51844828728402	-5.51844828728402	-5.51844828728402	-5.51844828728402	-5.51844828728402	-5.51844828728402	4.80213645758998	-5.51844828728402	2.61631249513463	8.46246738114784	9.35597727932179	-5.51844828728402	-5.51844828728402	-5.51844828728402	-5.51844828728402
HSMA33O1	4.9754286330209	-4.8452749580363	6.36181804149481	7.28597176536804	-4.8452749580363	-4.8452749580363	-4.8452749580363	-4.8452749580363	-4.8452749580363	-4.8452749580363	-4.8452749580363	-4.8452749580363	-4.8452749580363	-4.8452749580363	-4.8452749580363	10.5725765886679	-4.8452749580363	9.97126482775348	11.1979334479833	9.20860741048294	10.3967912383956	12.7181190928345	9.89680175832082	-4.8452749580363	-4.8452749580363	-4.8452749580363	-4.8452749580363	10.0955031268217	-4.8452749580363	-4.8452749580363	9.29490343797421	-4.8452749580363	-4.8452749580363	6.89829386426393	10.8019432420053	8.04777839437526	-4.8452749580363	-4.8452749580363	-4.8452749580363	-4.8452749580363	-4.8452749580363	-4.8452749580363	-4.8452749580363	6.91013383334672	-4.8452749580363	7.01711652892199	-4.8452749580363	-4.8452749580363	8.13455895092299	-4.8452749580363	-4.8452749580363	-4.8452749580363	8.26994496554724	9.81945917636181	7.27508183458676	8.26343767040498	-4.8452749580363	-4.8452749580363	-4.8452749580363	6.80855093142709	-4.8452749580363	8.37365417424433	-4.8452749580363	9.0137461370764	5.83710159650469	-4.8452749580363	8.63858910068344	-4.8452749580363	-4.8452749580363	-4.8452749580363	-4.8452749580363	-4.8452749580363	-4.8452749580363	-4.8452749580363	4.29475024002485	8.61054325105544	-4.8452749580363	7.23018203995024	-4.8452749580363	5.60953696054569	7.83111689194051	-4.8452749580363	-4.8452749580363	-4.8452749580363	-4.8452749580363	-4.8452749580363	5.40573074265314	-4.8452749580363	10.8054026780925	7.74204182177261	-4.8452749580363	6.98712916717857	-4.8452749580363	-4.8452749580363	7.06629910198181	-4.8452749580363	9.51281044075841	6.96642829364075	-4.8452749580363	-4.8452749580363	-4.8452749580363	-4.8452749580363	-4.8452749580363	-4.8452749580363	-4.8452749580363	-4.8452749580363	6.52090070624737	-4.8452749580363	-4.8452749580363	-4.8452749580363	-4.8452749580363	-4.8452749580363	-4.8452749580363	9.14762920093562	-4.8452749580363	6.95801148790391	4.92073055117856	-4.8452749580363	5.110852481824	6.39322681904034	9.04246416424352	-4.8452749580363
HSMA33OJ	-5.44282118087729	7.10570932307315	5.79080035015167	6.06369378065161	7.17224700012871	1.80923277097552	5.14277788259852	-5.44282118087729	-5.44282118087729	5.52124790555894	-5.44282118087729	-5.44282118087729	8.152579968104	8.61176218150664	-5.44282118087729	7.07040890497497	-5.44282118087729	9.21106656633946	-5.44282118087729	3.28317320013728	8.42696068279377	11.2666037967844	-5.44282118087729	9.54371875679378	-5.44282118087729	-5.44282118087729	-5.44282118087729	6.04715290467583	-5.44282118087729	12.0253324265659	2.97145295653111	-5.44282118087729	-5.44282118087729	-5.44282118087729	9.49783031537469	-5.44282118087729	10.0506511710494	-5.44282118087729	-5.44282118087729	-5.44282118087729	-5.44282118087729	-5.44282118087729	-5.44282118087729	-5.44282118087729	3.49584169278883	-5.44282118087729	-5.44282118087729	-5.44282118087729	5.27339496981655	7.07762780358516	4.20260782427313	-5.44282118087729	6.02752032155164	6.11010354025679	-5.44282118087729	3.8818295372763	-5.44282118087729	4.07874687712569	6.94173650475251	-5.44282118087729	3.08452034159076	-5.44282118087729	5.99009740911074	-5.44282118087729	-5.44282118087729	-5.44282118087729	4.3988441580155	-5.44282118087729	-5.44282118087729	-5.44282118087729	2.66820665731639	-5.44282118087729	-5.44282118087729	-5.44282118087729	5.19425947603331	-5.44282118087729	7.56505347864234	-5.44282118087729	5.48815852782382	8.58265123029985	8.60852089464726	1.23047678689036	7.33812455150718	6.0722120611693	-5.44282118087729	6.36315442266201	-5.44282118087729	-5.44282118087729	9.04021665275391	7.04881003406715	-5.44282118087729	4.80073926099995	5.65035260722632	-5.44282118087729	-5.44282118087729	-5.44282118087729	-5.44282118087729	4.5269689609129	2.56720634760444	-5.44282118087729	-5.44282118087729	-5.44282118087729	3.52684792291647	2.08066013169621	-5.44282118087729	-5.44282118087729	10.206636467942	4.65008766556802	-5.44282118087729	-5.44282118087729	-5.44282118087729	-5.44282118087729	-5.44282118087729	7.31817339651891	-5.44282118087729	5.04514200558711	5.54147104167698	8.64501996618683	-5.44282118087729	-5.44282118087729	8.69695238346177	-5.44282118087729
HSMA33OR	8.47824685325013	5.13222045996762	-3.56077307125231	-3.56077307125231	9.3063392824941	-3.56077307125231	-3.56077307125231	-3.56077307125231	9.25180167438977	-3.56077307125231	-3.56077307125231	11.4691221985165	-3.56077307125231	-3.56077307125231	-3.56077307125231	-3.56077307125231	9.41873789318835	9.25550255022354	13.5691133279099	-3.56077307125231	11.4436203077704	13.6916388602336	9.04367628562317	-3.56077307125231	-3.56077307125231	-3.56077307125231	-3.56077307125231	6.75551925469537	-3.56077307125231	-3.56077307125231	7.67126054873651	-3.56077307125231	10.3097567809327	7.47025430502511	10.1045086065653	-3.56077307125231	10.152395743306	-3.56077307125231	-3.56077307125231	-3.56077307125231	-3.56077307125231	-3.56077307125231	-3.56077307125231	-3.56077307125231	-3.56077307125231	-3.56077307125231	-3.56077307125231	-3.56077307125231	10.7996230296128	-3.56077307125231	-3.56077307125231	-3.56077307125231	-3.56077307125231	8.3048564641635	-3.56077307125231	7.3982626804809	-3.56077307125231	4.42573186730168	-3.56077307125231	8.31116161111927	-3.56077307125231	7.82285203762121	-3.56077307125231	8.36671598481134	-3.56077307125231	-3.56077307125231	-3.56077307125231	-3.56077307125231	-3.56077307125231	-3.56077307125231	-3.56077307125231	-3.56077307125231	-3.56077307125231	-3.56077307125231	-3.56077307125231	-3.56077307125231	12.134366034443	-3.56077307125231	-3.56077307125231	12.8350786267592	8.65703543882943	-3.56077307125231	-3.56077307125231	-3.56077307125231	-3.56077307125231	-3.56077307125231	-3.56077307125231	-3.56077307125231	11.8984417442765	-3.56077307125231	-3.56077307125231	-3.56077307125231	-3.56077307125231	-3.56077307125231	-3.56077307125231	-3.56077307125231	-3.56077307125231	-3.56077307125231	-3.56077307125231	-3.56077307125231	-3.56077307125231	-3.56077307125231	-3.56077307125231	-3.56077307125231	-3.56077307125231	-3.56077307125231	-3.56077307125231	-3.56077307125231	-3.56077307125231	-3.56077307125231	-3.56077307125231	-3.56077307125231	-3.56077307125231	9.00489873851384	-3.56077307125231	5.70604214765185	-3.56077307125231	10.5627815887888	7.19906410769101	8.44593968599914	8.95146354931159	-3.56077307125231
HSMA33OZ	6.72950776861746	6.86842112572895	4.85623409635179	-5.35146073221827	7.59213715807485	2.62135005190313	3.05166750290999	-5.35146073221827	7.99839034700009	4.87667948013373	-5.35146073221827	9.88816271549469	6.32571566147275	-5.35146073221827	-5.35146073221827	6.90030681590736	8.69012587308764	7.94878268636969	11.5197463148609	0.617246827767094	9.47663970278245	12.2829572834023	7.25506782967466	-5.35146073221827	-5.35146073221827	-5.35146073221827	-5.35146073221827	5.16317730207307	-5.35146073221827	-5.35146073221827	5.60809688572029	-5.35146073221827	8.99805530871161	7.41414484067163	9.94696055868443	-5.35146073221827	8.29807906316842	-5.35146073221827	5.75155476085656	1.3949513963551	-5.35146073221827	-5.35146073221827	-5.35146073221827	-5.35146073221827	-5.35146073221827	-5.35146073221827	-5.35146073221827	-5.35146073221827	4.58695950685788	4.81096213573012	-5.35146073221827	7.55810786019055	-5.35146073221827	7.96408336064813	-5.35146073221827	6.05009732288628	3.61947966592418	4.8330995994297	6.91250811047834	9.04704223878877	1.26994491954586	6.49972822126603	-5.35146073221827	7.67357863899386	-5.35146073221827	-5.35146073221827	-5.35146073221827	-5.35146073221827	-5.35146073221827	2.72908623360623	-5.35146073221827	-5.35146073221827	-5.35146073221827	-5.35146073221827	-5.35146073221827	-5.35146073221827	8.18178107479486	9.14648534071102	-5.35146073221827	-5.35146073221827	-5.35146073221827	-5.35146073221827	-5.35146073221827	-5.35146073221827	-5.35146073221827	2.88628307167266	-5.35146073221827	-5.35146073221827	9.61187790227864	5.21267663528503	-5.35146073221827	-5.35146073221827	-5.35146073221827	-5.35146073221827	-5.35146073221827	-5.35146073221827	-5.35146073221827	-5.35146073221827	-5.35146073221827	-5.35146073221827	-5.35146073221827	4.07003157821974	-5.35146073221827	-5.35146073221827	-5.35146073221827	-5.35146073221827	-5.35146073221827	-5.35146073221827	6.42844142054472	4.3333109523308	3.21661566951254	5.46833755199201	2.36321674158266	8.97781971091744	-5.35146073221827	7.58105120987933	3.81920282260501	6.52847310247046	4.72223362224871	-5.35146073221827	9.01973274723364	-5.35146073221827
HSMA33PZ	-2.40168572945731	-2.40168572945731	-2.40168572945731	-2.40168572945731	-2.40168572945731	-2.40168572945731	-2.40168572945731	-2.40168572945731	4.54625133915766	-2.40168572945731	-2.40168572945731	-2.40168572945731	-2.40168572945731	-2.40168572945731	-2.40168572945731	-2.40168572945731	5.87496339596455	-2.40168572945731	-2.40168572945731	-2.40168572945731	14.451156282494	15.436165042867	14.2635042709742	3.66442236064644	-2.40168572945731	-2.40168572945731	-2.40168572945731	12.1726572162587	-2.40168572945731	9.37722052937034	9.26568465776091	-2.40168572945731	6.89400630961838	9.32126562527366	-2.40168572945731	-2.40168572945731	3.68735914598954	-2.40168572945731	-2.40168572945731	-2.40168572945731	-2.40168572945731	9.3285342143048	-2.40168572945731	8.10751026261486	6.89858675001948	-2.40168572945731	-2.40168572945731	-2.40168572945731	-2.40168572945731	-2.40168572945731	-2.40168572945731	-2.40168572945731	-2.40168572945731	-2.40168572945731	8.23178707285671	-2.40168572945731	-2.40168572945731	7.31733797321283	-2.40168572945731	-2.40168572945731	-2.40168572945731	-2.40168572945731	-2.40168572945731	-2.40168572945731	-2.40168572945731	7.65456582763045	-2.40168572945731	-2.40168572945731	-2.40168572945731	11.6213518744777	4.7920000889378	-2.40168572945731	-2.40168572945731	-2.40168572945731	8.68170219746136	-2.40168572945731	10.9783091922799	-2.40168572945731	-2.40168572945731	8.36639918054408	-2.40168572945731	-2.40168572945731	-2.40168572945731	-2.40168572945731	-2.40168572945731	-2.40168572945731	-2.40168572945731	-2.40168572945731	11.3706991408555	10.0581799367708	-2.40168572945731	-2.40168572945731	-2.40168572945731	-2.40168572945731	-2.40168572945731	-2.40168572945731	-2.40168572945731	8.20021013956023	-2.40168572945731	-2.40168572945731	-2.40168572945731	-2.40168572945731	-2.40168572945731	-2.40168572945731	-2.40168572945731	-2.40168572945731	-2.40168572945731	-2.40168572945731	-2.40168572945731	-2.40168572945731	-2.40168572945731	-2.40168572945731	-2.40168572945731	-2.40168572945731	-2.40168572945731	-2.40168572945731	-2.40168572945731	-2.40168572945731	-2.40168572945731	-2.40168572945731	-2.40168572945731	-2.40168572945731
HSMA33Q6	-3.12726552680378	-3.12726552680378	-3.12726552680378	-3.12726552680378	-3.12726552680378	-3.12726552680378	-3.12726552680378	-3.12726552680378	-3.12726552680378	-3.12726552680378	-3.12726552680378	-3.12726552680378	13.7574675611211	-3.12726552680378	-3.12726552680378	-3.12726552680378	-3.12726552680378	12.1854323009907	-3.12726552680378	-3.12726552680378	13.442781856431	14.3729513146984	12.7033508311416	-3.12726552680378	-3.12726552680378	-3.12726552680378	-3.12726552680378	11.8064020707403	-3.12726552680378	5.08367420657525	8.4521122518343	-3.12726552680378	-3.12726552680378	8.41055740782096	-3.12726552680378	-3.12726552680378	-3.12726552680378	-3.12726552680378	-3.12726552680378	-3.12726552680378	-3.12726552680378	-3.12726552680378	-3.12726552680378	8.62066091156986	-3.12726552680378	-3.12726552680378	-3.12726552680378	-3.12726552680378	-3.12726552680378	6.17756650826512	-3.12726552680378	-3.12726552680378	-3.12726552680378	4.74785375423652	7.60697665549991	-3.12726552680378	-3.12726552680378	7.48502107423052	7.20998300299536	-3.12726552680378	-3.12726552680378	-3.12726552680378	5.58236455514751	8.05062067434912	7.04169683206	-3.12726552680378	8.52803585244265	-3.12726552680378	-3.12726552680378	5.9542182230474	-3.12726552680378	-3.12726552680378	-3.12726552680378	-3.12726552680378	4.32918902837243	-3.12726552680378	11.0206023846793	-3.12726552680378	8.98417221087464	-3.12726552680378	-3.12726552680378	-3.12726552680378	-3.12726552680378	-3.12726552680378	-3.12726552680378	7.64774549072397	-3.12726552680378	6.44361231992544	12.1848279700685	9.72698569863226	-3.12726552680378	-3.12726552680378	-3.12726552680378	-3.12726552680378	-3.12726552680378	-3.12726552680378	-3.12726552680378	6.28036711289618	4.46912677726042	-3.12726552680378	-3.12726552680378	-3.12726552680378	-3.12726552680378	7.66001022684453	-3.12726552680378	-3.12726552680378	10.2207518481061	-3.12726552680378	-3.12726552680378	-3.12726552680378	-3.12726552680378	6.48860661772511	-3.12726552680378	-3.12726552680378	-3.12726552680378	-3.12726552680378	-3.12726552680378	-3.12726552680378	5.65090635422969	-3.12726552680378	-3.12726552680378	-3.12726552680378
HSMA33QO	5.80368850592887	-4.20780107040854	-4.20780107040854	-4.20780107040854	-4.20780107040854	-4.20780107040854	-4.20780107040854	-4.20780107040854	-4.20780107040854	-4.20780107040854	-4.20780107040854	-4.20780107040854	-4.20780107040854	-4.20780107040854	-4.20780107040854	-4.20780107040854	-4.20780107040854	9.46252300895125	9.86079312763584	8.89664474185301	9.99484835796804	11.6533164149747	7.99054681584575	9.06222512897152	-4.20780107040854	7.49567037123871	6.24007259941554	7.86742799566029	8.55997375645245	13.9070210166713	6.20283535492114	-4.20780107040854	10.916615386208	8.22385614472506	7.88252958012393	7.43721349758643	9.70441051786074	-4.20780107040854	-4.20780107040854	-4.20780107040854	-4.20780107040854	-4.20780107040854	-4.20780107040854	-4.20780107040854	-4.20780107040854	6.10185134535003	-4.20780107040854	-4.20780107040854	-4.20780107040854	3.06529152559098	-4.20780107040854	7.57148834193042	4.93757402271529	4.90393369781352	-4.20780107040854	-4.20780107040854	-4.20780107040854	5.96460613607838	-4.20780107040854	6.48824904098573	-4.20780107040854	-4.20780107040854	-4.20780107040854	7.22381672048874	-4.20780107040854	-4.20780107040854	6.15567134067821	-4.20780107040854	-4.20780107040854	-4.20780107040854	-4.20780107040854	-4.20780107040854	-4.20780107040854	-4.20780107040854	-4.20780107040854	-4.20780107040854	4.48519246081139	8.59526847308971	4.6081624904449	8.54402312571188	7.127802319506	-4.20780107040854	8.49324521750304	7.68082421244447	-4.20780107040854	-4.20780107040854	-4.20780107040854	-4.20780107040854	11.0852834164658	5.38922925434948	-4.20780107040854	4.95555251034331	-4.20780107040854	-4.20780107040854	8.10825090760349	-4.20780107040854	9.40375685687549	-4.20780107040854	-4.20780107040854	-4.20780107040854	-4.20780107040854	-4.20780107040854	-4.20780107040854	-4.20780107040854	-4.20780107040854	-4.20780107040854	-4.20780107040854	-4.20780107040854	-4.20780107040854	-4.20780107040854	-4.20780107040854	-4.20780107040854	-4.20780107040854	-4.20780107040854	4.81993770556637	-4.20780107040854	4.96805137110897	3.07220718247565	-4.20780107040854	-4.20780107040854	-4.20780107040854	7.29700149294214
HSMA33R7	-4.38742023244091	5.89693231133515	6.80172609658036	8.12374823232117	-4.38742023244091	-4.38742023244091	-4.38742023244091	-4.38742023244091	10.2031082342166	-4.38742023244091	-4.38742023244091	12.6691346434855	9.79900608597444	8.94941076902712	-4.38742023244091	9.84456197217749	-4.38742023244091	10.2237403926055	-4.38742023244091	-4.38742023244091	11.504324353627	12.8876409199319	8.88601652332311	10.169032413244	-4.38742023244091	-4.38742023244091	4.56168523709834	-4.38742023244091	-4.38742023244091	-4.38742023244091	8.50553249635572	-4.38742023244091	11.1544310641209	-4.38742023244091	9.55446831848348	-4.38742023244091	11.0077164497177	-4.38742023244091	-4.38742023244091	-4.38742023244091	-4.38742023244091	-4.38742023244091	-4.38742023244091	2.84314292096839	-4.38742023244091	-4.38742023244091	-4.38742023244091	-4.38742023244091	6.51100285995935	7.61556268300959	3.30924684908556	-4.38742023244091	4.79462354038016	6.05725724684263	-4.38742023244091	7.07936704874927	-4.38742023244091	6.65503749560228	-4.38742023244091	5.67054651738328	3.65848850982987	-4.38742023244091	5.84612617775356	7.47623956593098	-4.38742023244091	2.24721312542078	7.99067528669576	-4.38742023244091	-4.38742023244091	-4.38742023244091	-4.38742023244091	-4.38742023244091	-4.38742023244091	-4.38742023244091	-4.38742023244091	7.14060072017466	7.71872709992138	11.4440862153331	-4.38742023244091	-4.38742023244091	-4.38742023244091	-4.38742023244091	-4.38742023244091	-4.38742023244091	-4.38742023244091	-4.38742023244091	-4.38742023244091	-4.38742023244091	10.1792285454167	5.12013166220319	5.87482509343806	5.76257577371416	-4.38742023244091	-4.38742023244091	5.26123958451439	-4.38742023244091	-4.38742023244091	7.36861610345954	-4.38742023244091	-4.38742023244091	-4.38742023244091	-4.38742023244091	-4.38742023244091	-4.38742023244091	-4.38742023244091	-4.38742023244091	-4.38742023244091	6.20923950034267	-4.38742023244091	-4.38742023244091	-4.38742023244091	5.67567451460406	-4.38742023244091	-4.38742023244091	-4.38742023244091	-4.38742023244091	4.47916142086309	7.100505322728	-4.38742023244091	-4.38742023244091	-4.38742023244091	-4.38742023244091
HSMA33R9	-5.31827616448115	7.40364248160786	6.9337301884752	7.4460713703816	-5.31827616448115	-5.31827616448115	-5.31827616448115	3.03191748623891	10.0778984815	-5.31827616448115	-5.31827616448115	10.8801010271663	8.98168380319683	8.91252507218697	-5.31827616448115	8.91511609564636	-5.31827616448115	9.67028943159412	-5.31827616448115	6.05861191333872	10.8993209614288	11.1652679007234	6.95185519959974	9.37828378000702	-5.31827616448115	-5.31827616448115	7.54808725323587	-5.31827616448115	-5.31827616448115	-5.31827616448115	9.19411509576902	-5.31827616448115	10.954951484654	-5.31827616448115	8.78124799531721	-5.31827616448115	10.3347637561657	3.27791303316158	5.43943520851291	4.76256227819551	-5.31827616448115	-5.31827616448115	-5.31827616448115	-5.31827616448115	-5.31827616448115	-5.31827616448115	-5.31827616448115	-5.31827616448115	6.84822890774671	6.4542482064132	2.83392185138063	-5.31827616448115	4.84568925901587	6.2354168935296	-5.31827616448115	7.0064280454919	-5.31827616448115	7.21775109546824	5.25229689428706	5.95449945848261	7.14368211211105	-5.31827616448115	6.41579886513255	7.24200689051604	-5.31827616448115	-5.31827616448115	7.63484218443993	-5.31827616448115	-5.31827616448115	-5.31827616448115	-5.31827616448115	-5.31827616448115	-5.31827616448115	-5.31827616448115	-5.31827616448115	8.47897978738362	7.10922255834872	11.227925086756	5.75367617862192	7.90183260700302	-5.31827616448115	-5.31827616448115	-5.31827616448115	-5.31827616448115	-5.31827616448115	5.06116602487748	-5.31827616448115	-5.31827616448115	10.184126003456	5.14056094570043	6.4092847604226	4.52763523991738	-5.31827616448115	-5.31827616448115	6.31784875195648	-5.31827616448115	-5.31827616448115	-5.31827616448115	-5.31827616448115	-5.31827616448115	-5.31827616448115	-5.31827616448115	-5.31827616448115	4.60408220880523	-5.31827616448115	-5.31827616448115	-5.31827616448115	4.00993612808992	-5.31827616448115	-5.31827616448115	-5.31827616448115	5.38116332109059	-5.31827616448115	-5.31827616448115	-5.31827616448115	-5.31827616448115	-5.31827616448115	-5.31827616448115	6.38486461940213	5.70282532973022	-5.31827616448115	-5.31827616448115
HSMA33RX	7.38934969038676	-3.73748673221881	5.50638512296617	-3.73748673221881	-3.73748673221881	-3.73748673221881	-3.73748673221881	-3.73748673221881	10.8836873081469	-3.73748673221881	-3.73748673221881	-3.73748673221881	-3.73748673221881	-3.73748673221881	-3.73748673221881	-3.73748673221881	9.38948799654293	11.8876937738082	12.7679956601594	12.028968565667	13.6926790971073	12.7521649579024	8.33888147426402	-3.73748673221881	-3.73748673221881	-3.73748673221881	-3.73748673221881	-3.73748673221881	-3.73748673221881	-3.73748673221881	8.38537276844231	7.38374338485418	-3.73748673221881	7.73306344916874	11.5550271153117	-3.73748673221881	10.6485744668051	-3.73748673221881	-3.73748673221881	-3.73748673221881	-3.73748673221881	3.80207209708222	-3.73748673221881	-3.73748673221881	-3.73748673221881	-3.73748673221881	-3.73748673221881	-3.73748673221881	-3.73748673221881	4.0293538048667	-3.73748673221881	6.60396538651607	-3.73748673221881	-3.73748673221881	-3.73748673221881	-3.73748673221881	-3.73748673221881	-3.73748673221881	5.48290297561037	-3.73748673221881	-3.73748673221881	-3.73748673221881	-3.73748673221881	-3.73748673221881	7.34774335300163	-3.73748673221881	-3.73748673221881	6.2430081566781	-3.73748673221881	7.30240652197899	-3.73748673221881	-3.73748673221881	-3.73748673221881	-3.73748673221881	8.2669653223969	-3.73748673221881	-3.73748673221881	8.7593170825394	7.41663294875609	-3.73748673221881	5.73375529667419	-3.73748673221881	8.93602688675785	-3.73748673221881	-3.73748673221881	-3.73748673221881	-3.73748673221881	5.87035377821124	11.5775645027087	10.3461873955338	5.22580154339149	-3.73748673221881	-3.73748673221881	5.04988625651307	-3.73748673221881	-3.73748673221881	-3.73748673221881	-3.73748673221881	-3.73748673221881	-3.73748673221881	-3.73748673221881	-3.73748673221881	4.56179917467847	-3.73748673221881	-3.73748673221881	-3.73748673221881	7.2427253092274	-3.73748673221881	-3.73748673221881	-3.73748673221881	-3.73748673221881	-3.73748673221881	-3.73748673221881	9.59189244058478	-3.73748673221881	7.17816520957612	-3.73748673221881	7.70631370967569	-3.73748673221881	-3.73748673221881	9.33097152188777	-3.73748673221881
HSMA33SG	7.16655206644535	-6.52957905729615	-6.52957905729615	-6.52957905729615	5.60150599856099	4.27225926398147	3.06745126746187	-6.52957905729615	-6.52957905729615	-6.52957905729615	-6.52957905729615	-6.52957905729615	-6.52957905729615	-6.52957905729615	-6.52957905729615	6.80126245801787	-6.52957905729615	7.23456557206383	8.3458760699204	7.45824564998007	10.2082476165557	10.0155495022574	6.15061684514909	7.92627951674496	-6.52957905729615	6.36440458387372	5.14470816790968	6.85711741438844	6.11523549734625	8.85841721292659	5.89257627017765	-6.52957905729615	8.76964540622679	6.38371870795329	6.62337365912542	6.71523378436451	8.14444098949036	-6.52957905729615	-6.52957905729615	-6.52957905729615	-6.52957905729615	-6.52957905729615	-6.52957905729615	6.53129394863864	-6.52957905729615	-6.52957905729615	4.04917170670137	6.95702596422912	-6.52957905729615	6.10561337208845	-6.52957905729615	7.16021066890129	5.66483084203425	5.59929391862839	-6.52957905729615	6.25820908304501	-6.52957905729615	3.34607470431055	3.28731521265489	6.98770199913551	4.55932519503732	5.60134430487316	5.78494881034424	7.98969265320888	-6.52957905729615	3.91335072995185	7.16316594786308	-6.52957905729615	-6.52957905729615	2.95162779420326	4.14288181391792	-6.52957905729615	-6.52957905729615	-6.52957905729615	-6.52957905729615	-6.52957905729615	6.9901648357903	-6.52957905729615	4.08049002940118	7.98294669082442	8.35797425810223	-6.52957905729615	6.68614897223663	6.66307687996751	2.41692596870254	4.26551711446864	3.38786070885799	3.441613871594	10.184387217365	5.67032963001613	5.38259892420369	4.57479153114384	-6.52957905729615	-6.52957905729615	-6.52957905729615	-6.52957905729615	7.6327578055829	6.01179013400152	-6.52957905729615	-6.52957905729615	4.15210888683339	-6.52957905729615	-6.52957905729615	4.64480603393083	-6.52957905729615	-6.52957905729615	-6.52957905729615	-6.52957905729615	-6.52957905729615	-6.52957905729615	-6.52957905729615	-6.52957905729615	-6.52957905729615	-6.52957905729615	3.5620878615181	-6.52957905729615	6.31566229358565	8.67076254165716	-6.52957905729615	-6.52957905729615	-6.52957905729615	-6.52957905729615
HSMA33SK	7.41409227273136	-6.3371048054383	3.84971788530591	-6.3371048054383	4.78027122821114	3.22537021893439	4.07833773289437	-6.3371048054383	-6.3371048054383	-6.3371048054383	-6.3371048054383	-6.3371048054383	-6.3371048054383	-6.3371048054383	-6.3371048054383	-6.3371048054383	-6.3371048054383	7.84911446092134	8.43803601127479	7.24687840520191	8.10239629819047	10.419807017243	5.61227396851645	7.83177794839181	-6.3371048054383	5.98332724402588	4.95867160526538	6.87393040297189	3.70314018045268	8.90117210058713	7.38823046655988	-6.3371048054383	9.06913392424573	7.2718869904072	6.27536917646821	7.70551024892965	8.51696756702334	-6.3371048054383	4.90795428618631	-6.3371048054383	-6.3371048054383	-6.3371048054383	-6.3371048054383	6.00083347110555	-6.3371048054383	-6.3371048054383	3.59453279051417	6.36665047188169	-6.3371048054383	5.74267305707471	-6.3371048054383	-6.3371048054383	7.20047729190947	5.7961874478523	-6.3371048054383	6.80400377764387	-6.3371048054383	4.48608764407177	-6.3371048054383	6.7287538267911	0.794593705028607	6.38481384065071	6.70061747455208	7.67235198025735	-6.3371048054383	1.64599413527259	8.06720357270491	-6.3371048054383	-6.3371048054383	2.11842572558583	-6.3371048054383	-6.3371048054383	-6.3371048054383	-6.3371048054383	-6.3371048054383	-6.3371048054383	7.7953172040334	-6.3371048054383	5.02837577882527	-6.3371048054383	8.28777074441757	-6.3371048054383	8.60533367620134	7.25164441490758	-6.3371048054383	5.50664124131051	-6.3371048054383	2.99465642174222	10.5518224629097	5.39077880160215	5.26283286985454	3.6109258098485	-6.3371048054383	-6.3371048054383	9.72163259027285	5.89770591728121	8.70503328949671	4.74073619734899	3.36799278212481	-6.3371048054383	-6.3371048054383	-6.3371048054383	-6.3371048054383	6.49821895975912	-6.3371048054383	-6.3371048054383	-6.3371048054383	-6.3371048054383	3.22043576651407	2.20008707248462	1.37310038899423	3.37103673918112	-6.3371048054383	-6.3371048054383	2.79969666320301	-6.3371048054383	5.19983987470944	-6.3371048054383	-6.3371048054383	-6.3371048054383	-6.3371048054383	-6.3371048054383
MSM5LLDA	8.58941332772882	7.29488880533669	9.53997466074137	-4.69911004244993	7.54218977573207	-4.69911004244993	2.94149378394371	-4.69911004244993	9.81245396876956	10.2169911792407	-4.69911004244993	-4.69911004244993	7.77802355686579	-4.69911004244993	-4.69911004244993	10.8087835656478	-4.69911004244993	7.79698318907657	12.9688410396589	-4.69911004244993	-4.69911004244993	9.41356077767524	7.77063754669398	-4.69911004244993	-4.69911004244993	-4.69911004244993	-4.69911004244993	-4.69911004244993	-4.69911004244993	-4.69911004244993	9.69944316758325	-4.69911004244993	11.2914477615087	-4.69911004244993	10.5491826303851	-4.69911004244993	9.89436713084619	-4.69911004244993	1.73222103948355	-4.69911004244993	-4.69911004244993	-4.69911004244993	-4.69911004244993	4.14175958164147	-4.69911004244993	-4.69911004244993	6.73359186516111	3.78576654748977	8.98397822189779	-4.69911004244993	-4.69911004244993	8.25104288816716	-4.69911004244993	9.30419125568855	-4.69911004244993	-4.69911004244993	-4.69911004244993	5.14521119941699	4.92472974266274	-4.69911004244993	-4.69911004244993	-4.69911004244993	5.39214255749859	-4.69911004244993	4.65455114897048	-4.69911004244993	8.08540294912167	-4.69911004244993	-4.69911004244993	-4.69911004244993	-4.69911004244993	-4.69911004244993	-4.69911004244993	6.92795627792786	5.22226654292194	-4.69911004244993	8.13464016249685	8.08702786788308	-4.69911004244993	-4.69911004244993	-4.69911004244993	-4.69911004244993	-4.69911004244993	-4.69911004244993	-4.69911004244993	-4.69911004244993	5.37626987138962	-4.69911004244993	11.5352173081317	9.34361656294756	-4.69911004244993	-4.69911004244993	10.4352136299238	5.18473586983091	-4.69911004244993	-4.69911004244993	-4.69911004244993	4.34293001409456	-4.69911004244993	-4.69911004244993	5.03424140815605	-4.69911004244993	6.74039490632227	-4.69911004244993	-4.69911004244993	-4.69911004244993	-4.69911004244993	6.34558621805136	-4.69911004244993	3.89522935814297	-4.69911004244993	2.58776636930077	-4.69911004244993	-4.69911004244993	5.36781351893813	-4.69911004244993	5.34287778733131	8.11621445581367	4.67088014705579	-4.69911004244993	-4.69911004244993	-4.69911004244993
MSM5LLDI	8.23098036689582	5.78546131050264	9.06454199375764	-3.88615723440092	7.06009509805759	-3.88615723440092	-3.88615723440092	-3.88615723440092	10.8591172825093	12.0896615794839	-3.88615723440092	-3.88615723440092	10.2695621418885	-3.88615723440092	-3.88615723440092	12.0010135441367	-3.88615723440092	10.2608711645528	13.7408629580354	-3.88615723440092	-3.88615723440092	-3.88615723440092	10.0976275097537	-3.88615723440092	-3.88615723440092	-3.88615723440092	-3.88615723440092	-3.88615723440092	-3.88615723440092	-3.88615723440092	10.7189059929485	-3.88615723440092	12.4552564326517	-3.88615723440092	12.2867372543416	-3.88615723440092	10.3411125818841	-3.88615723440092	-3.88615723440092	-3.88615723440092	-3.88615723440092	-3.88615723440092	-3.88615723440092	6.09016247678488	-3.88615723440092	4.98604952162738	7.36203416032893	-3.88615723440092	6.6192116296299	5.98692265571378	-3.88615723440092	9.10132755760779	-3.88615723440092	7.0491081186161	-3.88615723440092	-3.88615723440092	-3.88615723440092	5.17463850029525	7.76034587212433	7.30202098678052	-3.88615723440092	-3.88615723440092	4.12718594698575	-3.88615723440092	7.07877711357131	-3.88615723440092	8.62486380894572	-3.88615723440092	-3.88615723440092	-3.88615723440092	-3.88615723440092	-3.88615723440092	2.59235240780765	5.7592717707495	6.08783537902056	-3.88615723440092	-3.88615723440092	-3.88615723440092	-3.88615723440092	-3.88615723440092	-3.88615723440092	-3.88615723440092	-3.88615723440092	-3.88615723440092	-3.88615723440092	-3.88615723440092	-3.88615723440092	-3.88615723440092	9.76972550489184	9.54351582743708	-3.88615723440092	-3.88615723440092	-3.88615723440092	-3.88615723440092	-3.88615723440092	-3.88615723440092	-3.88615723440092	7.39610900721344	-3.88615723440092	-3.88615723440092	-3.88615723440092	-3.88615723440092	4.17564504013743	-3.88615723440092	-3.88615723440092	-3.88615723440092	-3.88615723440092	6.61701810512887	-3.88615723440092	-3.88615723440092	-3.88615723440092	-3.88615723440092	-3.88615723440092	5.16530463250777	5.6273201645819	-3.88615723440092	6.51874176729058	6.88759805369704	-3.88615723440092	-3.88615723440092	-3.88615723440092	-3.88615723440092
MSM5LLDS	6.57141294174117	-2.92868235284773	9.75107775328181	-2.92868235284773	7.44640131026239	-2.92868235284773	-2.92868235284773	-2.92868235284773	11.7541055679129	12.0860520509682	-2.92868235284773	-2.92868235284773	11.4715551939802	-2.92868235284773	-2.92868235284773	13.1179206261529	-2.92868235284773	11.3498770810333	14.9822190697733	-2.92868235284773	-2.92868235284773	-2.92868235284773	11.2204757417407	-2.92868235284773	-2.92868235284773	-2.92868235284773	-2.92868235284773	-2.92868235284773	-2.92868235284773	-2.92868235284773	11.0955896276525	-2.92868235284773	12.8603814529993	-2.92868235284773	12.3655538332179	-2.92868235284773	11.8712301933025	-2.92868235284773	-2.92868235284773	-2.92868235284773	-2.92868235284773	-2.92868235284773	-2.92868235284773	7.96529389966652	-2.92868235284773	-2.92868235284773	-2.92868235284773	-2.92868235284773	9.00269683511131	-2.92868235284773	-2.92868235284773	8.27023075349136	-2.92868235284773	5.29574922037343	-2.92868235284773	-2.92868235284773	-2.92868235284773	-2.92868235284773	-2.92868235284773	-2.92868235284773	-2.92868235284773	-2.92868235284773	-2.92868235284773	-2.92868235284773	-2.92868235284773	-2.92868235284773	6.95720115374004	-2.92868235284773	-2.92868235284773	-2.92868235284773	-2.92868235284773	-2.92868235284773	-2.92868235284773	7.70887836936097	7.8660037391508	-2.92868235284773	8.74398669390321	9.62568875162263	-2.92868235284773	-2.92868235284773	-2.92868235284773	-2.92868235284773	-2.92868235284773	-2.92868235284773	-2.92868235284773	-2.92868235284773	-2.92868235284773	-2.92868235284773	11.3018151694575	10.127714283999	-2.92868235284773	-2.92868235284773	11.2059297263737	-2.92868235284773	-2.92868235284773	-2.92868235284773	-2.92868235284773	-2.92868235284773	-2.92868235284773	-2.92868235284773	-2.92868235284773	-2.92868235284773	-2.92868235284773	-2.92868235284773	-2.92868235284773	-2.92868235284773	-2.92868235284773	-2.92868235284773	-2.92868235284773	-2.92868235284773	-2.92868235284773	-2.92868235284773	-2.92868235284773	-2.92868235284773	7.66672662932253	-2.92868235284773	5.61437349809424	-2.92868235284773	-2.92868235284773	-2.92868235284773	-2.92868235284773	-2.92868235284773
MSM5LLF4	-1.88309511067342	11.1953184690637	8.32386173771482	-1.88309511067342	-1.88309511067342	-1.88309511067342	-1.88309511067342	-1.88309511067342	-1.88309511067342	-1.88309511067342	-1.88309511067342	-1.88309511067342	-1.88309511067342	-1.88309511067342	-1.88309511067342	-1.88309511067342	-1.88309511067342	-1.88309511067342	-1.88309511067342	-1.88309511067342	-1.88309511067342	-1.88309511067342	-1.88309511067342	-1.88309511067342	-1.88309511067342	-1.88309511067342	-1.88309511067342	-1.88309511067342	-1.88309511067342	8.67871523126847	-1.88309511067342	-1.88309511067342	-1.88309511067342	-1.88309511067342	-1.88309511067342	-1.88309511067342	-1.88309511067342	-1.88309511067342	-1.88309511067342	6.61409943423613	-1.88309511067342	-1.88309511067342	-1.88309511067342	-1.88309511067342	13.7359801266794	-1.88309511067342	-1.88309511067342	-1.88309511067342	-1.88309511067342	-1.88309511067342	-1.88309511067342	-1.88309511067342	-1.88309511067342	-1.88309511067342	8.75422560769407	-1.88309511067342	-1.88309511067342	-1.88309511067342	12.6334171997782	-1.88309511067342	-1.88309511067342	-1.88309511067342	-1.88309511067342	12.592207995553	-1.88309511067342	-1.88309511067342	-1.88309511067342	-1.88309511067342	-1.88309511067342	-1.88309511067342	-1.88309511067342	-1.88309511067342	-1.88309511067342	-1.88309511067342	-1.88309511067342	-1.88309511067342	-1.88309511067342	15.2164136603131	-1.88309511067342	11.54202267864	-1.88309511067342	-1.88309511067342	-1.88309511067342	-1.88309511067342	11.3756348862983	-1.88309511067342	-1.88309511067342	-1.88309511067342	-1.88309511067342	14.0731144693134	-1.88309511067342	-1.88309511067342	-1.88309511067342	-1.88309511067342	-1.88309511067342	-1.88309511067342	-1.88309511067342	-1.88309511067342	-1.88309511067342	12.0996411326144	9.96057910009128	-1.88309511067342	-1.88309511067342	-1.88309511067342	11.5443250214042	-1.88309511067342	-1.88309511067342	-1.88309511067342	-1.88309511067342	-1.88309511067342	-1.88309511067342	15.1654474391402	-1.88309511067342	-1.88309511067342	-1.88309511067342	-1.88309511067342	-1.88309511067342	14.2199824309068	-1.88309511067342	-1.88309511067342	-1.88309511067342	-1.88309511067342
MSM6J2HF	-2.93937591781461	-2.93937591781461	-2.93937591781461	-2.93937591781461	-2.93937591781461	-2.93937591781461	-2.93937591781461	-2.93937591781461	6.54942917706374	9.8674846203041	-2.93937591781461	-2.93937591781461	-2.93937591781461	-2.93937591781461	-2.93937591781461	12.1109463008845	-2.93937591781461	-2.93937591781461	-2.93937591781461	5.91013804767179	14.1777702534666	14.9370746133966	12.0448763541826	-2.93937591781461	4.64183390838173	-2.93937591781461	-2.93937591781461	-2.93937591781461	-2.93937591781461	-2.93937591781461	7.29811654427887	-2.93937591781461	8.04813468274632	-2.93937591781461	7.05125217003652	-2.93937591781461	-2.93937591781461	-2.93937591781461	-2.93937591781461	-2.93937591781461	-2.93937591781461	-2.93937591781461	-2.93937591781461	-2.93937591781461	-2.93937591781461	-2.93937591781461	-2.93937591781461	-2.93937591781461	-2.93937591781461	-2.93937591781461	-2.93937591781461	-2.93937591781461	9.14628461406035	9.95065431298965	-2.93937591781461	9.73498325859132	-2.93937591781461	-2.93937591781461	8.60544542213918	-2.93937591781461	-2.93937591781461	-2.93937591781461	5.20704340528339	8.94622283243879	-2.93937591781461	-2.93937591781461	10.263684107244	-2.93937591781461	-2.93937591781461	5.98740719628674	-2.93937591781461	-2.93937591781461	-2.93937591781461	8.49397589612448	-2.93937591781461	9.87627478175613	-2.93937591781461	-2.93937591781461	11.3967963308152	11.533655161201	6.7397798777705	-2.93937591781461	-2.93937591781461	-2.93937591781461	-2.93937591781461	7.06671334838224	-2.93937591781461	-2.93937591781461	10.7037804437668	10.6561000011555	-2.93937591781461	-2.93937591781461	-2.93937591781461	-2.93937591781461	7.23646431004827	-2.93937591781461	-2.93937591781461	-2.93937591781461	-2.93937591781461	-2.93937591781461	-2.93937591781461	-2.93937591781461	-2.93937591781461	-2.93937591781461	-2.93937591781461	-2.93937591781461	-2.93937591781461	7.18929310806129	-2.93937591781461	-2.93937591781461	-2.93937591781461	-2.93937591781461	-2.93937591781461	-2.93937591781461	-2.93937591781461	-2.93937591781461	-2.93937591781461	9.05096935841592	-2.93937591781461	-2.93937591781461	-2.93937591781461	-2.93937591781461
MSM6J2HT	-3.960177242378	-3.960177242378	-3.960177242378	-3.960177242378	5.38914215687964	-3.960177242378	-3.960177242378	-3.960177242378	11.4819883589368	9.17768736771178	-3.960177242378	-3.960177242378	-3.960177242378	-3.960177242378	-3.960177242378	9.95107158556511	-3.960177242378	8.72123166361238	12.7637873219932	9.81811004621328	13.0272831795778	13.0843163302918	11.5227327304095	10.9049167616035	-3.960177242378	-3.960177242378	-3.960177242378	-3.960177242378	-3.960177242378	-3.960177242378	10.2162131067511	-3.960177242378	11.8829578731454	7.22717042546878	9.96547926278006	6.74196549549885	10.5792623365793	-3.960177242378	-3.960177242378	-3.960177242378	-3.960177242378	-3.960177242378	-3.960177242378	-3.960177242378	-3.960177242378	-3.960177242378	4.2880902050689	-3.960177242378	3.95590085392479	6.12233477083279	-3.960177242378	6.3889892278796	2.91814922591333	6.46243143094823	-3.960177242378	3.2484230955822	-3.960177242378	5.85780688654419	-3.960177242378	6.69380616423528	-3.960177242378	-3.960177242378	4.96793283582465	5.60860650893288	-3.960177242378	-3.960177242378	7.7483232297866	-3.960177242378	-3.960177242378	-3.960177242378	-3.960177242378	-3.960177242378	-3.960177242378	-3.960177242378	-3.960177242378	-3.960177242378	6.60602405609712	-3.960177242378	5.20736000727287	7.54149514353099	4.64337711468628	-3.960177242378	-3.960177242378	-3.960177242378	-3.960177242378	4.0126335417434	-3.960177242378	-3.960177242378	8.74339563695516	5.20002706010439	5.31229250106373	-3.960177242378	-3.960177242378	-3.960177242378	5.9483476016754	6.85299929839772	7.02547134938441	-3.960177242378	-3.960177242378	-3.960177242378	-3.960177242378	-3.960177242378	-3.960177242378	-3.960177242378	-3.960177242378	7.76342235280804	-3.960177242378	-3.960177242378	-3.960177242378	-3.960177242378	-3.960177242378	-3.960177242378	-3.960177242378	-3.960177242378	-3.960177242378	-3.960177242378	5.24122328802871	-3.960177242378	-3.960177242378	-3.960177242378	-3.960177242378	-3.960177242378
MSM6J2IG	-4.79040996597003	-4.79040996597003	-4.79040996597003	-4.79040996597003	-4.79040996597003	-4.79040996597003	-4.79040996597003	-4.79040996597003	11.2423871311882	-4.79040996597003	-4.79040996597003	-4.79040996597003	-4.79040996597003	-4.79040996597003	-4.79040996597003	-4.79040996597003	-4.79040996597003	11.1165461710593	9.80770494780599	10.3658877815224	11.905754225964	11.8414705857716	-4.79040996597003	-4.79040996597003	-4.79040996597003	-4.79040996597003	-4.79040996597003	-4.79040996597003	9.35837558000187	-4.79040996597003	-4.79040996597003	-4.79040996597003	11.108333811171	-4.79040996597003	-4.79040996597003	-4.79040996597003	10.8788877766737	6.44069620681679	4.02258226599993	-4.79040996597003	7.49392380115125	-4.79040996597003	-4.79040996597003	-4.79040996597003	4.83409093248154	8.32858976069864	5.38161506517019	-4.79040996597003	9.32874779088671	-4.79040996597003	-4.79040996597003	-4.79040996597003	-4.79040996597003	8.85920065922329	-4.79040996597003	-4.79040996597003	-4.79040996597003	6.85241154174038	8.08097863974927	7.60608053932824	-4.79040996597003	-4.79040996597003	-4.79040996597003	7.69303301836063	9.48757028729683	-4.79040996597003	10.1056035589148	5.69056135847232	-4.79040996597003	6.93083775555476	4.67929016145334	9.80077707838611	6.55941993269113	-4.79040996597003	4.19064301993145	9.33059876107255	8.81366449026185	10.9413996274398	6.9251379249603	-4.79040996597003	5.86828365401006	-4.79040996597003	-4.79040996597003	-4.79040996597003	-4.79040996597003	5.94361433242134	3.7833525769341	4.14034876958824	8.8345222415032	9.00979505760063	-4.79040996597003	9.14999693465433	8.19142847805552	-4.79040996597003	-4.79040996597003	-4.79040996597003	-4.79040996597003	8.01855960726661	-4.79040996597003	4.20438293131357	-4.79040996597003	3.47085818460761	-4.79040996597003	-4.79040996597003	-4.79040996597003	-4.79040996597003	8.20757089704385	-4.79040996597003	-4.79040996597003	-4.79040996597003	-4.79040996597003	-4.79040996597003	-4.79040996597003	-4.79040996597003	-4.79040996597003	-4.79040996597003	-4.79040996597003	9.24564155952344	-4.79040996597003	-4.79040996597003	-4.79040996597003	-4.79040996597003
MSM6J2IQ	-3.56795121245122	-3.56795121245122	8.80740418626061	-3.56795121245122	9.5613699036539	-3.56795121245122	4.1195875537504	-3.56795121245122	-3.56795121245122	-3.56795121245122	13.069953252329	12.5562399232362	-3.56795121245122	-3.56795121245122	-3.56795121245122	-3.56795121245122	-3.56795121245122	9.0120305124826	-3.56795121245122	11.7678383402782	13.0694494702653	13.2078162951785	-3.56795121245122	-3.56795121245122	-3.56795121245122	-3.56795121245122	-3.56795121245122	-3.56795121245122	-3.56795121245122	-3.56795121245122	-3.56795121245122	-3.56795121245122	-3.56795121245122	-3.56795121245122	-3.56795121245122	-3.56795121245122	-3.56795121245122	-3.56795121245122	-3.56795121245122	-3.56795121245122	-3.56795121245122	-3.56795121245122	6.58087181890561	-3.56795121245122	-3.56795121245122	-3.56795121245122	-3.56795121245122	-3.56795121245122	10.4452874430501	-3.56795121245122	-3.56795121245122	-3.56795121245122	-3.56795121245122	5.59540236830062	-3.56795121245122	6.18186054748086	-3.56795121245122	-3.56795121245122	-3.56795121245122	-3.56795121245122	-3.56795121245122	-3.56795121245122	6.9787314317022	-3.56795121245122	6.9374176515796	-3.56795121245122	5.90406087654451	-3.56795121245122	-3.56795121245122	-3.56795121245122	-3.56795121245122	7.27595367073529	6.73165793318992	7.73512938047357	7.68841609991504	-3.56795121245122	11.7038789450457	10.1076890472676	-3.56795121245122	11.0079683668571	9.78089573219887	-3.56795121245122	-3.56795121245122	-3.56795121245122	-3.56795121245122	-3.56795121245122	6.76767583560726	-3.56795121245122	13.2274600078397	9.97171493070315	-3.56795121245122	-3.56795121245122	-3.56795121245122	-3.56795121245122	9.35737729629935	-3.56795121245122	3.33076332187876	-3.56795121245122	7.40422192551086	-3.56795121245122	5.84295984998678	-3.56795121245122	-3.56795121245122	-3.56795121245122	4.61823478177486	-3.56795121245122	-3.56795121245122	8.6492146749169	-3.56795121245122	-3.56795121245122	-3.56795121245122	-3.56795121245122	-3.56795121245122	-3.56795121245122	-3.56795121245122	-3.56795121245122	6.18302598086258	-3.56795121245122	5.90713520069368	-3.56795121245122	-3.56795121245122	9.75710971404987
MSM6J2J1	-4.05437853944318	-4.05437853944318	8.45771081710184	-4.05437853944318	8.12715035741584	-4.05437853944318	-4.05437853944318	-4.05437853944318	-4.05437853944318	-4.05437853944318	-4.05437853944318	11.2212647261633	-4.05437853944318	-4.05437853944318	-4.05437853944318	11.551407220102	-4.05437853944318	6.62270651055019	-4.05437853944318	9.54597027763604	12.7160631827534	12.9976014050447	-4.05437853944318	-4.05437853944318	-4.05437853944318	-4.05437853944318	-4.05437853944318	-4.05437853944318	-4.05437853944318	5.11836380211768	-4.05437853944318	-4.05437853944318	-4.05437853944318	8.95280067231468	9.82449265872921	-4.05437853944318	-4.05437853944318	-4.05437853944318	-4.05437853944318	-4.05437853944318	4.75264441648229	-4.05437853944318	-4.05437853944318	6.62362878586861	-4.05437853944318	-4.05437853944318	-4.05437853944318	-4.05437853944318	10.627682354899	6.11074224118768	-4.05437853944318	-4.05437853944318	-4.05437853944318	7.79309588526497	-4.05437853944318	7.03742488484283	-4.05437853944318	3.35475790447694	-4.05437853944318	-4.05437853944318	-4.05437853944318	-4.05437853944318	8.58672125267742	-4.05437853944318	-4.05437853944318	-4.05437853944318	7.08022508324072	-4.05437853944318	-4.05437853944318	4.28392719191338	4.6502895740078	4.31917520177144	4.27913216953976	-4.05437853944318	6.69328056308908	-4.05437853944318	11.8842424185561	11.4739512693331	-4.05437853944318	11.6400734196379	7.56705149346856	-4.05437853944318	-4.05437853944318	-4.05437853944318	5.59814452357633	-4.05437853944318	-4.05437853944318	-4.05437853944318	12.5666519447181	9.20917358804885	-4.05437853944318	-4.05437853944318	-4.05437853944318	-4.05437853944318	8.71655610854237	-4.05437853944318	6.06224263177783	-4.05437853944318	7.40325617827626	-4.05437853944318	-4.05437853944318	-4.05437853944318	-4.05437853944318	-4.05437853944318	-4.05437853944318	-4.05437853944318	-4.05437853944318	7.26751958311213	-4.05437853944318	5.58455735803002	5.33167829027482	6.96147626699339	-4.05437853944318	-4.05437853944318	-4.05437853944318	-4.05437853944318	-4.05437853944318	5.16204330284887	6.1263997824776	-4.05437853944318	-4.05437853944318	4.46700585659152
MSM6J2J5	-5.54258831743849	-5.54258831743849	-5.54258831743849	-5.54258831743849	3.32116887416575	-5.54258831743849	-5.54258831743849	-5.54258831743849	-5.54258831743849	8.84266429857448	-5.54258831743849	-5.54258831743849	-5.54258831743849	-5.54258831743849	10.2513923703242	-5.54258831743849	9.80920240612213	9.05306833966442	6.46503948691023	8.41437058621016	10.0917991848653	11.3854944829662	9.34234976699065	9.83456410449365	-5.54258831743849	4.04213920707499	4.00857196915232	8.83661598798444	-5.54258831743849	-5.54258831743849	7.37841990809461	4.61635507587909	10.4838131182288	8.36092487605629	9.1558427278315	-5.54258831743849	-5.54258831743849	-5.54258831743849	6.89408401322519	6.44003447987336	-5.54258831743849	-5.54258831743849	-5.54258831743849	5.74407624231494	-5.54258831743849	4.76706409832007	6.18585973291458	-5.54258831743849	9.26531846247142	-5.54258831743849	5.88664027150994	-5.54258831743849	6.22079231786736	5.73803932342604	6.27480996316583	3.20904438503381	-5.54258831743849	5.01012065108918	-5.54258831743849	4.63096453952125	-5.54258831743849	5.62954961339285	3.57684217917785	5.55073761745663	-5.54258831743849	3.96644824825257	7.28715012500489	-5.54258831743849	-5.54258831743849	-5.54258831743849	-5.54258831743849	-5.54258831743849	-5.54258831743849	-5.54258831743849	4.11889136613703	-5.54258831743849	8.50407443686051	8.80954484245569	7.99723593035777	9.42058846809552	7.27788858089807	-5.54258831743849	9.03963628257976	-5.54258831743849	-5.54258831743849	9.14898288600084	-5.54258831743849	-5.54258831743849	10.7778774840898	5.55922110291472	-5.54258831743849	3.51471741836863	-5.54258831743849	-5.54258831743849	6.91265033906487	-5.54258831743849	5.90932307488917	-5.54258831743849	-5.54258831743849	-5.54258831743849	-5.54258831743849	-5.54258831743849	-5.54258831743849	-5.54258831743849	-5.54258831743849	-5.54258831743849	-5.54258831743849	7.15708545831678	-5.54258831743849	3.73737139641775	-5.54258831743849	-5.54258831743849	-5.54258831743849	7.88179041833231	-5.54258831743849	-5.54258831743849	-5.54258831743849	-5.54258831743849	-5.54258831743849	-5.54258831743849	5.15775306443122	-5.54258831743849
MSM6J2JR	7.72072127894854	6.73242126880795	5.34596030453107	-5.81770551225455	6.57227493132345	-5.81770551225455	-5.81770551225455	4.50320865678898	11.4582315975671	-5.81770551225455	-5.81770551225455	-5.81770551225455	-5.81770551225455	-5.81770551225455	-5.81770551225455	9.08957766373406	-5.81770551225455	8.20623366144747	-5.81770551225455	7.95705700678802	10.0905675925183	10.5364033989016	8.70032863008198	-5.81770551225455	-5.81770551225455	-5.81770551225455	-5.81770551225455	6.33233103058531	-5.81770551225455	-5.81770551225455	7.18002618094655	3.92860177589395	-5.81770551225455	-5.81770551225455	8.19172656206992	-5.81770551225455	9.23119033089314	-5.81770551225455	-5.81770551225455	-5.81770551225455	-5.81770551225455	-5.81770551225455	-5.81770551225455	5.7936253374273	4.46493739559938	4.86444155816573	2.61632343790092	-5.81770551225455	-5.81770551225455	7.00382570808848	5.41736939217718	5.4325686470558	-5.81770551225455	6.8653184463742	4.2290595349852	-5.81770551225455	-5.81770551225455	7.27479847773703	2.50128061313751	6.398173889466	-5.81770551225455	-5.81770551225455	5.9968123267588	-5.81770551225455	1.54810732495492	3.96480014372079	7.21641882580009	1.52894965092199	-5.81770551225455	5.85385484911298	-5.81770551225455	5.16624733034364	1.82769218717408	2.91637168030475	4.40099415941218	-5.81770551225455	6.76058909360234	6.97621212980975	3.60378679818346	5.11649015033581	6.19709160909352	2.35163088367383	-5.81770551225455	-5.81770551225455	2.60978176607719	4.70045403396508	3.06426967199431	4.51759692371252	7.24148587654783	7.31601512660384	2.72924063731103	1.83246318859045	-5.81770551225455	-5.81770551225455	-5.81770551225455	8.49577093641345	-5.81770551225455	7.78820807376059	-5.81770551225455	-5.81770551225455	-5.81770551225455	-5.81770551225455	-5.81770551225455	-5.81770551225455	-5.81770551225455	-5.81770551225455	-5.81770551225455	6.14598342145113	-5.81770551225455	-5.81770551225455	-5.81770551225455	-5.81770551225455	-5.81770551225455	5.65991396700819	-5.81770551225455	4.70423261393789	-5.81770551225455	6.42735224175322	-5.81770551225455	-5.81770551225455	4.4511540548233	11.1314802604327
MSM6J2K6	3.8814933280682	-5.82907672846057	-5.82907672846057	-5.82907672846057	4.89311077755625	-5.82907672846057	-5.82907672846057	-5.82907672846057	8.66988970066153	6.23825670153102	8.00794186451023	6.30850827507559	7.70900699191219	8.06211720291808	-5.82907672846057	7.37121203976004	7.96666062177476	6.60038343862065	-5.82907672846057	7.03371508126594	8.9912741214238	9.92215236288472	-5.82907672846057	8.98131427550581	3.98454081964651	6.88796453061207	4.79616975662474	7.12907452209016	-5.82907672846057	12.1595897415894	5.96179103094047	5.14960094279917	8.82795834185763	7.12271420027229	8.58164894612307	7.46964211059921	-5.82907672846057	-5.82907672846057	-5.82907672846057	-5.82907672846057	-5.82907672846057	-5.82907672846057	-5.82907672846057	4.02894263602841	-5.82907672846057	-5.82907672846057	-5.82907672846057	-5.82907672846057	4.22588650069841	4.05629776864863	1.80671013293501	5.04331298122092	3.26932599027475	5.13516547018743	-5.82907672846057	5.04766772909038	-5.82907672846057	2.4751707366179	-5.82907672846057	4.95094149737583	0.905514931512377	3.81699927464202	4.5172038294497	4.51334294501663	-5.82907672846057	-5.82907672846057	4.86855652059021	-5.82907672846057	0.664677111391115	3.70486772514346	-5.82907672846057	-5.82907672846057	-5.82907672846057	-5.82907672846057	-5.82907672846057	-5.82907672846057	7.84633347987527	7.61978214007723	4.07994547957403	7.77024230674213	7.34906377591275	-5.82907672846057	7.63420754700928	4.55005476680497	-5.82907672846057	-5.82907672846057	-5.82907672846057	-5.82907672846057	8.35837731375447	5.03224648908686	3.50886498810933	-5.82907672846057	8.07936937390997	-5.82907672846057	3.62035928104375	6.39621504082737	5.69123141733338	3.14693274656083	-5.82907672846057	-5.82907672846057	-5.82907672846057	-5.82907672846057	-5.82907672846057	3.0802936767369	-5.82907672846057	-5.82907672846057	6.710682133481	-5.82907672846057	-5.82907672846057	-5.82907672846057	-5.82907672846057	-5.82907672846057	-5.82907672846057	3.36116297180861	-5.82907672846057	-5.82907672846057	-5.82907672846057	-5.82907672846057	-5.82907672846057	-5.82907672846057	-5.82907672846057	-5.82907672846057
MSM6J2KE	-3.74110197898249	-3.74110197898249	-3.74110197898249	-3.74110197898249	-3.74110197898249	-3.74110197898249	-3.74110197898249	-3.74110197898249	9.17789841533698	-3.74110197898249	9.53467066060981	-3.74110197898249	-3.74110197898249	-3.74110197898249	-3.74110197898249	8.10019874466434	-3.74110197898249	8.17047208103562	-3.74110197898249	7.31423842611547	10.3736913523498	10.480480836071	7.69181661100553	7.08129287921095	-3.74110197898249	-3.74110197898249	7.29170487233418	8.38674422513021	-3.74110197898249	14.4348211920249	-3.74110197898249	-3.74110197898249	2.93219598878516	4.82125576438812	8.38468751330276	-3.74110197898249	7.10358352913389	5.30918700484546	-3.74110197898249	-3.74110197898249	-3.74110197898249	-3.74110197898249	-3.74110197898249	-3.74110197898249	-3.74110197898249	-3.74110197898249	5.85116189251882	-3.74110197898249	9.3928163817254	-3.74110197898249	-3.74110197898249	-3.74110197898249	8.05625779014501	6.42824372727538	-3.74110197898249	7.09849854037488	-3.74110197898249	-3.74110197898249	-3.74110197898249	5.89195385450838	-3.74110197898249	-3.74110197898249	5.21059718932632	7.90636312016588	-3.74110197898249	-3.74110197898249	6.21502546087781	-3.74110197898249	-3.74110197898249	-3.74110197898249	-3.74110197898249	-3.74110197898249	-3.74110197898249	-3.74110197898249	-3.74110197898249	8.8095917537732	8.70328259417376	10.9150878705987	8.36238961792344	-3.74110197898249	8.75671074414779	-3.74110197898249	8.61305009643542	6.10480942541604	-3.74110197898249	4.47255072404751	-3.74110197898249	-3.74110197898249	11.7185417879927	-3.74110197898249	-3.74110197898249	-3.74110197898249	5.32663742439467	-3.74110197898249	-3.74110197898249	6.44609727450152	-3.74110197898249	-3.74110197898249	-3.74110197898249	-3.74110197898249	-3.74110197898249	-3.74110197898249	-3.74110197898249	-3.74110197898249	-3.74110197898249	-3.74110197898249	-3.74110197898249	-3.74110197898249	-3.74110197898249	-3.74110197898249	-3.74110197898249	-3.74110197898249	-3.74110197898249	-3.74110197898249	6.09362481798284	-3.74110197898249	-3.74110197898249	-3.74110197898249	5.99698012913599	-3.74110197898249	-3.74110197898249	7.81114996277862
MSM6J2LB	10.2661830745267	7.54648726419683	11.2651320209256	-3.08891134695003	8.05426840830273	-3.08891134695003	-3.08891134695003	-3.08891134695003	10.8788575300271	12.5099216887133	-3.08891134695003	-3.08891134695003	9.80283310804576	-3.08891134695003	-3.08891134695003	11.678010338139	-3.08891134695003	10.0008482569897	14.57391068834	-3.08891134695003	-3.08891134695003	13.1806102178873	10.2045626454923	-3.08891134695003	-3.08891134695003	-3.08891134695003	-3.08891134695003	-3.08891134695003	-3.08891134695003	-3.08891134695003	11.1094307685415	-3.08891134695003	12.8968192024305	-3.08891134695003	11.3856781018606	-3.08891134695003	10.2498384033734	-3.08891134695003	-3.08891134695003	-3.08891134695003	-3.08891134695003	-3.08891134695003	-3.08891134695003	-3.08891134695003	-3.08891134695003	-3.08891134695003	-3.08891134695003	-3.08891134695003	11.0253703221809	-3.08891134695003	-3.08891134695003	-3.08891134695003	-3.08891134695003	10.7952022732021	-3.08891134695003	-3.08891134695003	-3.08891134695003	-3.08891134695003	-3.08891134695003	-3.08891134695003	-3.08891134695003	-3.08891134695003	8.24967263556647	-3.08891134695003	6.09416059787196	-3.08891134695003	9.70944063408507	-3.08891134695003	-3.08891134695003	-3.08891134695003	-3.08891134695003	-3.08891134695003	-3.08891134695003	10.2875840411747	-3.08891134695003	-3.08891134695003	11.5012577126147	7.51298452206752	-3.08891134695003	-3.08891134695003	-3.08891134695003	-3.08891134695003	-3.08891134695003	-3.08891134695003	-3.08891134695003	-3.08891134695003	-3.08891134695003	-3.08891134695003	12.2900415607402	11.0924367498811	-3.08891134695003	-3.08891134695003	11.8698600834623	4.32626376266327	-3.08891134695003	-3.08891134695003	-3.08891134695003	-3.08891134695003	-3.08891134695003	-3.08891134695003	-3.08891134695003	-3.08891134695003	-3.08891134695003	-3.08891134695003	-3.08891134695003	-3.08891134695003	-3.08891134695003	-3.08891134695003	-3.08891134695003	-3.08891134695003	-3.08891134695003	-3.08891134695003	-3.08891134695003	-3.08891134695003	-3.08891134695003	-3.08891134695003	-3.08891134695003	-3.08891134695003	-3.08891134695003	-3.08891134695003	-3.08891134695003	-3.08891134695003
MSM6J2LL	-3.26666263151413	11.1455948833237	8.57341318456814	-3.26666263151413	-3.26666263151413	-3.26666263151413	-3.26666263151413	10.0066193510439	-3.26666263151413	-3.26666263151413	-3.26666263151413	-3.26666263151413	-3.26666263151413	-3.26666263151413	-3.26666263151413	-3.26666263151413	-3.26666263151413	-3.26666263151413	-3.26666263151413	-3.26666263151413	-3.26666263151413	-3.26666263151413	-3.26666263151413	-3.26666263151413	-3.26666263151413	-3.26666263151413	-3.26666263151413	-3.26666263151413	-3.26666263151413	-3.26666263151413	-3.26666263151413	-3.26666263151413	-3.26666263151413	-3.26666263151413	-3.26666263151413	-3.26666263151413	-3.26666263151413	6.67705474024107	-3.26666263151413	7.05786805909348	-3.26666263151413	9.2010855798466	-3.26666263151413	-3.26666263151413	10.0503147730744	-3.26666263151413	-3.26666263151413	-3.26666263151413	-3.26666263151413	-3.26666263151413	8.47476002841202	12.0847536086516	-3.26666263151413	-3.26666263151413	-3.26666263151413	-3.26666263151413	8.93886486544957	11.7929883992717	11.3600852066286	-3.26666263151413	-3.26666263151413	-3.26666263151413	-3.26666263151413	11.5359813910957	-3.26666263151413	-3.26666263151413	12.7102623502792	-3.26666263151413	-3.26666263151413	10.3010542928911	-3.26666263151413	-3.26666263151413	-3.26666263151413	-3.26666263151413	-3.26666263151413	10.7629919027995	-3.26666263151413	13.4367500261383	10.213768119948	13.4701492295382	11.5018412035524	-3.26666263151413	-3.26666263151413	-3.26666263151413	9.95199407860492	-3.26666263151413	-3.26666263151413	-3.26666263151413	12.6660705638003	12.0066163117836	-3.26666263151413	-3.26666263151413	10.0938054193845	-3.26666263151413	-3.26666263151413	-3.26666263151413	-3.26666263151413	-3.26666263151413	-3.26666263151413	10.888480165002	7.48550040348059	-3.26666263151413	-3.26666263151413	-3.26666263151413	7.05983520834591	-3.26666263151413	-3.26666263151413	-3.26666263151413	-3.26666263151413	-3.26666263151413	-3.26666263151413	11.4114851070364	-3.26666263151413	-3.26666263151413	-3.26666263151413	-3.26666263151413	-3.26666263151413	12.9396362775279	-3.26666263151413	-3.26666263151413	-3.26666263151413	-3.26666263151413
MSM6J2LT	-4.84543768506124	-4.84543768506124	-4.84543768506124	-4.84543768506124	3.54187458550048	-4.84543768506124	-4.84543768506124	-4.84543768506124	9.82086077884717	12.2664222371873	8.90394482246619	-4.84543768506124	-4.84543768506124	-4.84543768506124	-4.84543768506124	9.03424976616113	-4.84543768506124	6.9329319120957	-4.84543768506124	9.98735977049976	10.5710936605227	12.0421475240381	6.55186366211145	8.72344444813784	9.54462287398144	8.26956063678404	6.72821592577839	9.58467509859752	-4.84543768506124	-4.84543768506124	10.2727277113922	-4.84543768506124	10.7570259767067	6.15116373415475	10.6835123580501	-4.84543768506124	8.35566478144428	-4.84543768506124	-4.84543768506124	-4.84543768506124	-4.84543768506124	3.18432083537958	-4.84543768506124	-4.84543768506124	2.62819942343497	-4.84543768506124	6.77608206130578	-4.84543768506124	-4.84543768506124	5.546967248692	-4.84543768506124	-4.84543768506124	-4.84543768506124	8.36343544353954	-4.84543768506124	6.57527380192105	-4.84543768506124	5.19393473849525	-4.84543768506124	4.08796271099506	-4.84543768506124	-4.84543768506124	5.91884903084435	6.68297719710512	-4.84543768506124	-4.84543768506124	7.75655802103162	2.15853645166144	-4.84543768506124	5.51898121776704	4.09715395217061	-4.84543768506124	5.20002674637044	0.639359248429416	-4.84543768506124	7.76583670056546	-4.84543768506124	-4.84543768506124	-4.84543768506124	-4.84543768506124	-4.84543768506124	-4.84543768506124	9.21133213928064	-4.84543768506124	-4.84543768506124	3.23510928076326	-4.84543768506124	3.07428207586334	11.1526914105958	7.03449614962749	-4.84543768506124	5.97035265807118	7.1051037971008	-4.84543768506124	-4.84543768506124	-4.84543768506124	8.5273902039916	4.73100307150083	3.15121619040137	-4.84543768506124	-4.84543768506124	-4.84543768506124	4.22690418875765	7.57542774095147	-4.84543768506124	-4.84543768506124	-4.84543768506124	7.05838732333784	-4.84543768506124	-4.84543768506124	-4.84543768506124	-4.84543768506124	-4.84543768506124	-4.84543768506124	-4.84543768506124	-4.84543768506124	-4.84543768506124	-4.84543768506124	-4.84543768506124	-4.84543768506124	-4.84543768506124	-4.84543768506124
MSM6J2M3	3.39855847164815	-6.86578029207012	-6.86578029207012	-6.86578029207012	4.89362236504022	-6.86578029207012	-6.86578029207012	-6.86578029207012	6.84600286043009	3.72837637315041	6.0273485214086	2.68822070376711	-6.86578029207012	-6.86578029207012	8.04715217968046	2.50164929514884	3.56983438765191	7.44727063010882	8.45084126726682	7.1634301659714	8.56261642628187	9.21170698738226	7.05994786679277	7.61393821723754	4.37731611606783	4.98633514171079	4.57565991227591	6.0568410696266	7.05880975757993	6.34541962902662	7.20324859712916	-6.86578029207012	8.29353483624448	4.57049088471048	7.19511347253796	-6.86578029207012	4.70135869925675	-6.86578029207012	-0.372026452218435	2.48005204934322	3.08987267444669	-6.86578029207012	-6.86578029207012	4.5525157613205	-6.86578029207012	-6.86578029207012	2.38002374418163	4.53353964927691	5.93720667868149	0.273880043894798	3.4623538879901	7.84605948585063	-6.86578029207012	5.9307726096081	-6.86578029207012	6.39157016792779	-6.86578029207012	-6.86578029207012	-6.86578029207012	5.66559891385215	4.05711399095314	5.09503738664817	4.21868263955924	5.43228339464943	-6.86578029207012	-6.86578029207012	5.93168639284479	-6.86578029207012	-6.86578029207012	-6.86578029207012	-6.86578029207012	-6.86578029207012	-6.86578029207012	-6.86578029207012	-6.86578029207012	-6.86578029207012	8.10621232643819	9.14152803358855	8.69278799204352	-6.86578029207012	3.99765117526156	-6.86578029207012	7.31234423883461	3.45743681258788	-6.86578029207012	3.66367242894296	-6.86578029207012	-6.86578029207012	9.67285631975923	-6.86578029207012	-6.86578029207012	-6.86578029207012	7.62588437864679	-6.86578029207012	5.34940570047659	5.28737141939594	7.19765306019255	2.10006520268082	-6.86578029207012	-6.86578029207012	-6.86578029207012	-6.86578029207012	-6.86578029207012	3.86036839955803	-6.86578029207012	-6.86578029207012	5.61371448451299	2.55002833954026	3.17620753771111	-6.86578029207012	0.567295056828459	3.83049613535282	-6.86578029207012	6.35583276782508	-6.86578029207012	3.5982083706737	-6.86578029207012	-6.86578029207012	4.58389648623496	-6.86578029207012	4.13800146724986	4.5265694914358
MSM6J2MB	-4.30329350248957	6.97075275253038	-4.30329350248957	-4.30329350248957	-4.30329350248957	-4.30329350248957	-4.30329350248957	7.35702557897332	-4.30329350248957	-4.30329350248957	-4.30329350248957	-4.30329350248957	-4.30329350248957	-4.30329350248957	-4.30329350248957	-4.30329350248957	-4.30329350248957	-4.30329350248957	-4.30329350248957	-4.30329350248957	5.28280849822133	4.64060430002725	-4.30329350248957	-4.30329350248957	-4.30329350248957	-4.30329350248957	-4.30329350248957	-4.30329350248957	-4.30329350248957	8.80833445596056	-4.30329350248957	-4.30329350248957	-4.30329350248957	-4.30329350248957	-4.30329350248957	-4.30329350248957	-4.30329350248957	9.30262008352557	5.28418108782671	6.69648698442409	-4.30329350248957	7.6807037710197	-4.30329350248957	-4.30329350248957	8.79958323768846	-4.30329350248957	-4.30329350248957	-4.30329350248957	-4.30329350248957	-4.30329350248957	7.83343442394825	8.2745530221813	-4.30329350248957	-4.30329350248957	-4.30329350248957	-4.30329350248957	8.10975672638981	9.66952075929336	9.77769262864382	-4.30329350248957	-4.30329350248957	-4.30329350248957	-4.30329350248957	9.4263987846326	-4.30329350248957	6.76226615325742	11.1289564471153	-4.30329350248957	-4.30329350248957	8.55661620645085	-4.30329350248957	-4.30329350248957	-4.30329350248957	-4.30329350248957	3.29309880157462	12.2622649436997	12.2715135131915	11.4145799224038	8.96279092618691	12.0129708893785	7.94334990600485	-4.30329350248957	-4.30329350248957	-4.30329350248957	8.11288203334646	7.50826139334088	9.24696291934759	4.59929813488452	11.6814091462678	10.6813471412284	-4.30329350248957	-4.30329350248957	11.5661011450733	-4.30329350248957	-4.30329350248957	-4.30329350248957	-4.30329350248957	-4.30329350248957	-4.30329350248957	8.0451073549449	3.37964966738872	7.54711083513091	-4.30329350248957	-4.30329350248957	6.07708019038298	-4.30329350248957	-4.30329350248957	-4.30329350248957	-4.30329350248957	6.07614868686906	4.70993649521922	11.9534740186702	-4.30329350248957	-4.30329350248957	-4.30329350248957	-4.30329350248957	-4.30329350248957	10.5450423996045	-4.30329350248957	4.01080383291623	-4.30329350248957	-4.30329350248957
MSM6J2MH	-3.95821921535832	9.26480545362533	-3.95821921535832	-3.95821921535832	-3.95821921535832	-3.95821921535832	-3.95821921535832	7.93574887530792	-3.95821921535832	-3.95821921535832	-3.95821921535832	-3.95821921535832	-3.95821921535832	-3.95821921535832	-3.95821921535832	-3.95821921535832	-3.95821921535832	-3.95821921535832	-3.95821921535832	-3.95821921535832	-3.95821921535832	-3.95821921535832	-3.95821921535832	-3.95821921535832	-3.95821921535832	-3.95821921535832	-3.95821921535832	-3.95821921535832	-3.95821921535832	-3.95821921535832	-3.95821921535832	-3.95821921535832	-3.95821921535832	-3.95821921535832	-3.95821921535832	-3.95821921535832	-3.95821921535832	9.21749723363525	-3.95821921535832	-3.95821921535832	-3.95821921535832	7.63583452169328	-3.95821921535832	-3.95821921535832	7.52559664646534	-3.95821921535832	-3.95821921535832	-3.95821921535832	-3.95821921535832	-3.95821921535832	8.54814689367382	9.13442900758209	-3.95821921535832	-3.95821921535832	7.89581770838154	-3.95821921535832	8.23553284247802	10.8472974838769	10.7339223209627	-3.95821921535832	-3.95821921535832	-3.95821921535832	-3.95821921535832	10.2208929417838	-3.95821921535832	7.60749792087194	11.257540629238	-3.95821921535832	-3.95821921535832	8.69622156594795	-3.95821921535832	-3.95821921535832	-3.95821921535832	-3.95821921535832	3.91309198796508	11.8020552635642	13.5105094475084	11.741783582061	5.72343642528839	10.9002080293558	8.41116629442001	-3.95821921535832	-3.95821921535832	-3.95821921535832	8.3650629680765	6.95013755082455	-3.95821921535832	5.35386514050114	12.3954923624601	10.0184582084775	-3.95821921535832	-3.95821921535832	11.2557738752793	-3.95821921535832	-3.95821921535832	-3.95821921535832	-3.95821921535832	-3.95821921535832	5.51456234120385	9.59927292126781	5.83159559268923	8.39005153313141	-3.95821921535832	-3.95821921535832	8.9843498091804	-3.95821921535832	-3.95821921535832	7.74210655437106	4.46926806297342	4.20828110379673	-3.95821921535832	11.0951352881452	-3.95821921535832	-3.95821921535832	-3.95821921535832	-3.95821921535832	-3.95821921535832	11.5579677020343	-3.95821921535832	-3.95821921535832	-3.95821921535832	-3.95821921535832
MSM6J2OH	-2.09757932641988	-2.09757932641988	-2.09757932641988	-2.09757932641988	-2.09757932641988	-2.09757932641988	-2.09757932641988	-2.09757932641988	-2.09757932641988	-2.09757932641988	-2.09757932641988	-2.09757932641988	-2.09757932641988	-2.09757932641988	-2.09757932641988	13.372856908844	-2.09757932641988	-2.09757932641988	-2.09757932641988	-2.09757932641988	14.5183388330431	15.7410379220083	14.124801652389	-2.09757932641988	-2.09757932641988	-2.09757932641988	-2.09757932641988	-2.09757932641988	-2.09757932641988	-2.09757932641988	-2.09757932641988	-2.09757932641988	-2.09757932641988	-2.09757932641988	-2.09757932641988	-2.09757932641988	-2.09757932641988	-2.09757932641988	-2.09757932641988	-2.09757932641988	-2.09757932641988	-2.09757932641988	-2.09757932641988	-2.09757932641988	8.56627003135239	-2.09757932641988	-2.09757932641988	-2.09757932641988	-2.09757932641988	-2.09757932641988	-2.09757932641988	-2.09757932641988	-2.09757932641988	8.9555462733874	9.60316091329124	9.31631002607178	-2.09757932641988	-2.09757932641988	9.53925260987027	-2.09757932641988	-2.09757932641988	-2.09757932641988	-2.09757932641988	9.86992516793677	-2.09757932641988	-2.09757932641988	10.9381820447366	-2.09757932641988	-2.09757932641988	-2.09757932641988	-2.09757932641988	-2.09757932641988	-2.09757932641988	8.14098663466742	8.12839019660976	11.5347304883793	-2.09757932641988	-2.09757932641988	-2.09757932641988	13.5889317025503	-2.09757932641988	-2.09757932641988	-2.09757932641988	-2.09757932641988	-2.09757932641988	-2.09757932641988	-2.09757932641988	-2.09757932641988	12.2259896300719	11.500174395792	-2.09757932641988	-2.09757932641988	-2.09757932641988	-2.09757932641988	6.42976219604817	-2.09757932641988	-2.09757932641988	-2.09757932641988	-2.09757932641988	-2.09757932641988	-2.09757932641988	-2.09757932641988	-2.09757932641988	-2.09757932641988	-2.09757932641988	-2.09757932641988	-2.09757932641988	7.43491700586816	-2.09757932641988	-2.09757932641988	-2.09757932641988	-2.09757932641988	-2.09757932641988	-2.09757932641988	-2.09757932641988	-2.09757932641988	-2.09757932641988	10.4235266619097	-2.09757932641988	-2.09757932641988	-2.09757932641988	-2.09757932641988
MSM6J2OP	-2.87913137598951	-2.87913137598951	-2.87913137598951	-2.87913137598951	-2.87913137598951	-2.87913137598951	-2.87913137598951	-2.87913137598951	-2.87913137598951	-2.87913137598951	-2.87913137598951	-2.87913137598951	-2.87913137598951	-2.87913137598951	-2.87913137598951	11.8186625634733	-2.87913137598951	-2.87913137598951	-2.87913137598951	-2.87913137598951	13.8418141950229	15.141891629394	12.2394171980489	-2.87913137598951	-2.87913137598951	-2.87913137598951	-2.87913137598951	-2.87913137598951	-2.87913137598951	-2.87913137598951	-2.87913137598951	-2.87913137598951	-2.87913137598951	-2.87913137598951	-2.87913137598951	-2.87913137598951	-2.87913137598951	6.31721148634282	-2.87913137598951	-2.87913137598951	6.77788002490596	-2.87913137598951	-2.87913137598951	-2.87913137598951	6.95452366694794	-2.87913137598951	-2.87913137598951	-2.87913137598951	-2.87913137598951	-2.87913137598951	-2.87913137598951	-2.87913137598951	7.38799183838094	8.20594532558746	8.22779383770899	8.89400989331353	-2.87913137598951	5.58487198691261	7.18906520602366	-2.87913137598951	-2.87913137598951	-2.87913137598951	4.76147245040413	8.57011919481	-2.87913137598951	-2.87913137598951	9.67809449682222	-2.87913137598951	-2.87913137598951	-2.87913137598951	-2.87913137598951	-2.87913137598951	5.80881673584922	7.26380605413514	5.08328430413155	11.3185558744797	-2.87913137598951	-2.87913137598951	10.2860443338977	10.9691280362166	8.51704676678793	-2.87913137598951	-2.87913137598951	-2.87913137598951	-2.87913137598951	3.78144377385018	-2.87913137598951	-2.87913137598951	12.3764870216487	9.24220548324764	-2.87913137598951	-2.87913137598951	-2.87913137598951	-2.87913137598951	9.03015790569968	-2.87913137598951	-2.87913137598951	7.04420782224922	-2.87913137598951	-2.87913137598951	-2.87913137598951	-2.87913137598951	5.49672863931008	-2.87913137598951	-2.87913137598951	-2.87913137598951	-2.87913137598951	6.9016799386791	-2.87913137598951	-2.87913137598951	-2.87913137598951	-2.87913137598951	-2.87913137598951	-2.87913137598951	-2.87913137598951	-2.87913137598951	-2.87913137598951	7.29059753076355	-2.87913137598951	-2.87913137598951	-2.87913137598951	-2.87913137598951
MSM6J2PM	-4.83797649733481	-4.83797649733481	-4.83797649733481	-4.83797649733481	3.92310360653354	-4.83797649733481	-4.83797649733481	-4.83797649733481	-4.83797649733481	9.46531682521327	-4.83797649733481	-4.83797649733481	-4.83797649733481	-4.83797649733481	7.81018565322488	-4.83797649733481	9.91425114681029	10.0397834952387	10.2993888290515	10.1615534122856	10.4344967888093	11.7879838581915	8.81057115362767	11.2980976672551	-4.83797649733481	6.54746780681934	6.20640027944944	10.0256180254034	-4.83797649733481	-4.83797649733481	9.1508241226444	6.91641169353254	11.700385579775	10.6293130052617	9.87746814897942	-4.83797649733481	-4.83797649733481	-4.83797649733481	5.88288711890104	-4.83797649733481	-4.83797649733481	-4.83797649733481	-4.83797649733481	6.95667081317105	-4.83797649733481	4.802911763117	5.90104715938034	-4.83797649733481	8.13864640181056	5.43226998442741	-4.83797649733481	6.56748624388572	4.34817363584016	-4.83797649733481	4.99406875774695	3.14170480505293	-4.83797649733481	3.65102295971065	-4.83797649733481	-4.83797649733481	-4.83797649733481	6.50937832757857	-4.83797649733481	4.60593289143917	-4.83797649733481	-4.83797649733481	8.45142727233126	-4.83797649733481	-4.83797649733481	-4.83797649733481	-4.83797649733481	-4.83797649733481	-4.83797649733481	-4.83797649733481	-4.83797649733481	-4.83797649733481	8.23620662986475	-4.83797649733481	7.8290621861644	7.68789806101749	4.57129669724053	-4.83797649733481	11.1690402077539	-4.83797649733481	-4.83797649733481	4.78520173707895	-4.83797649733481	-4.83797649733481	10.2294483834126	6.18034112189226	-4.83797649733481	-4.83797649733481	-4.83797649733481	-4.83797649733481	9.14938515966103	-4.83797649733481	-4.83797649733481	-4.83797649733481	-4.83797649733481	-4.83797649733481	-4.83797649733481	-4.83797649733481	-4.83797649733481	-4.83797649733481	-4.83797649733481	-4.83797649733481	-4.83797649733481	6.21419839650174	-4.83797649733481	-4.83797649733481	-4.83797649733481	-4.83797649733481	-4.83797649733481	7.54247373504733	-4.83797649733481	4.97235355671507	4.71247234927153	-4.83797649733481	-4.83797649733481	-4.83797649733481	4.98706290887218	5.36157043978255
MSM6J2PO	9.00783180215354	6.64872156151709	7.03927246981608	-5.53214096253809	7.00751045185569	-5.53214096253809	-5.53214096253809	-5.53214096253809	7.84609023846795	-5.53214096253809	-5.53214096253809	10.6297343208143	-5.53214096253809	-5.53214096253809	-5.53214096253809	-5.53214096253809	-5.53214096253809	4.98547761912857	9.56990466912416	7.19409655985214	10.5132131207721	11.3710509976841	6.66817011700137	-5.53214096253809	-5.53214096253809	2.78684516285397	-5.53214096253809	6.49331467263308	-5.53214096253809	-5.53214096253809	-5.53214096253809	-5.53214096253809	8.29033627168474	-5.53214096253809	7.60047171092585	-5.53214096253809	9.71734660288208	-5.53214096253809	5.80417858023407	7.64524265555342	-5.53214096253809	-5.53214096253809	-5.53214096253809	-5.53214096253809	-5.53214096253809	-5.53214096253809	-5.53214096253809	-5.53214096253809	7.95554724048014	6.87274565581107	-5.53214096253809	-5.53214096253809	6.88058399829723	8.37246139017861	-5.53214096253809	4.28856262851912	-5.53214096253809	8.58949381131199	-5.53214096253809	8.8555241576253	6.5583019523096	7.610105431088	6.2145197630308	8.52542204144322	-5.53214096253809	3.62384881468801	8.10231643387877	-5.53214096253809	-5.53214096253809	-5.53214096253809	-5.53214096253809	-5.53214096253809	-5.53214096253809	-5.53214096253809	-5.53214096253809	8.01932722372402	5.88736353693812	9.08410176566604	6.55526638325518	7.6204625383538	9.07811667939728	-5.53214096253809	-5.53214096253809	-5.53214096253809	2.68421736984807	-5.53214096253809	-5.53214096253809	-5.53214096253809	11.508935432178	-5.53214096253809	7.65715369606887	-5.53214096253809	-5.53214096253809	-5.53214096253809	8.76623453727581	-5.53214096253809	-5.53214096253809	5.99617545178778	-5.53214096253809	-5.53214096253809	-5.53214096253809	-5.53214096253809	4.86363139005876	-5.53214096253809	-5.53214096253809	-5.53214096253809	5.23573331472177	-5.53214096253809	4.90903807289859	7.74567110905111	6.08081986459441	7.25609422881065	3.95059016332091	4.32115794841475	-5.53214096253809	-5.53214096253809	-5.53214096253809	-5.53214096253809	7.80312328859814	7.42626951654997	-5.53214096253809	-5.53214096253809
MSM6J2PU	10.9975045608171	8.26655766994129	6.32219254638776	-4.62863154413468	7.95296576778036	-4.62863154413468	-4.62863154413468	-4.62863154413468	8.77764832481234	-4.62863154413468	-4.62863154413468	10.1899751348127	-4.62863154413468	-4.62863154413468	-4.62863154413468	-4.62863154413468	-4.62863154413468	-4.62863154413468	8.66835886297089	4.04231224708747	10.1026179935165	11.3217305459142	9.10296574184366	-4.62863154413468	-4.62863154413468	-4.62863154413468	-4.62863154413468	-4.62863154413468	-4.62863154413468	-4.62863154413468	-4.62863154413468	-4.62863154413468	7.35754850998007	-4.62863154413468	8.83753569912268	-4.62863154413468	9.59770373352562	7.50428421527756	-4.62863154413468	7.97923614973229	-4.62863154413468	-4.62863154413468	-4.62863154413468	-4.62863154413468	-4.62863154413468	-4.62863154413468	-4.62863154413468	-4.62863154413468	10.6353241257561	9.20461185353368	-4.62863154413468	-4.62863154413468	-4.62863154413468	10.1188033023326	-4.62863154413468	-4.62863154413468	-4.62863154413468	10.7537769986076	-4.62863154413468	6.46027270819879	8.39181205813599	8.25811329183035	-4.62863154413468	9.80886901819821	-4.62863154413468	6.55120993759535	6.69435542870242	-4.62863154413468	-4.62863154413468	-4.62863154413468	-4.62863154413468	-4.62863154413468	-4.62863154413468	-4.62863154413468	-4.62863154413468	10.7908843967602	9.36935972462454	11.7966878166343	7.98723349992942	7.88570123571046	8.67010406118334	-4.62863154413468	-4.62863154413468	-4.62863154413468	-4.62863154413468	6.51280986124311	-4.62863154413468	-4.62863154413468	12.32465328064	-4.62863154413468	9.41649040350945	6.96357633956267	-4.62863154413468	-4.62863154413468	10.7694740585308	-4.62863154413468	-4.62863154413468	9.61356469771803	-4.62863154413468	-4.62863154413468	-4.62863154413468	-4.62863154413468	-4.62863154413468	-4.62863154413468	-4.62863154413468	-4.62863154413468	10.7158941963909	-4.62863154413468	-4.62863154413468	7.96202640225741	-4.62863154413468	-4.62863154413468	-4.62863154413468	9.02424360696036	-4.62863154413468	-4.62863154413468	-4.62863154413468	-4.62863154413468	6.58953352270598	-4.62863154413468	-4.62863154413468	-4.62863154413468
MSM6J2Q1	3.07370757672759	-5.99748566383843	5.64119982474062	-5.99748566383843	4.74737509004493	-5.99748566383843	-5.99748566383843	-5.99748566383843	7.35381405423136	-5.99748566383843	4.47729212147875	5.41783799756234	-5.99748566383843	-5.99748566383843	8.36751011210886	-5.99748566383843	4.15094606997076	8.13559168657599	9.82286693902736	8.00768694346217	10.606814237258	9.82577855210489	6.27965569712303	8.13341283961341	4.19309628850373	5.69710280779587	4.11427542734517	7.27385101386402	8.87723813373977	-5.99748566383843	7.51535235732692	3.889923318485	8.94268854666032	6.7147748677582	5.95324947165892	4.55234568014294	6.57375426343507	-5.99748566383843	2.26378248673921	4.21609348166256	-5.99748566383843	-5.99748566383843	-5.99748566383843	3.62635412127423	-5.99748566383843	-5.99748566383843	-5.99748566383843	-5.99748566383843	8.64248143793052	-5.99748566383843	-5.99748566383843	6.7302071343309	-5.99748566383843	3.72753290121923	-5.99748566383843	1.24029252808501	-5.99748566383843	0.465543793082236	-5.99748566383843	4.78253256199797	-5.99748566383843	3.80954605288006	1.9438099070681	3.76794599020173	-5.99748566383843	-5.99748566383843	4.68786940181717	-5.99748566383843	-5.99748566383843	-5.99748566383843	-5.99748566383843	-5.99748566383843	-5.99748566383843	-5.99748566383843	-5.99748566383843	-5.99748566383843	6.67527574784458	6.91524497872963	7.7949108100036	5.50449007104554	-5.99748566383843	-5.99748566383843	8.19962822773539	1.63346091705202	-5.99748566383843	-5.99748566383843	-5.99748566383843	-5.99748566383843	9.87209106206194	-5.99748566383843	-5.99748566383843	-5.99748566383843	6.8277942528977	-5.99748566383843	7.15482673092575	5.63314283358801	6.00076913944888	-5.99748566383843	-5.99748566383843	-5.99748566383843	-5.99748566383843	-5.99748566383843	-5.99748566383843	4.85806508765998	-5.99748566383843	-5.99748566383843	6.44855225121575	2.06746522791071	5.0239428361475	4.58024653675457	4.43900965939733	5.43043731406185	2.59314384565099	4.38907597613284	-5.99748566383843	-5.99748566383843	-5.99748566383843	-5.99748566383843	4.75809537452664	3.42157473878623	-5.99748566383843	5.38727682985533
MSM6J2Q3	-4.49567530392431	-4.49567530392431	-4.49567530392431	-4.49567530392431	-4.49567530392431	-4.49567530392431	-4.49567530392431	3.09568174277424	11.3754976751435	-4.49567530392431	-4.49567530392431	-4.49567530392431	-4.49567530392431	-4.49567530392431	-4.49567530392431	-4.49567530392431	-4.49567530392431	10.6466160477688	10.3834112094803	10.2120631849508	12.6313143620074	12.7916973843788	-4.49567530392431	-4.49567530392431	-4.49567530392431	-4.49567530392431	-4.49567530392431	-4.49567530392431	8.58772060825677	-4.49567530392431	-4.49567530392431	-4.49567530392431	10.8545735424058	-4.49567530392431	-4.49567530392431	-4.49567530392431	10.6965087325327	4.4586108532804	-4.49567530392431	-4.49567530392431	-4.49567530392431	-4.49567530392431	-4.49567530392431	7.66587580387352	-4.49567530392431	6.02140202038833	6.3621884340913	-4.49567530392431	5.95827196161788	2.9948540981364	-4.49567530392431	-4.49567530392431	-4.49567530392431	9.99362681737983	-4.49567530392431	-4.49567530392431	5.97994931710091	8.19436859286132	-4.49567530392431	7.99275652257309	-4.49567530392431	-4.49567530392431	-4.49567530392431	7.58998522795065	7.95554110375974	-4.49567530392431	8.40482120685698	-4.49567530392431	-4.49567530392431	7.94337636569215	5.33421952830844	7.87311550125599	5.39882195677368	-4.49567530392431	4.47526509421814	8.08358371848369	10.6700751441674	9.66264522189039	7.3555849477576	-4.49567530392431	9.37530874920133	-4.49567530392431	-4.49567530392431	-4.49567530392431	4.84578104590941	5.29413950412324	-4.49567530392431	-4.49567530392431	9.11648330054934	8.75756018334437	-4.49567530392431	6.37519525467031	6.02572389848585	-4.49567530392431	-4.49567530392431	-4.49567530392431	-4.49567530392431	5.77699365964273	4.97556672496868	-4.49567530392431	-4.49567530392431	3.32074167976749	-4.49567530392431	-4.49567530392431	-4.49567530392431	-4.49567530392431	8.64757050972947	-4.49567530392431	-4.49567530392431	-4.49567530392431	-4.49567530392431	-4.49567530392431	-4.49567530392431	-4.49567530392431	-4.49567530392431	-4.49567530392431	8.16579798943641	7.84611197422658	-4.49567530392431	-4.49567530392431	-4.49567530392431	-4.49567530392431
MSM6J2QP	-3.45258499240138	-3.45258499240138	-3.45258499240138	-3.45258499240138	-3.45258499240138	-3.45258499240138	-3.45258499240138	-3.45258499240138	11.5462928263416	10.5541663937981	-3.45258499240138	-3.45258499240138	-3.45258499240138	-3.45258499240138	-3.45258499240138	10.703184196167	-3.45258499240138	9.46447720760973	13.156358100818	11.2993290727108	13.3566027789265	13.3075893089416	12.5085048567452	11.3718906428436	-3.45258499240138	-3.45258499240138	-3.45258499240138	-3.45258499240138	-3.45258499240138	-3.45258499240138	11.0471031392027	-3.45258499240138	12.4826546789846	8.29106322900645	11.2115201562604	7.93399463050189	10.7254281955049	-3.45258499240138	-3.45258499240138	-3.45258499240138	-3.45258499240138	-3.45258499240138	-3.45258499240138	-3.45258499240138	-3.45258499240138	-3.45258499240138	-3.45258499240138	-3.45258499240138	7.52044642630551	-3.45258499240138	-3.45258499240138	-3.45258499240138	-3.45258499240138	-3.45258499240138	-3.45258499240138	-3.45258499240138	-3.45258499240138	5.27826691111785	-3.45258499240138	5.35294006030813	-3.45258499240138	-3.45258499240138	-3.45258499240138	-3.45258499240138	-3.45258499240138	-3.45258499240138	8.05704504861905	-3.45258499240138	-3.45258499240138	-3.45258499240138	-3.45258499240138	-3.45258499240138	-3.45258499240138	-3.45258499240138	-3.45258499240138	-3.45258499240138	8.51479255087569	-3.45258499240138	7.31613154975845	10.2748710992902	7.88158455133424	-3.45258499240138	-3.45258499240138	-3.45258499240138	-3.45258499240138	6.46584043249895	-3.45258499240138	-3.45258499240138	11.592911378665	-3.45258499240138	-3.45258499240138	4.10801617036718	-3.45258499240138	-3.45258499240138	4.25762020203115	8.26638669396784	7.81509189547208	-3.45258499240138	-3.45258499240138	-3.45258499240138	-3.45258499240138	-3.45258499240138	-3.45258499240138	5.53223400347463	-3.45258499240138	9.62101032058932	3.71830348611112	-3.45258499240138	-3.45258499240138	-3.45258499240138	-3.45258499240138	-3.45258499240138	-3.45258499240138	-3.45258499240138	-3.45258499240138	-3.45258499240138	3.29382713617199	-3.45258499240138	-3.45258499240138	-3.45258499240138	-3.45258499240138	-3.45258499240138
MSM6J2R2	-3.83485520559311	-3.83485520559311	-3.83485520559311	-3.83485520559311	4.48656638130477	-3.83485520559311	-3.83485520559311	-3.83485520559311	9.50395897657831	2.54696081181299	7.75975162371916	-3.83485520559311	-3.83485520559311	-3.83485520559311	-3.83485520559311	8.47868523372391	-3.83485520559311	6.99924009941197	-3.83485520559311	7.15299356984127	10.3853141354867	11.1672879810767	7.81644863637131	8.81529730841543	-3.83485520559311	-3.83485520559311	7.41124907759267	8.54163930878196	-3.83485520559311	14.3257819919413	5.40901664959187	-3.83485520559311	5.79557612668656	4.50345052576345	8.49670847030659	-3.83485520559311	8.43976821371322	-3.83485520559311	-3.83485520559311	-3.83485520559311	-3.83485520559311	-3.83485520559311	-3.83485520559311	5.14745469349547	-3.83485520559311	-3.83485520559311	6.06316744151195	-3.83485520559311	6.38930180334647	-3.83485520559311	-3.83485520559311	-3.83485520559311	6.9264673532439	-3.83485520559311	-3.83485520559311	6.67842509210775	-3.83485520559311	-3.83485520559311	-3.83485520559311	4.93247394220094	-3.83485520559311	5.62942946684999	4.35133078863297	7.02300853242251	-3.83485520559311	-3.83485520559311	5.77767826062082	-3.83485520559311	-3.83485520559311	-3.83485520559311	-3.83485520559311	-3.83485520559311	-3.83485520559311	-3.83485520559311	-3.83485520559311	8.83230960477098	-3.83485520559311	8.86677002232599	6.57848749995456	7.61652458852522	8.93089322607256	-3.83485520559311	8.7026448298339	5.50660114424061	-3.83485520559311	-3.83485520559311	-3.83485520559311	-3.83485520559311	11.5609447443866	-3.83485520559311	-3.83485520559311	-3.83485520559311	-3.83485520559311	-3.83485520559311	-3.83485520559311	7.84189683353483	-3.83485520559311	-3.83485520559311	-3.83485520559311	-3.83485520559311	-3.83485520559311	-3.83485520559311	-3.83485520559311	-3.83485520559311	-3.83485520559311	-3.83485520559311	-3.83485520559311	-3.83485520559311	-3.83485520559311	4.97216775033237	-3.83485520559311	-3.83485520559311	-3.83485520559311	-3.83485520559311	7.7132539887116	-3.83485520559311	-3.83485520559311	8.25204531494265	-3.83485520559311	-3.83485520559311	-3.83485520559311	4.45944440326412
MSM6J2R8	-4.2986231115183	-4.2986231115183	-4.2986231115183	-4.2986231115183	-4.2986231115183	-4.2986231115183	-4.2986231115183	-4.2986231115183	9.53081106145968	-4.2986231115183	6.45246939710346	-4.2986231115183	-4.2986231115183	-4.2986231115183	-4.2986231115183	8.91743277432892	-4.2986231115183	7.72028225564995	6.8569271643988	7.14281709282773	10.8306974013308	11.2550634570014	7.71925677539408	9.0621916521528	-4.2986231115183	-4.2986231115183	7.66621201980269	8.65645942824362	-4.2986231115183	13.7992719205713	5.98093506671654	-4.2986231115183	6.31857376429065	6.56270010602913	7.70662382653598	-4.2986231115183	8.19668415064299	2.97446948448122	-4.2986231115183	-4.2986231115183	-4.2986231115183	-4.2986231115183	-4.2986231115183	-4.2986231115183	-4.2986231115183	-4.2986231115183	6.33821742629207	-4.2986231115183	8.38368681859348	-4.2986231115183	-4.2986231115183	-4.2986231115183	5.56044222346508	-4.2986231115183	-4.2986231115183	5.8086620607345	-4.2986231115183	-4.2986231115183	4.68744807585616	7.08738901312898	-4.2986231115183	3.04803205165824	5.53824375367593	7.12395085902091	-4.2986231115183	-4.2986231115183	2.74976329720358	-4.2986231115183	-4.2986231115183	-4.2986231115183	-4.2986231115183	-4.2986231115183	-4.2986231115183	-4.2986231115183	-4.2986231115183	8.49473885303581	6.68209986392635	9.33583428489855	6.44559075602199	5.37110221055547	9.30931084892859	-4.2986231115183	9.33512693223819	6.60441117394269	-4.2986231115183	5.69200497633283	-4.2986231115183	-4.2986231115183	10.894504518551	-4.2986231115183	3.09217541021737	-4.2986231115183	5.92044131066312	-4.2986231115183	-4.2986231115183	7.89208713429868	-4.2986231115183	-4.2986231115183	-4.2986231115183	-4.2986231115183	-4.2986231115183	-4.2986231115183	-4.2986231115183	-4.2986231115183	-4.2986231115183	-4.2986231115183	-4.2986231115183	-4.2986231115183	-4.2986231115183	-4.2986231115183	-4.2986231115183	-4.2986231115183	-4.2986231115183	-4.2986231115183	7.07952446999468	-4.2986231115183	-4.2986231115183	-4.2986231115183	4.52178095396734	4.89771975081403	-4.2986231115183	5.45118864841378
MSM6J2RO	-5.73643969501215	-5.73643969501215	-5.73643969501215	-5.73643969501215	5.39318813774492	-5.73643969501215	-5.73643969501215	-5.73643969501215	8.38526134320628	5.76310666758044	8.54389296624805	5.40890875669247	7.39704362601129	7.7969877536786	-5.73643969501215	7.56674578222889	7.56924640451949	6.72702719255178	-5.73643969501215	7.198608076066	8.10354979417767	9.52822522791227	-5.73643969501215	9.44082941793686	4.1985949730221	7.19766694722116	4.86818800901284	7.08951295919876	-5.73643969501215	12.3128479074863	6.01045847376936	3.83791859515802	8.75500118024474	6.97542894688737	8.53433578409288	7.78224175025619	-5.73643969501215	-5.73643969501215	-5.73643969501215	-5.73643969501215	-5.73643969501215	-5.73643969501215	-5.73643969501215	3.95947002931385	-5.73643969501215	-5.73643969501215	1.4111195761773	-5.73643969501215	7.5220110557132	4.65258644206308	2.11171339118737	5.61303699652468	1.44210578875155	6.1711662659639	-5.73643969501215	5.03857132251559	-5.73643969501215	3.76365559957674	-5.73643969501215	4.98132801198195	-5.73643969501215	3.7309431132837	4.03414483885975	4.58051420351762	-5.73643969501215	-5.73643969501215	5.50429639679679	-5.73643969501215	-5.73643969501215	-5.73643969501215	-5.73643969501215	-5.73643969501215	-5.73643969501215	-5.73643969501215	-5.73643969501215	-5.73643969501215	8.54987479686863	7.41674576403009	5.11116774131681	7.24203252653706	6.97443345968013	-5.73643969501215	7.74881665426402	5.54191467224487	-5.73643969501215	4.33556625417424	-5.73643969501215	-5.73643969501215	8.98439407080751	1.23990837543559	4.66724722204867	-5.73643969501215	5.64877739063634	-5.73643969501215	6.23246019855988	6.89084344683992	5.5572221818423	2.87806167887108	-5.73643969501215	-5.73643969501215	-5.73643969501215	-5.73643969501215	-5.73643969501215	1.84477013118419	-5.73643969501215	-5.73643969501215	7.11227862840376	-5.73643969501215	-5.73643969501215	-5.73643969501215	-5.73643969501215	-5.73643969501215	-5.73643969501215	3.24461329088933	-5.73643969501215	-5.73643969501215	-5.73643969501215	1.53665290098737	-5.73643969501215	-5.73643969501215	-5.73643969501215	-5.73643969501215
MSM6J2SE	6.72457797457961	6.14535058426815	4.2135985598057	1.09721794908571	6.52143694505665	-5.86974918952828	-5.86974918952828	2.02045902358168	9.95328267772874	-5.86974918952828	-5.86974918952828	-5.86974918952828	-5.86974918952828	-5.86974918952828	-5.86974918952828	9.65477869813389	-5.86974918952828	9.20308847680921	3.96711767566596	7.91691014580095	10.6938864690525	10.9114380128504	7.22904049905693	-5.86974918952828	-5.86974918952828	-5.86974918952828	-5.86974918952828	7.4283491002752	-5.86974918952828	-5.86974918952828	8.99435358691024	3.47520948417267	-5.86974918952828	-5.86974918952828	8.89216259500162	-5.86974918952828	10.0387582450273	-5.86974918952828	-5.86974918952828	-5.86974918952828	-5.86974918952828	-5.86974918952828	-5.86974918952828	5.91755271931956	7.08137736775855	7.7936830398049	4.29344525362911	-5.86974918952828	-5.86974918952828	6.94484096650973	5.20033634946706	5.6146842040407	-5.86974918952828	5.95397166527318	5.6248188034057	-5.86974918952828	-5.86974918952828	6.70964753077765	-5.86974918952828	5.85579260953605	-5.86974918952828	-5.86974918952828	5.48113958259057	-5.86974918952828	3.51462851965416	7.34143243149856	5.79194966638796	2.2412786486654	-5.86974918952828	6.55063209415327	-5.86974918952828	6.43974158645037	4.04274765716544	1.99773937917085	5.71466868714058	-5.86974918952828	8.00118756062371	7.45064667906293	5.01151922439152	2.83988089242301	1.23767628458243	-5.86974918952828	-5.86974918952828	-5.86974918952828	3.20259268429062	-5.86974918952828	3.73876309306193	5.14314221275416	6.22930044805816	7.48428289655012	-5.86974918952828	0.495001567323635	-5.86974918952828	-5.86974918952828	-5.86974918952828	8.70386776287991	-5.86974918952828	7.72832773447248	-5.86974918952828	5.74257807314953	-5.86974918952828	-5.86974918952828	-5.86974918952828	-5.86974918952828	-5.86974918952828	-5.86974918952828	-5.86974918952828	4.7196343168536	-5.86974918952828	-5.86974918952828	-5.86974918952828	-5.86974918952828	-5.86974918952828	6.84359577424852	-5.86974918952828	5.77219374563021	-5.86974918952828	6.83431001052474	-5.86974918952828	-5.86974918952828	5.52417875259447	10.0346445720149
MSM79H5G	-5.66231413751874	-5.66231413751874	-5.66231413751874	-5.66231413751874	4.05610809755237	-5.66231413751874	-5.66231413751874	-5.66231413751874	8.53106488668246	-5.66231413751874	-5.66231413751874	6.32989055501909	-5.66231413751874	-5.66231413751874	5.81737507165879	-5.66231413751874	9.83889346106582	6.61053358868406	7.64352180068688	8.32711695392267	9.86924424771315	10.8128236599512	5.08877837110302	8.9257142367354	-5.66231413751874	4.77711107559823	6.98777423301365	8.65244994500268	7.52403948574773	11.3312607090721	7.13987427829942	4.2866724550886	9.5969553568665	6.80962049446509	8.93191606826085	-5.66231413751874	8.33800737611333	4.72732717597773	-5.66231413751874	-5.66231413751874	-5.66231413751874	-5.66231413751874	-5.66231413751874	6.70089472667905	-5.66231413751874	-5.66231413751874	-5.66231413751874	-5.66231413751874	7.30241483225244	6.11275249011054	3.43160477144019	-5.66231413751874	5.17846213788714	5.15447969785058	-5.66231413751874	4.48768186863633	-5.66231413751874	-5.66231413751874	-5.66231413751874	4.01621571913757	3.86582520581303	4.15947517103288	5.15427907994676	6.47553855203403	-5.66231413751874	-5.66231413751874	4.99143317503357	-5.66231413751874	2.784671158854	-5.66231413751874	-5.66231413751874	-5.66231413751874	-5.66231413751874	-5.66231413751874	-5.66231413751874	8.92493340757533	8.44678426941794	8.34911758197968	5.53303346265004	4.84878993996034	7.30332759128192	-5.66231413751874	9.37772480382243	8.47387385911094	-5.66231413751874	7.14100308331774	-5.66231413751874	-5.66231413751874	10.4986590898031	-5.66231413751874	5.49337908539386	-5.66231413751874	-5.66231413751874	-5.66231413751874	5.86205559133574	-5.66231413751874	-5.66231413751874	2.49562936958629	-5.66231413751874	-5.66231413751874	-5.66231413751874	-5.66231413751874	3.34235416405523	3.84894530994122	-5.66231413751874	-5.66231413751874	-5.66231413751874	-5.66231413751874	-5.66231413751874	-5.66231413751874	-5.66231413751874	-5.66231413751874	-5.66231413751874	3.44055237615221	5.60651223449068	-5.66231413751874	3.84449459418984	-5.66231413751874	-5.66231413751874	-5.66231413751874	-5.66231413751874	4.44944695366487
MSM79H5Q	3.5219881109459	-4.18372471294853	-4.18372471294853	-4.18372471294853	-4.18372471294853	-4.18372471294853	-4.18372471294853	-4.18372471294853	10.5190229790111	9.82188623475274	-4.18372471294853	-4.18372471294853	-4.18372471294853	-4.18372471294853	-4.18372471294853	9.80534495680735	-4.18372471294853	8.83897522294246	12.6294093790087	9.46759610873265	13.1263512489875	12.0020324836757	11.5271243940867	10.3738093765071	-4.18372471294853	-4.18372471294853	-4.18372471294853	-4.18372471294853	-4.18372471294853	-4.18372471294853	9.99313255922199	-4.18372471294853	11.4877808207271	7.54641475827881	10.5664825430343	6.76164603400962	9.9736939945406	-4.18372471294853	-4.18372471294853	-4.18372471294853	-4.18372471294853	-4.18372471294853	-4.18372471294853	-4.18372471294853	-4.18372471294853	-4.18372471294853	5.84907911105765	-4.18372471294853	8.4877189729382	4.46115783960859	-4.18372471294853	-4.18372471294853	4.75362513531886	7.66817699386064	-4.18372471294853	3.5354051279582	-4.18372471294853	5.16472406114528	-4.18372471294853	4.91691239393569	-4.18372471294853	-4.18372471294853	4.78594439084522	3.69896749334049	-4.18372471294853	-4.18372471294853	7.29026239900104	-4.18372471294853	-4.18372471294853	-4.18372471294853	-4.18372471294853	-4.18372471294853	-4.18372471294853	-4.18372471294853	-4.18372471294853	-4.18372471294853	7.94714474551434	-4.18372471294853	8.18951777977484	9.87255003698062	7.01805897330476	-4.18372471294853	-4.18372471294853	-4.18372471294853	-4.18372471294853	5.28982571955494	-4.18372471294853	-4.18372471294853	10.685010524254	6.24363301207438	-4.18372471294853	8.23883336775173	-4.18372471294853	-4.18372471294853	7.50794090323195	7.09450320967843	7.87767469953827	-4.18372471294853	-4.18372471294853	-4.18372471294853	-4.18372471294853	-4.18372471294853	-4.18372471294853	6.22721277211367	-4.18372471294853	10.1051033522972	-4.18372471294853	-4.18372471294853	-4.18372471294853	-4.18372471294853	-4.18372471294853	-4.18372471294853	-4.18372471294853	-4.18372471294853	-4.18372471294853	-4.18372471294853	3.8263028155332	-4.18372471294853	-4.18372471294853	-4.18372471294853	-4.18372471294853	-4.18372471294853
MSM79H63	-3.87366217321713	-3.87366217321713	-3.87366217321713	-3.87366217321713	-3.87366217321713	-3.87366217321713	-3.87366217321713	-3.87366217321713	11.400282228244	-3.87366217321713	-3.87366217321713	-3.87366217321713	-3.87366217321713	-3.87366217321713	-3.87366217321713	-3.87366217321713	-3.87366217321713	11.8648979242122	12.2285440060549	11.4621098872893	13.0278057034233	13.2355136723587	-3.87366217321713	-3.87366217321713	-3.87366217321713	-3.87366217321713	-3.87366217321713	-3.87366217321713	11.0787614122398	-3.87366217321713	-3.87366217321713	-3.87366217321713	11.8153262338486	-3.87366217321713	-3.87366217321713	-3.87366217321713	11.18364024729	6.25460758730171	-3.87366217321713	-3.87366217321713	-3.87366217321713	-3.87366217321713	-3.87366217321713	7.9359620910686	-3.87366217321713	7.11671927503291	6.75109829693796	-3.87366217321713	10.2422721855043	-3.87366217321713	-3.87366217321713	-3.87366217321713	-3.87366217321713	9.73845966546929	-3.87366217321713	-3.87366217321713	-3.87366217321713	6.54447368730865	5.90261681257795	8.07196087370247	-3.87366217321713	-3.87366217321713	-3.87366217321713	6.68061292546281	8.4565333685156	-3.87366217321713	9.09727580740029	-3.87366217321713	-3.87366217321713	6.46358635658201	2.70697696406782	6.16614662667723	-3.87366217321713	-3.87366217321713	-3.87366217321713	9.91623412256824	10.0018054897061	9.82515837651858	-3.87366217321713	6.43499044241816	-3.87366217321713	-3.87366217321713	-3.87366217321713	-3.87366217321713	-3.87366217321713	5.34275966907492	-3.87366217321713	5.28338290170083	11.3329389755468	8.14753164849725	-3.87366217321713	7.87228588425071	9.15603971350678	-3.87366217321713	-3.87366217321713	-3.87366217321713	-3.87366217321713	5.24904844879808	-3.87366217321713	-3.87366217321713	-3.87366217321713	-3.87366217321713	6.85424202126471	-3.87366217321713	-3.87366217321713	-3.87366217321713	8.00834791610179	-3.87366217321713	-3.87366217321713	-3.87366217321713	-3.87366217321713	-3.87366217321713	-3.87366217321713	-3.87366217321713	-3.87366217321713	-3.87366217321713	6.53667310171576	-3.87366217321713	-3.87366217321713	-3.87366217321713	-3.87366217321713	-3.87366217321713
MSM79H6F	-3.9907396923396	-3.9907396923396	-3.9907396923396	-3.9907396923396	6.9790263331657	-3.9907396923396	-3.9907396923396	-3.9907396923396	11.3098899052751	9.38763086292998	10.6243484393194	9.54785859015216	10.5775214408437	11.3248716996786	-3.9907396923396	10.6041512454725	9.98185238918758	10.4312162576312	-3.9907396923396	10.2820381053075	10.8370010338252	11.7772963705962	-3.9907396923396	12.033657289633	-3.9907396923396	10.0886808579161	7.39288541653392	9.83004791746236	-3.9907396923396	12.0164814912536	9.16248455187353	-3.9907396923396	11.5355608506322	10.1659683492328	11.7376856040586	11.285312171384	-3.9907396923396	-3.9907396923396	-3.9907396923396	-3.9907396923396	-3.9907396923396	-3.9907396923396	-3.9907396923396	-3.9907396923396	-3.9907396923396	-3.9907396923396	-3.9907396923396	-3.9907396923396	9.98128817135376	-3.9907396923396	-3.9907396923396	-3.9907396923396	-3.9907396923396	-3.9907396923396	-3.9907396923396	-3.9907396923396	-3.9907396923396	-3.9907396923396	-3.9907396923396	-3.9907396923396	-3.9907396923396	-3.9907396923396	-3.9907396923396	-3.9907396923396	-3.9907396923396	-3.9907396923396	-3.9907396923396	-3.9907396923396	-3.9907396923396	-3.9907396923396	-3.9907396923396	-3.9907396923396	-3.9907396923396	-3.9907396923396	-3.9907396923396	-3.9907396923396	9.61063784725624	8.26645848350652	-3.9907396923396	8.04134259538077	10.9117291763901	-3.9907396923396	10.9204257855856	6.95127392375335	-3.9907396923396	-3.9907396923396	-3.9907396923396	-3.9907396923396	11.9426071785001	-3.9907396923396	-3.9907396923396	-3.9907396923396	7.27104132990136	-3.9907396923396	-3.9907396923396	6.26484735270344	8.10093729887453	-3.9907396923396	-3.9907396923396	-3.9907396923396	-3.9907396923396	-3.9907396923396	-3.9907396923396	-3.9907396923396	-3.9907396923396	-3.9907396923396	10.0182969169747	-3.9907396923396	-3.9907396923396	-3.9907396923396	-3.9907396923396	-3.9907396923396	-3.9907396923396	-3.9907396923396	-3.9907396923396	-3.9907396923396	-3.9907396923396	-3.9907396923396	-3.9907396923396	-3.9907396923396	-3.9907396923396	-3.9907396923396
MSM79H6Y	-5.3648128353762	-5.3648128353762	-5.3648128353762	-5.3648128353762	4.72145450228457	-5.3648128353762	-5.3648128353762	-5.3648128353762	7.50080108498583	6.91223538145863	7.35791142980002	8.00523996345924	-5.3648128353762	-5.3648128353762	8.80842880861235	-5.3648128353762	5.7345800669081	8.59904962193892	-5.3648128353762	8.00118824618548	11.3296754251845	11.1123940593309	7.68818117110272	9.16303018306176	-5.3648128353762	6.50137877015859	-5.3648128353762	7.48540317872341	8.24777460343429	-5.3648128353762	8.4119683287177	-5.3648128353762	9.56674087389251	6.16556937019348	9.81682024326099	-5.3648128353762	5.3641869854752	-5.3648128353762	3.64475683613749	3.88099120087555	-5.3648128353762	-5.3648128353762	-5.3648128353762	-5.3648128353762	-5.3648128353762	-5.3648128353762	4.55803607063854	6.36725619160695	9.60535664062608	3.72347289059267	-5.3648128353762	6.42650922512827	-5.3648128353762	8.02783871387097	-5.3648128353762	2.99946224961532	-5.3648128353762	7.86283085446976	-5.3648128353762	6.01653361555178	-5.3648128353762	6.51532881887048	-5.3648128353762	6.22877975766118	-5.3648128353762	-5.3648128353762	7.58842394756306	-5.3648128353762	-5.3648128353762	-5.3648128353762	-5.3648128353762	-5.3648128353762	-5.3648128353762	-5.3648128353762	-5.3648128353762	-5.3648128353762	9.96750288769444	9.36819612493459	8.60706109546065	7.94770963824638	-5.3648128353762	-5.3648128353762	8.41673858304734	-5.3648128353762	-5.3648128353762	6.52113030070293	-5.3648128353762	-5.3648128353762	10.8978428807077	-5.3648128353762	-5.3648128353762	-5.3648128353762	10.8017692193353	-5.3648128353762	7.31808698099778	7.09528555947978	7.15862567703545	-5.3648128353762	-5.3648128353762	-5.3648128353762	-5.3648128353762	-5.3648128353762	-5.3648128353762	-5.3648128353762	-5.3648128353762	-5.3648128353762	7.80315659467151	-5.3648128353762	2.96869787360674	-5.3648128353762	-5.3648128353762	4.74816549202035	-5.3648128353762	5.59491867746072	-5.3648128353762	4.36497587765685	-5.3648128353762	-5.3648128353762	-5.3648128353762	-5.3648128353762	-5.3648128353762	6.01744570189837
MSM79H7G	-4.74434952562658	-4.74434952562658	6.99842495867286	-4.74434952562658	7.13752228075139	-4.74434952562658	-4.74434952562658	-4.74434952562658	10.4118043097158	9.65628359611614	9.04516709839586	-4.74434952562658	-4.74434952562658	-4.74434952562658	11.423748031236	-4.74434952562658	9.82744309314208	10.8283154266135	-4.74434952562658	-4.74434952562658	11.2682490447938	12.5661134761444	-4.74434952562658	-4.74434952562658	9.16722638147532	-4.74434952562658	-4.74434952562658	-4.74434952562658	-4.74434952562658	-4.74434952562658	10.7898713788894	-4.74434952562658	11.2468612811003	-4.74434952562658	8.71185548854602	-4.74434952562658	8.02105601068453	-4.74434952562658	4.82093429211019	-4.74434952562658	-4.74434952562658	-4.74434952562658	5.90181319461869	6.12023002548824	-4.74434952562658	8.00984741858252	7.46102787827914	-4.74434952562658	9.46586915766983	-4.74434952562658	-4.74434952562658	-4.74434952562658	-4.74434952562658	8.50256680860606	5.5909529103405	5.77651046240585	-4.74434952562658	3.96362930099574	5.59354686140749	-4.74434952562658	-4.74434952562658	5.9103418289113	-4.74434952562658	-4.74434952562658	-4.74434952562658	-4.74434952562658	5.55458646863106	-4.74434952562658	-4.74434952562658	3.8592048314377	-4.74434952562658	-4.74434952562658	4.74066366420774	-4.74434952562658	-4.74434952562658	-4.74434952562658	8.4335639730082	10.6299582794808	9.42423821207736	-4.74434952562658	9.30229735617303	-4.74434952562658	-4.74434952562658	-4.74434952562658	-4.74434952562658	6.63779504633891	2.60230563754996	5.96875627175658	10.3523812256872	8.36695492666097	4.67064450834997	-4.74434952562658	-4.74434952562658	-4.74434952562658	8.01701815825854	-4.74434952562658	-4.74434952562658	7.45435101257397	3.26567800285515	-4.74434952562658	-4.74434952562658	-4.74434952562658	-4.74434952562658	-4.74434952562658	-4.74434952562658	-4.74434952562658	-4.74434952562658	-4.74434952562658	-4.74434952562658	3.54995008323066	-4.74434952562658	-4.74434952562658	-4.74434952562658	8.30327090884197	-4.74434952562658	4.97226613301678	-4.74434952562658	-4.74434952562658	-4.74434952562658	-4.74434952562658	5.50311772616373	-4.74434952562658
MSM79H7M	-3.95844121068786	-3.95844121068786	8.26812499985663	-3.95844121068786	7.91279485979707	-3.95844121068786	-3.95844121068786	-3.95844121068786	11.7491854837683	10.8619352660851	8.19918146280097	-3.95844121068786	-3.95844121068786	-3.95844121068786	12.202109436717	8.76000885395086	10.5976729458188	10.2689544695873	-3.95844121068786	-3.95844121068786	12.2702455425283	13.3319139830733	-3.95844121068786	-3.95844121068786	9.54356472409453	-3.95844121068786	-3.95844121068786	-3.95844121068786	-3.95844121068786	-3.95844121068786	10.3808275831441	-3.95844121068786	11.3018097234774	-3.95844121068786	12.0720520886897	-3.95844121068786	8.40783944622448	-3.95844121068786	-3.95844121068786	-3.95844121068786	9.19809361530003	9.01307834653028	-3.95844121068786	6.93664860702006	-3.95844121068786	-3.95844121068786	7.28268865426034	-3.95844121068786	4.94550986137084	-3.95844121068786	-3.95844121068786	-3.95844121068786	-3.95844121068786	6.32522782942193	-3.95844121068786	5.5505953550032	-3.95844121068786	9.48797618690129	7.54595800893791	-3.95844121068786	-3.95844121068786	-3.95844121068786	-3.95844121068786	-3.95844121068786	6.84258229723877	-3.95844121068786	-3.95844121068786	-3.95844121068786	-3.95844121068786	8.40856335570779	-3.95844121068786	-3.95844121068786	-3.95844121068786	-3.95844121068786	-3.95844121068786	-3.95844121068786	11.5564304100373	8.51471914165581	-3.95844121068786	-3.95844121068786	-3.95844121068786	-3.95844121068786	-3.95844121068786	-3.95844121068786	-3.95844121068786	-3.95844121068786	-3.95844121068786	-3.95844121068786	11.5836591629114	7.95628264820291	-3.95844121068786	-3.95844121068786	-3.95844121068786	-3.95844121068786	9.07566128214454	-3.95844121068786	-3.95844121068786	7.67049683471853	-3.95844121068786	-3.95844121068786	-3.95844121068786	-3.95844121068786	-3.95844121068786	-3.95844121068786	-3.95844121068786	-3.95844121068786	-3.95844121068786	-3.95844121068786	-3.95844121068786	-3.95844121068786	-3.95844121068786	-3.95844121068786	-3.95844121068786	9.89450096094523	-3.95844121068786	6.45760047088793	-3.95844121068786	8.66998971311985	-3.95844121068786	-3.95844121068786	7.42301929653843	-3.95844121068786
MSM79H7Q	5.83351273934091	2.68984014379028	2.77236495297679	-5.87251759958033	4.35272731199047	-5.87251759958033	-5.87251759958033	-5.87251759958033	8.96378819964707	-5.87251759958033	-5.87251759958033	9.8219618544329	-5.87251759958033	-5.87251759958033	2.93600101920248	-5.87251759958033	-5.87251759958033	7.63948091716826	8.39338745411237	6.92658074091399	9.65686854078474	10.4226970147889	8.00872545395027	7.5865622703266	4.82737293581751	6.05186167205888	4.16028622442585	7.26919928467284	-5.87251759958033	-5.87251759958033	4.64564194663929	-5.87251759958033	8.70741886254578	5.18139956535076	7.19954357109415	2.80013969445997	9.06933422083836	-5.87251759958033	-5.87251759958033	-5.87251759958033	-5.87251759958033	-5.87251759958033	-5.87251759958033	-5.87251759958033	-5.87251759958033	-5.87251759958033	2.3274960485951	-5.87251759958033	6.18459669594996	3.90034860774735	2.3274960485951	-5.87251759958033	5.34268892500739	4.97800325216446	-5.87251759958033	-5.87251759958033	-5.87251759958033	4.87878910601779	-5.87251759958033	6.45258619128208	4.14568161008769	6.19539007773238	5.2345576831502	6.64361363627999	-5.87251759958033	-5.87251759958033	5.90516158053731	-5.87251759958033	-5.87251759958033	-5.87251759958033	-5.87251759958033	-5.87251759958033	-5.87251759958033	-5.87251759958033	-5.87251759958033	5.99605928570698	6.11974901399581	11.2514338002592	5.64888185946927	8.26626488153223	7.79253163118472	-5.87251759958033	7.17596454919279	6.78838475638084	-5.87251759958033	3.87962367046116	-5.87251759958033	-5.87251759958033	10.8905948775461	4.66783774498452	4.72314165789406	5.3156606216011	6.17333347550075	-5.87251759958033	9.07637085865374	-5.87251759958033	-5.87251759958033	4.64130601399057	-5.87251759958033	-5.87251759958033	-5.87251759958033	-5.87251759958033	-5.87251759958033	4.69933764215151	-5.87251759958033	-5.87251759958033	6.16709305868968	-5.87251759958033	-5.87251759958033	-5.87251759958033	3.25346242377777	3.59563824524133	-5.87251759958033	3.2347928720763	3.93836112122313	-5.87251759958033	-5.87251759958033	-5.87251759958033	1.4741375635962	3.02050589481438	-5.87251759958033	-5.87251759958033
MSM79H7Y	6.77229553687492	4.39456831619352	4.3449751824631	-6.57140335833566	6.1849011838196	-6.57140335833566	0.139119751116769	-6.57140335833566	8.84373939275279	-6.57140335833566	-6.57140335833566	9.55173565347129	-6.57140335833566	-6.57140335833566	3.61992875345055	-6.57140335833566	-6.57140335833566	4.69102020530707	8.23959757620626	6.54952098415441	9.58671374279278	9.42250918261278	7.95579690015739	7.26360683985238	3.26225168460179	6.42576180883315	4.55572726412198	6.95137372362666	-6.57140335833566	3.04580114266239	5.09244759110613	-6.57140335833566	8.67488269245328	5.14087284042139	6.90429077744699	3.90928727222959	8.48347832491201	1.05467939973672	-6.57140335833566	3.38044569507835	-6.57140335833566	-6.57140335833566	-6.57140335833566	-6.57140335833566	-6.57140335833566	-6.57140335833566	0.1144575887327	-6.57140335833566	7.31193499267518	4.00249996275832	4.37889428708285	-6.57140335833566	5.93551804712798	5.96925045115012	-6.57140335833566	4.23023132183833	-6.57140335833566	3.88628534943439	-6.57140335833566	5.61038171756317	4.81267685971503	5.60915145920756	5.28056959587302	7.16246429565696	-6.57140335833566	-6.57140335833566	6.90242079281802	-6.57140335833566	-6.57140335833566	-6.57140335833566	-6.57140335833566	-6.57140335833566	-6.57140335833566	-6.57140335833566	-6.57140335833566	7.327980407713	5.81273597150991	9.04759281475581	5.84667504289827	4.55292886474659	5.87573526796768	-6.57140335833566	6.17798436609699	6.20296444306481	2.76301132874245	4.26643093087419	-6.57140335833566	-6.57140335833566	10.5806117726959	3.68488664972533	5.44623508619879	3.12142488937476	5.48361962756353	-6.57140335833566	8.48404281976491	-6.57140335833566	-6.57140335833566	4.31305718688115	-6.57140335833566	-6.57140335833566	-6.57140335833566	-6.57140335833566	1.697584851171	4.22941634247333	-6.57140335833566	-6.57140335833566	5.82912937304813	-6.57140335833566	-6.57140335833566	2.29940008564647	-6.57140335833566	4.97815293045636	-6.57140335833566	4.46768714720779	3.32309390236234	-6.57140335833566	-0.0332635345679897	-6.57140335833566	-6.57140335833566	-6.57140335833566	-6.57140335833566	-6.57140335833566
MSM79H85	-3.99645440479049	6.17671671449474	-3.99645440479049	-3.99645440479049	6.94697411399867	-3.99645440479049	-3.99645440479049	-3.99645440479049	-3.99645440479049	-3.99645440479049	13.8373487189534	-3.99645440479049	-3.99645440479049	-3.99645440479049	-3.99645440479049	-3.99645440479049	-3.99645440479049	-3.99645440479049	-3.99645440479049	12.225159556006	-3.99645440479049	-3.99645440479049	-3.99645440479049	-3.99645440479049	-3.99645440479049	-3.99645440479049	-3.99645440479049	-3.99645440479049	-3.99645440479049	-3.99645440479049	-3.99645440479049	-3.99645440479049	12.045293644839	9.37886139198791	-3.99645440479049	-3.99645440479049	-3.99645440479049	-3.99645440479049	6.86659407484957	3.22684127477183	-3.99645440479049	-3.99645440479049	-3.99645440479049	-3.99645440479049	-3.99645440479049	-3.99645440479049	-3.99645440479049	5.87352806918824	10.0290261125055	2.02213880970575	4.20080896662385	6.51601036521878	5.04440165919323	7.13493241758768	-3.99645440479049	-3.99645440479049	-3.99645440479049	7.30465065934671	-3.99645440479049	7.35854158301577	4.78632861260271	6.84901111935577	4.09333477099883	7.8196893186555	-3.99645440479049	-3.99645440479049	8.28115254671114	-3.99645440479049	-3.99645440479049	-3.99645440479049	2.74995772378288	-3.99645440479049	-3.99645440479049	-3.99645440479049	-3.99645440479049	-3.99645440479049	10.5619554160639	-3.99645440479049	8.38634500918555	11.4906856473364	9.00861306828972	-3.99645440479049	9.51041053982632	-3.99645440479049	-3.99645440479049	5.84041246040374	-3.99645440479049	-3.99645440479049	11.2259814748977	-3.99645440479049	5.00944149330397	-3.99645440479049	7.85836429091079	-3.99645440479049	6.02796677064127	-3.99645440479049	-3.99645440479049	-3.99645440479049	-3.99645440479049	-3.99645440479049	-3.99645440479049	-3.99645440479049	-3.99645440479049	-3.99645440479049	-3.99645440479049	-3.99645440479049	-3.99645440479049	5.53821332383422	8.11893285009255	8.36092631275431	6.59870423942222	7.73473070461266	6.39441612738508	-3.99645440479049	5.72256929787965	-3.99645440479049	-3.99645440479049	-3.99645440479049	8.1361923436122	6.05074380541194	-3.99645440479049	7.37699057819089
MSM79H8D	5.44776937608748	-6.18018867886221	4.6161367241733	-6.18018867886221	5.61309963829741	-6.18018867886221	-6.18018867886221	-6.18018867886221	-6.18018867886221	-6.18018867886221	11.0466613554078	8.04698838539725	9.20363379247788	9.77281426267834	7.91190837265441	-6.18018867886221	7.70113864543605	8.85987083500653	-6.18018867886221	-6.18018867886221	10.3333399933425	1.3103407231985	-6.18018867886221	8.47175132017898	5.22516271122354	-6.18018867886221	-6.18018867886221	7.59818164026048	-6.18018867886221	-6.18018867886221	7.88928246987149	2.31496338167715	9.62970391038797	5.39684709057392	9.01042661926594	-6.18018867886221	9.16143057252909	-6.18018867886221	-6.18018867886221	-6.18018867886221	-6.18018867886221	4.37486856606681	-6.18018867886221	4.24479733949622	-6.18018867886221	2.92822970338859	6.21667373341402	1.71375645937375	-6.18018867886221	5.10295877535764	4.63760764275676	3.80400290108888	3.33991321070864	4.61162213646402	6.51044056095114	5.38419956613207	-6.18018867886221	-6.18018867886221	1.29911095892063	1.78570405622232	-6.18018867886221	4.54310073135637	5.37791089641855	5.26724848073483	-6.18018867886221	-6.18018867886221	6.08801803692898	-6.18018867886221	-6.18018867886221	4.20698965503259	3.18894870486097	-6.18018867886221	-6.18018867886221	3.56728813166976	-6.18018867886221	-6.18018867886221	8.65327023940124	8.8852582852025	3.03821906419173	-6.18018867886221	5.90445617193955	-6.18018867886221	-6.18018867886221	-6.18018867886221	-6.18018867886221	4.42567830554744	-6.18018867886221	2.35307469273152	8.70513715196232	6.67857627281082	1.43609488271818	2.29430575802091	3.55612205420642	-6.18018867886221	4.51879955334568	6.40507696543727	-6.18018867886221	5.03757346544158	2.96304988957324	-6.18018867886221	-6.18018867886221	-6.18018867886221	4.51450245970622	5.5143997927721	-6.18018867886221	-6.18018867886221	6.79363060572529	-6.18018867886221	4.08380148274698	-6.18018867886221	-6.18018867886221	1.46041514753143	-6.18018867886221	-6.18018867886221	5.17246239457274	-6.18018867886221	5.5143997927721	-6.18018867886221	-6.18018867886221	1.60760819931896	-6.18018867886221	-6.18018867886221
MSM79H9G	-4.60377022229363	-4.60377022229363	9.97426478049584	-4.60377022229363	-4.60377022229363	-4.60377022229363	-4.60377022229363	-4.60377022229363	10.6815094313933	8.31095625186789	-4.60377022229363	-4.60377022229363	9.18659789692366	8.6773406818009	-4.60377022229363	-4.60377022229363	-4.60377022229363	9.12571501781942	-4.60377022229363	7.01514456059684	12.5022772930491	9.43629169555718	-4.60377022229363	11.3020044761822	-4.60377022229363	6.78201481284535	6.82306344274636	-4.60377022229363	-4.60377022229363	-4.60377022229363	6.26861948738787	8.45808065200873	11.1334413659479	8.28958494022634	10.7294578373626	-4.60377022229363	-4.60377022229363	-4.60377022229363	-4.60377022229363	-4.60377022229363	6.47900289696362	-4.60377022229363	-4.60377022229363	-4.60377022229363	-4.60377022229363	6.25390097105103	5.26930966782108	-4.60377022229363	6.22419446192016	-4.60377022229363	-4.60377022229363	-4.60377022229363	-4.60377022229363	8.74403965260754	-4.60377022229363	-4.60377022229363	6.30495256940531	8.06742227121296	-4.60377022229363	8.22674508358946	-4.60377022229363	-4.60377022229363	-4.60377022229363	-4.60377022229363	-4.60377022229363	3.18816573464443	8.70818985045796	-4.60377022229363	-4.60377022229363	-4.60377022229363	-4.60377022229363	-4.60377022229363	-4.60377022229363	-4.60377022229363	-4.60377022229363	-4.60377022229363	4.86128988443151	3.69551568460365	5.48124690683625	-4.60377022229363	-4.60377022229363	7.00383795293581	-4.60377022229363	-4.60377022229363	-4.60377022229363	-4.60377022229363	5.70053833785701	4.10255461784512	7.9259462985882	5.67131536883909	-4.60377022229363	8.01699482859484	11.0120284986418	3.79486463299848	8.00228921942557	12.4956058673768	-4.60377022229363	7.85345406048993	-4.60377022229363	-4.60377022229363	-4.60377022229363	-4.60377022229363	-4.60377022229363	-4.60377022229363	10.3451278942115	-4.60377022229363	8.6526711483219	-4.60377022229363	-4.60377022229363	-4.60377022229363	-4.60377022229363	-4.60377022229363	-4.60377022229363	-4.60377022229363	-4.60377022229363	2.89232712288233	4.96291503915931	-4.60377022229363	-4.60377022229363	-4.60377022229363	5.25372574639151	-4.60377022229363
MSM79H9Q	-5.33645713140984	-5.33645713140984	-5.33645713140984	-5.33645713140984	5.05472046949012	-5.33645713140984	-5.33645713140984	-5.33645713140984	7.99405960365576	4.45671319681542	-5.33645713140984	5.68186048781723	-5.33645713140984	-5.33645713140984	6.02391138307159	-5.33645713140984	9.565482129177	6.91502377562192	8.12079294059373	8.01272463680731	9.0759490343387	10.2970167236352	-5.33645713140984	6.93540793629532	-5.33645713140984	-5.33645713140984	5.99447872166663	7.76774431202462	8.23718693986689	12.1597144769132	5.21180110194587	-5.33645713140984	7.4147295147355	-5.33645713140984	7.85917715362172	-5.33645713140984	7.38739986965304	5.95020742834359	-5.33645713140984	-5.33645713140984	-5.33645713140984	-5.33645713140984	-5.33645713140984	5.5372599449714	-5.33645713140984	-5.33645713140984	-5.33645713140984	-5.33645713140984	8.66577445811806	5.36658506909876	3.82058794350812	-5.33645713140984	6.81701083392637	6.65152790993764	-5.33645713140984	5.73565062150923	-5.33645713140984	-5.33645713140984	-5.33645713140984	5.49783531115846	5.54575120287391	5.77883745756074	6.58174008964392	7.57755524344676	-5.33645713140984	-5.33645713140984	6.98784733794513	-5.33645713140984	-5.33645713140984	-5.33645713140984	-5.33645713140984	-5.33645713140984	-5.33645713140984	-5.33645713140984	-5.33645713140984	10.4904812154684	3.72317662314164	11.192095878941	6.92306622960049	6.14385216232575	8.14118761936466	-5.33645713140984	5.65980906043505	5.98519886332501	-5.33645713140984	6.75196309493325	-5.33645713140984	-5.33645713140984	10.214602444249	-5.33645713140984	5.28611334370995	-5.33645713140984	-5.33645713140984	-5.33645713140984	8.18347492588	-5.33645713140984	-5.33645713140984	6.05510263783474	-5.33645713140984	-5.33645713140984	-5.33645713140984	-5.33645713140984	5.33228893903349	3.17692882166344	-5.33645713140984	-5.33645713140984	-5.33645713140984	-5.33645713140984	-5.33645713140984	-5.33645713140984	-5.33645713140984	-5.33645713140984	-5.33645713140984	4.53249073485154	6.4383786488547	-5.33645713140984	4.01807016087884	6.79344156314746	-5.33645713140984	-5.33645713140984	-5.33645713140984	1.15729670844185
MSM79HA3	-4.83008229642705	-4.83008229642705	-4.83008229642705	-4.83008229642705	4.12420386077767	-4.83008229642705	-4.83008229642705	-4.83008229642705	9.57776068989437	7.56127002634145	9.5708961289942	7.17595889372793	8.45526860066952	9.11768471677436	-4.83008229642705	8.61535104994677	8.59657097688754	6.38593197177294	-4.83008229642705	5.61197249805673	9.71511998133548	9.66838418722414	-4.83008229642705	10.3752541295396	7.59295887412525	7.98085534554	5.75526396089917	8.43655630143415	-4.83008229642705	13.2680601747624	7.28377088810293	4.0322596670893	9.09410417518437	8.07596665799378	8.70477608800845	8.42595671319877	-4.83008229642705	-4.83008229642705	-4.83008229642705	-4.83008229642705	4.12935784718988	-4.83008229642705	-4.83008229642705	-4.83008229642705	-4.83008229642705	-4.83008229642705	-4.83008229642705	-4.83008229642705	6.27233034211339	-4.83008229642705	-4.83008229642705	4.18192908060936	-4.83008229642705	3.59521488028465	-4.83008229642705	4.00060690233395	-4.83008229642705	-4.83008229642705	-4.83008229642705	4.71822918829409	-4.83008229642705	4.57919089814829	-4.83008229642705	2.89348017585092	-4.83008229642705	-4.83008229642705	4.97639863816693	-4.83008229642705	-4.83008229642705	-4.83008229642705	-4.83008229642705	-4.83008229642705	-4.83008229642705	-4.83008229642705	-4.83008229642705	-4.83008229642705	6.99466404172327	6.35975496482744	6.03659865766946	8.37170390425449	7.99759050624825	-4.83008229642705	9.26204508935038	5.32963536041108	4.8250079973202	-4.83008229642705	-4.83008229642705	-4.83008229642705	9.12209062256072	-4.83008229642705	3.49133929047083	-4.83008229642705	9.28793071755423	-4.83008229642705	4.28495789569481	6.49556132986664	6.0594272534569	-4.83008229642705	-4.83008229642705	-4.83008229642705	-4.83008229642705	-4.83008229642705	-4.83008229642705	-4.83008229642705	-4.83008229642705	-4.83008229642705	7.80981937110072	-4.83008229642705	-4.83008229642705	-4.83008229642705	-4.83008229642705	-4.83008229642705	-4.83008229642705	-4.83008229642705	-4.83008229642705	3.48890382896501	-4.83008229642705	-4.83008229642705	-4.83008229642705	-4.83008229642705	-4.83008229642705	-4.83008229642705
MSM79HAH	-4.03048946970721	-4.03048946970721	-4.03048946970721	-4.03048946970721	-4.03048946970721	-4.03048946970721	-4.03048946970721	-4.03048946970721	10.275740530659	9.31567484288719	-4.03048946970721	-4.03048946970721	-4.03048946970721	-4.03048946970721	-4.03048946970721	10.0328736422712	-4.03048946970721	6.4240343142563	12.7126801209057	10.0264060488005	12.9408817537494	12.9737028663586	11.2731838496915	7.09340018410573	-4.03048946970721	-4.03048946970721	-4.03048946970721	-4.03048946970721	-4.03048946970721	-4.03048946970721	9.80336284507984	-4.03048946970721	11.2077030665627	6.63546141594819	10.2583074484408	-4.03048946970721	10.2727854330841	-4.03048946970721	-4.03048946970721	-4.03048946970721	-4.03048946970721	-4.03048946970721	6.04825306341616	-4.03048946970721	-4.03048946970721	-4.03048946970721	4.93663218652371	-4.03048946970721	-4.03048946970721	4.66418022683978	-4.03048946970721	-4.03048946970721	4.91731662334985	-4.03048946970721	-4.03048946970721	-4.03048946970721	-4.03048946970721	5.3283571105682	-4.03048946970721	6.30156103662748	-4.03048946970721	-4.03048946970721	3.86345566852875	5.95554534379649	-4.03048946970721	-4.03048946970721	7.91876003095717	-4.03048946970721	-4.03048946970721	-4.03048946970721	-4.03048946970721	-4.03048946970721	-4.03048946970721	-4.03048946970721	-4.03048946970721	-4.03048946970721	8.52444618590707	9.67035182477655	6.93097933096612	10.4238182019941	5.34460233786946	-4.03048946970721	-4.03048946970721	-4.03048946970721	-4.03048946970721	5.42600760789218	-4.03048946970721	-4.03048946970721	11.6526006702321	7.34605483160984	-4.03048946970721	6.78910879850113	-4.03048946970721	-4.03048946970721	7.20761749779412	9.85150240843781	9.43797251888438	-4.03048946970721	-4.03048946970721	-4.03048946970721	-4.03048946970721	-4.03048946970721	-4.03048946970721	5.64616021592644	-4.03048946970721	9.44253218776	-4.03048946970721	-4.03048946970721	-4.03048946970721	-4.03048946970721	-4.03048946970721	-4.03048946970721	-4.03048946970721	-4.03048946970721	-4.03048946970721	-4.03048946970721	5.70759263841128	-4.03048946970721	-4.03048946970721	-4.03048946970721	-4.03048946970721	9.91852960561995
MSM79HAJ	-6.39659276352625	-6.39659276352625	-6.39659276352625	-6.39659276352625	8.25474916518398	-6.39659276352625	3.97223129415543	4.45082014298067	7.84306791207618	-6.39659276352625	7.62689978801232	8.88644438623758	-6.39659276352625	-6.39659276352625	-6.39659276352625	-6.39659276352625	5.91433977236982	7.52031034813688	6.89928853211588	7.42559644253536	9.41851778529426	7.82578258919431	-6.39659276352625	7.26210139807679	-6.39659276352625	-6.39659276352625	5.61268001852927	5.75908618285921	3.68508281452222	-6.39659276352625	6.86846910992114	4.12426722450618	3.40380946092655	5.71275420085009	8.22596537184678	6.81754911007758	7.61216363008602	-6.39659276352625	5.01264855766709	5.91240192700729	-6.39659276352625	-6.39659276352625	-6.39659276352625	3.63401190406934	-6.39659276352625	-6.39659276352625	3.43168621141212	6.50746782713454	8.01711727948827	5.49388518494972	-6.39659276352625	7.44277200688871	5.29473826741134	5.13996133357369	-6.39659276352625	5.79594367959126	-6.39659276352625	-6.39659276352625	-6.39659276352625	-6.39659276352625	4.85731582820596	7.5429664931002	4.88176160373077	6.43220728066716	-6.39659276352625	4.93829396028817	7.1977734932907	-6.39659276352625	-6.39659276352625	-6.39659276352625	-6.39659276352625	-6.39659276352625	-6.39659276352625	-6.39659276352625	-6.39659276352625	-6.39659276352625	9.21379755714976	9.98907441668643	8.26005859612406	3.90099556703899	6.07664414647878	-6.39659276352625	6.79007973370518	7.09831437940379	-6.39659276352625	-6.39659276352625	4.07535704558423	-6.39659276352625	9.46478070643519	-6.39659276352625	5.21074247600514	5.39283501260261	8.96180363991108	-6.39659276352625	7.38316729312864	7.83406322995501	-6.39659276352625	6.95059435288607	-6.39659276352625	5.5611531290302	-6.39659276352625	6.49055701169077	4.82519131914007	3.55334889338176	6.24796381896926	-6.39659276352625	-6.39659276352625	-6.39659276352625	-6.39659276352625	-6.39659276352625	-6.39659276352625	-6.39659276352625	-6.39659276352625	-6.39659276352625	-6.39659276352625	-6.39659276352625	-6.39659276352625	-6.39659276352625	-6.39659276352625	-6.39659276352625	-6.39659276352625	8.25670673082343
MSM79HAN	-6.74245951467999	6.42275451811994	-6.74245951467999	-6.74245951467999	7.84553191099134	-6.74245951467999	3.27261413430816	-6.74245951467999	7.94406445372583	-6.74245951467999	7.67720907416912	8.08591334089911	-6.74245951467999	-6.74245951467999	-6.74245951467999	-6.74245951467999	5.54293711876809	7.15340539469956	4.90334337912705	6.39857055096834	9.16297136527219	8.33667227545727	-6.74245951467999	7.57552246770122	-6.74245951467999	0.802401553978472	5.77736856953023	5.59284592271448	-6.74245951467999	-6.74245951467999	7.17669999505194	3.46228011983662	4.70358869644811	5.90051553462549	8.23952476360263	7.61717661780041	7.4642082802358	-6.74245951467999	5.44075895230387	6.76808852017306	-6.74245951467999	-6.74245951467999	-6.74245951467999	4.04171231726098	-6.74245951467999	-6.74245951467999	1.59345157951696	6.88620446400088	7.0803652292915	4.53475627491691	-6.74245951467999	6.01973998237623	5.26461936189385	5.25862256260329	-6.74245951467999	4.95112779719407	-6.74245951467999	-6.74245951467999	-6.74245951467999	4.3610078809121	5.04734740549782	6.87306355882478	5.22960451794418	6.09278429870169	-6.74245951467999	4.36925677284758	6.44690996188556	-6.74245951467999	-6.74245951467999	-6.74245951467999	-6.74245951467999	-6.74245951467999	-6.74245951467999	-6.74245951467999	2.19751466260965	-6.74245951467999	5.11299835835084	5.77605244794999	6.69892615945154	5.82533879838353	4.26977215905681	-6.74245951467999	5.69174820376702	6.68552064252498	-6.74245951467999	-6.74245951467999	-6.74245951467999	-6.74245951467999	8.64804470508412	-6.74245951467999	4.43080262756527	4.88326771108262	7.90752025299875	-6.74245951467999	5.69468913689009	7.43491321028891	-6.74245951467999	5.44982348926663	-6.74245951467999	-6.74245951467999	-6.74245951467999	4.6410517845287	2.85796156336061	3.99699768998152	5.19253248889583	-6.74245951467999	-6.74245951467999	-6.74245951467999	-6.74245951467999	-6.74245951467999	-6.74245951467999	-6.74245951467999	-6.74245951467999	-6.74245951467999	-6.74245951467999	-6.74245951467999	2.73185920304874	8.83773577741972	7.61502701764056	9.17480443896719	-6.74245951467999	9.2477483314688
MSM79HB6	6.58867380325511	6.84384223899418	4.02654540890025	-5.74518061245362	5.91341106943826	-5.74518061245362	-5.74518061245362	3.2801546050994	10.345561416066	-5.74518061245362	-5.74518061245362	-5.74518061245362	-5.74518061245362	-5.74518061245362	-5.74518061245362	9.79266269915501	-5.74518061245362	8.65043216051134	-5.74518061245362	7.32778451593515	11.2581530259612	10.7297472400778	8.57145123416404	-5.74518061245362	-5.74518061245362	-5.74518061245362	-5.74518061245362	8.03379147193445	-5.74518061245362	-5.74518061245362	9.09662993089754	5.05848861502348	-5.74518061245362	-5.74518061245362	9.2887087828534	-5.74518061245362	9.58381429121144	2.50046628842024	-5.74518061245362	-5.74518061245362	3.94083477600553	-5.74518061245362	-5.74518061245362	6.24640465872782	6.04105666560644	5.79381212957877	4.56380538096846	-5.74518061245362	-5.74518061245362	5.77582214319599	5.76995241405861	4.67832022770749	-5.74518061245362	6.80228428938412	5.03566971594583	-5.74518061245362	-5.74518061245362	6.52579455045945	1.11233345009177	5.79799273767432	-5.74518061245362	4.24773622490893	4.37828548805356	-5.74518061245362	3.61280360143512	6.30242957086162	6.70595753296571	-5.74518061245362	-5.74518061245362	6.15850909717173	3.25702796582879	4.31748780443482	2.45757576920202	1.46341972550658	5.5163432775814	7.89089342300017	5.78618380533321	6.02688083476086	2.80757275436117	5.68632870210224	6.32793761682629	-5.74518061245362	-5.74518061245362	-5.74518061245362	-5.74518061245362	-5.74518061245362	-5.74518061245362	5.18544112878291	7.54217333742088	7.21800178769839	-5.74518061245362	-5.74518061245362	-5.74518061245362	-5.74518061245362	-5.74518061245362	7.95632214966028	-5.74518061245362	8.04910733050896	-5.74518061245362	-5.74518061245362	-5.74518061245362	-5.74518061245362	-5.74518061245362	-5.74518061245362	-5.74518061245362	-5.74518061245362	-5.74518061245362	5.34692749945377	-5.74518061245362	-5.74518061245362	-5.74518061245362	-5.74518061245362	-5.74518061245362	5.99592370539536	-5.74518061245362	3.96356861327346	-5.74518061245362	7.56201948939033	-5.74518061245362	-5.74518061245362	4.64138102751765	10.5677373838391
MSM79HC8	7.66888173854143	5.80850010032794	2.98130913737773	-5.67407955278991	6.70452101473691	-5.67407955278991	-5.67407955278991	-5.67407955278991	8.28044571191676	-5.67407955278991	-5.67407955278991	9.79956212469676	-5.67407955278991	-5.67407955278991	-5.67407955278991	-5.67407955278991	-5.67407955278991	6.5467388378861	7.64648037098326	6.12875799630674	10.0678001812704	9.87718980188598	6.60812508660795	6.87540902316727	-5.67407955278991	5.59780566612602	3.42096219482281	7.03222580924508	-5.67407955278991	-5.67407955278991	4.2820478870704	-5.67407955278991	8.13188660192144	3.29813052556374	7.68389493195008	-5.67407955278991	9.40641922553496	-5.67407955278991	-5.67407955278991	-5.67407955278991	-5.67407955278991	-5.67407955278991	-5.67407955278991	-5.67407955278991	-5.67407955278991	-5.67407955278991	3.00370070327427	-5.67407955278991	7.05245513670849	3.23798954518022	3.01218107974186	2.73352196199623	6.39026246377271	6.70169789192276	-5.67407955278991	1.47347971839954	-5.67407955278991	5.92951808029003	-5.67407955278991	5.87316037859497	6.42780411278864	7.25840820761613	5.9519156353881	6.89785421425526	-5.67407955278991	-5.67407955278991	8.80898392928525	-5.67407955278991	-5.67407955278991	-5.67407955278991	-5.67407955278991	-5.67407955278991	-5.67407955278991	-5.67407955278991	-5.67407955278991	7.14148960642919	6.91210962315999	11.6501665596769	5.41635162720429	6.76251336899343	7.25132202048153	-5.67407955278991	5.01173295895221	4.91656225856975	-5.67407955278991	3.88133877727934	-5.67407955278991	-5.67407955278991	11.4740476089987	-5.67407955278991	5.48887700386612	-5.67407955278991	-5.67407955278991	-5.67407955278991	7.92510292567822	-5.67407955278991	-5.67407955278991	5.82313311013565	-5.67407955278991	-5.67407955278991	-5.67407955278991	-5.67407955278991	3.36321609917253	3.23393876999498	-5.67407955278991	-5.67407955278991	7.57994521988324	-5.67407955278991	-5.67407955278991	5.30323225460483	2.084253914701	-5.67407955278991	-5.67407955278991	5.9032375475307	4.05213368417378	-5.67407955278991	2.79832545583619	5.58949954599411	3.30445485729341	-5.67407955278991	-5.67407955278991	-5.67407955278991
MSM79HCR	-3.1381604812062	-3.1381604812062	-3.1381604812062	7.43753147486995	5.34049976049325	-3.1381604812062	-3.1381604812062	-3.1381604812062	-3.1381604812062	-3.1381604812062	14.8415843015631	-3.1381604812062	-3.1381604812062	-3.1381604812062	-3.1381604812062	-3.1381604812062	-3.1381604812062	-3.1381604812062	-3.1381604812062	13.1922006487941	-3.1381604812062	-3.1381604812062	-3.1381604812062	-3.1381604812062	-3.1381604812062	-3.1381604812062	-3.1381604812062	-3.1381604812062	-3.1381604812062	-3.1381604812062	-3.1381604812062	-3.1381604812062	12.3259011965669	10.1444850259235	-3.1381604812062	-3.1381604812062	-3.1381604812062	-3.1381604812062	-3.1381604812062	-3.1381604812062	-3.1381604812062	-3.1381604812062	-3.1381604812062	-3.1381604812062	-3.1381604812062	-3.1381604812062	-3.1381604812062	-3.1381604812062	11.1772104007642	3.42851194859704	-3.1381604812062	7.70554915049578	8.96516489782095	9.3326620424894	-3.1381604812062	-3.1381604812062	-3.1381604812062	7.82971016844737	-3.1381604812062	-3.1381604812062	-3.1381604812062	8.63498078809684	-3.1381604812062	-3.1381604812062	-3.1381604812062	-3.1381604812062	8.47769153974373	-3.1381604812062	-3.1381604812062	-3.1381604812062	-3.1381604812062	-3.1381604812062	-3.1381604812062	-3.1381604812062	-3.1381604812062	7.71623176772013	11.3033318221945	9.11546823397859	6.75229248905946	10.3203765168094	8.89350520431562	-3.1381604812062	6.6398205360902	-3.1381604812062	-3.1381604812062	-3.1381604812062	-3.1381604812062	-3.1381604812062	12.0547351174853	3.60825164736717	5.7939199568971	-3.1381604812062	-3.1381604812062	-3.1381604812062	8.57337810933486	-3.1381604812062	-3.1381604812062	-3.1381604812062	-3.1381604812062	-3.1381604812062	-3.1381604812062	-3.1381604812062	-3.1381604812062	7.86877763663828	-3.1381604812062	-3.1381604812062	-3.1381604812062	6.48103923194616	6.48501775320756	6.95640187311863	-3.1381604812062	8.85348674937945	-3.1381604812062	-3.1381604812062	-3.1381604812062	-3.1381604812062	-3.1381604812062	7.59629953754674	7.93161358467453	-3.1381604812062	-3.1381604812062	7.51865171492219
MSM79HDA	-2.47021789106807	-2.47021789106807	-2.47021789106807	-2.47021789106807	-2.47021789106807	-2.47021789106807	-2.47021789106807	7.27139758154152	-2.47021789106807	-2.47021789106807	-2.47021789106807	-2.47021789106807	-2.47021789106807	-2.47021789106807	-2.47021789106807	-2.47021789106807	-2.47021789106807	-2.47021789106807	-2.47021789106807	-2.47021789106807	-2.47021789106807	-2.47021789106807	-2.47021789106807	-2.47021789106807	-2.47021789106807	-2.47021789106807	-2.47021789106807	-2.47021789106807	-2.47021789106807	-2.47021789106807	-2.47021789106807	-2.47021789106807	-2.47021789106807	-2.47021789106807	-2.47021789106807	-2.47021789106807	-2.47021789106807	-2.47021789106807	7.95536158150795	8.38010899683098	-2.47021789106807	10.8166611210907	-2.47021789106807	-2.47021789106807	13.2179131242996	-2.47021789106807	-2.47021789106807	-2.47021789106807	-2.47021789106807	-2.47021789106807	-2.47021789106807	-2.47021789106807	-2.47021789106807	-2.47021789106807	-2.47021789106807	-2.47021789106807	-2.47021789106807	-2.47021789106807	13.1144180740974	-2.47021789106807	-2.47021789106807	-2.47021789106807	-2.47021789106807	-2.47021789106807	10.218561728469	-2.47021789106807	-2.47021789106807	-2.47021789106807	-2.47021789106807	-2.47021789106807	-2.47021789106807	-2.47021789106807	-2.47021789106807	-2.47021789106807	12.3658248485074	-2.47021789106807	-2.47021789106807	-2.47021789106807	-2.47021789106807	-2.47021789106807	-2.47021789106807	9.24164859251723	-2.47021789106807	-2.47021789106807	11.626849266889	-2.47021789106807	-2.47021789106807	-2.47021789106807	15.2499214221119	10.9703097210093	-2.47021789106807	-2.47021789106807	-2.47021789106807	-2.47021789106807	-2.47021789106807	-2.47021789106807	-2.47021789106807	-2.47021789106807	-2.47021789106807	10.8844644148393	11.4812744299096	13.5914503611466	-2.47021789106807	-2.47021789106807	-2.47021789106807	-2.47021789106807	-2.47021789106807	-2.47021789106807	11.7352724945397	12.7520685914496	11.387135899775	12.5524845843133	8.20917125432036	-2.47021789106807	-2.47021789106807	-2.47021789106807	-2.47021789106807	12.8221543874991	11.177336630142	-2.47021789106807	-2.47021789106807	-2.47021789106807
MSM79HDE	-3.53031447094896	-3.53031447094896	-3.53031447094896	-3.53031447094896	-3.53031447094896	-3.53031447094896	-3.53031447094896	5.36408151885747	-3.53031447094896	-3.53031447094896	4.37844026783429	-3.53031447094896	-3.53031447094896	-3.53031447094896	-3.53031447094896	-3.53031447094896	-3.53031447094896	-3.53031447094896	-3.53031447094896	-3.53031447094896	-3.53031447094896	4.81987917977111	-3.53031447094896	-3.53031447094896	-3.53031447094896	-3.53031447094896	-3.53031447094896	-3.53031447094896	-3.53031447094896	-3.53031447094896	-3.53031447094896	-3.53031447094896	-3.53031447094896	-3.53031447094896	-3.53031447094896	-3.53031447094896	-3.53031447094896	-3.53031447094896	4.17539835294547	-3.53031447094896	-3.53031447094896	9.95767903278591	-3.53031447094896	-3.53031447094896	9.30244766023384	-3.53031447094896	-3.53031447094896	-3.53031447094896	13.2641519705944	8.11022114061833	-3.53031447094896	-3.53031447094896	-3.53031447094896	-3.53031447094896	-3.53031447094896	-3.53031447094896	-3.53031447094896	9.3381909604598	9.25032168656376	-3.53031447094896	-3.53031447094896	-3.53031447094896	-3.53031447094896	-3.53031447094896	11.5428644330209	-3.53031447094896	-3.53031447094896	7.76955390290807	-3.53031447094896	6.61811726286023	-3.53031447094896	-3.53031447094896	7.94771929714116	-3.53031447094896	10.4430208662086	-3.53031447094896	11.1826631602471	12.8039026138659	10.7538118786598	10.3265309100166	-3.53031447094896	6.90969569144035	-3.53031447094896	-3.53031447094896	9.11327412285452	-3.53031447094896	-3.53031447094896	-3.53031447094896	14.2029617915373	10.6584210212158	-3.53031447094896	-3.53031447094896	-3.53031447094896	-3.53031447094896	9.97574681876576	-3.53031447094896	-3.53031447094896	-3.53031447094896	-3.53031447094896	9.50035238949948	8.35266306390568	7.55920083225823	-3.53031447094896	-3.53031447094896	-3.53031447094896	-3.53031447094896	-3.53031447094896	-3.53031447094896	7.60282825243786	8.57815085837819	8.19279898329525	7.09444599920614	4.99900490026512	-3.53031447094896	-3.53031447094896	-3.53031447094896	-3.53031447094896	9.06634988674653	8.78993917513579	9.19252909002432	-3.53031447094896	-3.53031447094896
MSM79HDQ	-5.7163174568192	-5.7163174568192	6.6697030972963	6.87800970728868	6.15729190548686	-5.7163174568192	-5.7163174568192	-5.7163174568192	9.49602697595148	5.98987774761338	-5.7163174568192	-5.7163174568192	-5.7163174568192	-5.7163174568192	-5.7163174568192	6.29100542485555	-5.7163174568192	8.88540749339054	9.44290897810292	7.94543684352315	10.4750807920661	11.482060544572	-5.7163174568192	10.0373419231578	6.86307926348672	5.9347251202734	2.15880182422109	8.1073011419642	-5.7163174568192	-5.7163174568192	8.58869968043531	4.93388173960661	9.92150780158074	6.41595255455225	8.9037568722663	-5.7163174568192	9.23514324175168	-5.7163174568192	5.09302657966894	3.7648893946802	-5.7163174568192	-5.7163174568192	-5.7163174568192	6.47895204431569	-5.7163174568192	-5.7163174568192	6.23969640035563	-5.7163174568192	8.06491320204296	5.90493312503285	-5.7163174568192	-5.7163174568192	-5.7163174568192	8.59233997259483	6.0820200059319	7.34470441687026	-5.7163174568192	3.73783146691478	6.36906104488794	7.73832509287186	4.50820231785025	5.48941686531102	7.31926942509959	7.13308430199005	6.70244832415034	-5.7163174568192	7.79795421562752	-5.7163174568192	2.93383196184566	3.40092029689466	4.55635150674785	-5.7163174568192	3.49811453306024	3.42048401182211	-5.7163174568192	-5.7163174568192	-5.7163174568192	-5.7163174568192	-5.7163174568192	-5.7163174568192	-5.7163174568192	-5.7163174568192	8.87178942864085	6.27029858225475	-5.7163174568192	5.21430428441733	4.16446425818129	-5.7163174568192	10.8004604170709	6.3573717084115	1.76298218096363	-5.7163174568192	7.44480691269827	-5.7163174568192	-5.7163174568192	-5.7163174568192	-5.7163174568192	-5.7163174568192	-5.7163174568192	-5.7163174568192	-5.7163174568192	-5.7163174568192	3.71724646327136	2.87987174082354	-5.7163174568192	-5.7163174568192	7.09840872921091	-5.7163174568192	-5.7163174568192	-5.7163174568192	-5.7163174568192	-5.7163174568192	-5.7163174568192	-5.7163174568192	3.99485880729361	-5.7163174568192	-5.7163174568192	-5.7163174568192	-5.7163174568192	-5.7163174568192	-5.7163174568192	-5.7163174568192
MSM79HEY	5.31568513019975	3.79468171421404	4.43348032482404	-4.64800342502714	5.3786305323307	-4.64800342502714	-4.64800342502714	-4.64800342502714	10.2028213752051	-4.64800342502714	-4.64800342502714	5.23124266313595	-4.64800342502714	-4.64800342502714	-4.64800342502714	9.05612966277114	-4.64800342502714	10.6018845034896	-4.64800342502714	9.54209438924025	11.8722572948949	13.1206118303612	9.94683705559696	-4.64800342502714	-4.64800342502714	-4.64800342502714	-4.64800342502714	8.35058877352483	-4.64800342502714	-4.64800342502714	7.75104630498496	-4.64800342502714	-4.64800342502714	-4.64800342502714	9.85911863494614	-4.64800342502714	10.5974549162999	4.24226941435311	-4.64800342502714	-4.64800342502714	-4.64800342502714	-4.64800342502714	-4.64800342502714	6.64876651539651	-4.64800342502714	-4.64800342502714	3.13146354243119	-4.64800342502714	-4.64800342502714	5.74929583191572	5.67192214576808	8.54136605153841	-4.64800342502714	6.43967760426731	-4.64800342502714	-4.64800342502714	-4.64800342502714	5.19896668467382	-4.64800342502714	6.62056762022649	-4.64800342502714	-4.64800342502714	5.04420738625961	-4.64800342502714	-4.64800342502714	-4.64800342502714	6.45138947725716	-4.64800342502714	-4.64800342502714	6.47056006330459	-4.64800342502714	3.18043293413045	-4.64800342502714	3.77948385330461	-4.64800342502714	8.85054865836514	10.4262439367796	9.73476280534954	6.57096700017439	7.74359812824347	6.79440300446009	-4.64800342502714	-4.64800342502714	-4.64800342502714	-4.64800342502714	6.16838913427894	-4.64800342502714	-4.64800342502714	9.57240608080683	7.5941648633992	-4.64800342502714	-4.64800342502714	-4.64800342502714	-4.64800342502714	-4.64800342502714	5.07999914797402	-4.64800342502714	4.00912560668662	-4.64800342502714	-4.64800342502714	-4.64800342502714	-4.64800342502714	-4.64800342502714	-4.64800342502714	-4.64800342502714	-4.64800342502714	-4.64800342502714	6.23851720032494	6.22381687341018	-4.64800342502714	-4.64800342502714	4.90741490504211	-4.64800342502714	9.30031538916155	-4.64800342502714	7.93245981158748	-4.64800342502714	-4.64800342502714	-4.64800342502714	-4.64800342502714	7.81209496982885	6.76809170528864
MSM9VZEK	-4.53656316505953	-4.53656316505953	8.62332911057054	8.97360495687042	7.96210819639787	-4.53656316505953	-4.53656316505953	-4.53656316505953	9.61807396081262	8.90448809786523	-4.53656316505953	-4.53656316505953	-4.53656316505953	-4.53656316505953	-4.53656316505953	-4.53656316505953	-4.53656316505953	11.1864153028601	10.3167939456336	10.9874232556377	12.6359543005845	12.7241033169739	-4.53656316505953	10.7178463008448	7.60710734230764	4.46933273303493	-4.53656316505953	8.27895163023111	-4.53656316505953	-4.53656316505953	8.45071561412072	-4.53656316505953	9.33082896422349	4.89700075503103	9.26041777498818	-4.53656316505953	9.18374730703986	-4.53656316505953	-4.53656316505953	5.62663127809785	-4.53656316505953	-4.53656316505953	-4.53656316505953	6.74985058268872	-4.53656316505953	-4.53656316505953	8.09360332451968	-4.53656316505953	-4.53656316505953	8.31236549592266	-4.53656316505953	-4.53656316505953	-4.53656316505953	8.52299032958395	-4.53656316505953	9.29695527335098	-4.53656316505953	-4.53656316505953	6.90197274965604	5.38775589705653	6.29871438279768	7.15401463952305	8.66671822913121	8.88675037312738	9.13034413099597	5.34268292310356	-4.53656316505953	-4.53656316505953	-4.53656316505953	-4.53656316505953	-4.53656316505953	-4.53656316505953	-4.53656316505953	-4.53656316505953	-4.53656316505953	-4.53656316505953	-4.53656316505953	-4.53656316505953	-4.53656316505953	5.55219991034691	-4.53656316505953	-4.53656316505953	8.21084782028973	8.42398926746088	-4.53656316505953	-4.53656316505953	-4.53656316505953	-4.53656316505953	9.25171082219514	8.87873993907761	-4.53656316505953	-4.53656316505953	10.6759346309044	-4.53656316505953	-4.53656316505953	-4.53656316505953	-4.53656316505953	6.09955666931313	-4.53656316505953	-4.53656316505953	-4.53656316505953	7.91711537396259	-4.53656316505953	5.67591530524963	-4.53656316505953	-4.53656316505953	9.20288782531921	-4.53656316505953	-4.53656316505953	-4.53656316505953	-4.53656316505953	-4.53656316505953	-4.53656316505953	-4.53656316505953	-4.53656316505953	-4.53656316505953	-4.53656316505953	-4.53656316505953	-4.53656316505953	-4.53656316505953	-4.53656316505953	-4.53656316505953
MSM9VZES	-5.50856358222323	-5.50856358222323	8.23315080112726	-5.50856358222323	8.40411089086134	-5.50856358222323	3.46237681591922	5.61370163978351	9.98749383918576	8.37598877936413	-5.50856358222323	-5.50856358222323	-5.50856358222323	-5.50856358222323	-5.50856358222323	3.65164072025915	-5.50856358222323	9.97267466930736	10.8158981419716	8.38252836188705	10.7224741614677	10.9657523793437	-5.50856358222323	10.3143017128696	8.28742872800516	6.95895367425351	4.60279143407459	8.03450944586424	-5.50856358222323	-5.50856358222323	10.4968784675075	7.8117666567585	-5.50856358222323	-5.50856358222323	9.15288433964389	-5.50856358222323	8.45646207068469	-5.50856358222323	-5.50856358222323	-5.50856358222323	-5.50856358222323	-5.50856358222323	-5.50856358222323	6.63643652869255	-5.50856358222323	-5.50856358222323	6.25691665259728	-5.50856358222323	-5.50856358222323	7.34790791599065	-5.50856358222323	-5.50856358222323	-5.50856358222323	7.63101279778197	3.16580428356501	8.58075398313629	-5.50856358222323	-5.50856358222323	7.04721830296015	5.01847988609862	6.07984961687694	6.65679643780568	7.35345010010532	8.13856500983368	8.72980724034835	6.6773624768636	-5.50856358222323	2.79815546097946	4.67448566153191	1.92451176667535	-5.50856358222323	-5.50856358222323	2.62031655990241	-5.50856358222323	6.44068591844115	-5.50856358222323	-5.50856358222323	-5.50856358222323	-5.50856358222323	-5.50856358222323	-5.50856358222323	-5.50856358222323	5.65069669067196	8.16002460860295	-5.50856358222323	-5.50856358222323	-5.50856358222323	6.17579942293887	8.0011430227466	7.75514483162741	4.39196961048646	-5.50856358222323	10.8015069650899	-5.50856358222323	-5.50856358222323	-5.50856358222323	-5.50856358222323	6.89533890919255	4.12449225126764	-5.50856358222323	-5.50856358222323	5.75924109137929	2.09782380754942	5.43733620929281	-5.50856358222323	-5.50856358222323	7.95500509886214	-5.50856358222323	-5.50856358222323	-5.50856358222323	-5.50856358222323	-5.50856358222323	-5.50856358222323	-5.50856358222323	4.89451674114576	-5.50856358222323	-5.50856358222323	-5.50856358222323	-5.50856358222323	-5.50856358222323	-5.50856358222323	-5.50856358222323
MSM9VZEW	-3.57062800771257	-3.57062800771257	-3.57062800771257	-3.57062800771257	-3.57062800771257	-3.57062800771257	-3.57062800771257	-3.57062800771257	-3.57062800771257	-3.57062800771257	-3.57062800771257	-3.57062800771257	-3.57062800771257	-3.57062800771257	-3.57062800771257	13.8814313563233	-3.57062800771257	-3.57062800771257	-3.57062800771257	-3.57062800771257	-3.57062800771257	-3.57062800771257	-3.57062800771257	-3.57062800771257	-3.57062800771257	-3.57062800771257	-3.57062800771257	-3.57062800771257	-3.57062800771257	-3.57062800771257	-3.57062800771257	-3.57062800771257	-3.57062800771257	-3.57062800771257	-3.57062800771257	-3.57062800771257	-3.57062800771257	6.15319445649081	3.25483202854274	-3.57062800771257	-3.57062800771257	9.48457153877554	11.3893031013185	-3.57062800771257	8.58241826356697	-3.57062800771257	-3.57062800771257	-3.57062800771257	11.7780398859812	9.46078387699456	-3.57062800771257	-3.57062800771257	-3.57062800771257	-3.57062800771257	-3.57062800771257	-3.57062800771257	-3.57062800771257	10.7948986944075	8.88919886514458	-3.57062800771257	-3.57062800771257	-3.57062800771257	-3.57062800771257	-3.57062800771257	10.0419349312321	-3.57062800771257	-3.57062800771257	7.68728907185311	8.93817910245396	-3.57062800771257	-3.57062800771257	-3.57062800771257	5.39649364851835	-3.57062800771257	9.66492297361868	11.1376798602188	11.7319473838804	11.4531056094343	8.84420930670361	11.837296575114	-3.57062800771257	6.01958612270487	-3.57062800771257	-3.57062800771257	6.14054825640023	-3.57062800771257	-3.57062800771257	-3.57062800771257	13.6789946179089	10.2943686626692	-3.57062800771257	-3.57062800771257	-3.57062800771257	-3.57062800771257	8.23661496642638	-3.57062800771257	-3.57062800771257	5.15211486661683	-3.57062800771257	6.27739968761919	8.74160933003876	7.88192092966331	-3.57062800771257	-3.57062800771257	-3.57062800771257	-3.57062800771257	-3.57062800771257	-3.57062800771257	4.23362337581554	7.53944393598598	5.38494913856894	5.39009649261829	-3.57062800771257	-3.57062800771257	-3.57062800771257	-3.57062800771257	-3.57062800771257	7.72886906063002	5.94063143974739	8.03150724929445	-3.57062800771257	-3.57062800771257
MSM9VZF7	-4.51833934762482	-4.51833934762482	7.77506170796802	-4.51833934762482	-4.51833934762482	-4.51833934762482	-4.51833934762482	-4.51833934762482	10.7028762101733	11.1261206462528	-4.51833934762482	-4.51833934762482	9.48941917030758	9.00233158360107	-4.51833934762482	-4.51833934762482	-4.51833934762482	10.7679034523467	-4.51833934762482	4.19293926750562	12.8648097478366	9.12663315460012	2.15495862014284	11.4306144316681	-4.51833934762482	7.51082307340746	7.27214966980102	-4.51833934762482	-4.51833934762482	-4.51833934762482	5.68603027282704	8.27207235998199	11.1724536318505	8.08264626077306	10.7875419880147	-4.51833934762482	-4.51833934762482	-4.51833934762482	-4.51833934762482	-4.51833934762482	7.24410671545236	-4.51833934762482	-4.51833934762482	-4.51833934762482	-4.51833934762482	-4.51833934762482	5.47183036104704	-4.51833934762482	7.10988607270799	3.90476292039183	-4.51833934762482	4.38967897516007	-4.51833934762482	7.86009289877857	-4.51833934762482	1.77507993122167	6.91251886165688	8.44751289961336	4.12124845200503	8.2651918105888	-4.51833934762482	-4.51833934762482	-4.51833934762482	-4.51833934762482	3.62517805817266	-4.51833934762482	8.54416998599155	-4.51833934762482	-4.51833934762482	-4.51833934762482	-4.51833934762482	-4.51833934762482	-4.51833934762482	-4.51833934762482	-4.51833934762482	4.78010347257291	5.98153665702675	4.52370070891967	6.15782257567311	-4.51833934762482	-4.51833934762482	5.76121883061002	-4.51833934762482	-4.51833934762482	-4.51833934762482	-4.51833934762482	4.46898246522531	-4.51833934762482	8.54397886504539	-4.51833934762482	-4.51833934762482	8.05798910305204	11.5499777558742	-4.51833934762482	9.04631082182404	11.7253365063647	-4.51833934762482	6.14807794507246	-4.51833934762482	-4.51833934762482	-4.51833934762482	-4.51833934762482	-4.51833934762482	-4.51833934762482	8.49445690094006	-4.51833934762482	7.40967807164799	-4.51833934762482	-4.51833934762482	-4.51833934762482	-4.51833934762482	-4.51833934762482	-4.51833934762482	-4.51833934762482	-4.51833934762482	-4.51833934762482	-4.51833934762482	-4.51833934762482	-4.51833934762482	-4.51833934762482	5.65597654779093	-4.51833934762482
MSM9VZFR	3.61740648697196	-4.88589059925217	-4.88589059925217	4.25413459880899	6.25974665694826	-4.88589059925217	-4.88589059925217	-4.88589059925217	10.2335596290841	9.2544540194422	-4.88589059925217	-4.88589059925217	-4.88589059925217	-4.88589059925217	-4.88589059925217	-4.88589059925217	-4.88589059925217	10.2925742983277	-4.88589059925217	9.54308032659371	11.6918307030457	12.8475747562238	9.71230660960572	9.07710072978469	-4.88589059925217	7.08199465167237	4.48495166937804	7.59463069191014	-4.88589059925217	-4.88589059925217	3.94771788343872	-4.88589059925217	10.3748813332803	6.84666023548296	9.18157718035708	-4.88589059925217	9.63737048940749	4.26586681529171	-4.88589059925217	-4.88589059925217	-4.88589059925217	-4.88589059925217	-4.88589059925217	4.69401132648582	-4.88589059925217	1.62287853771951	8.2433312052807	7.98248592497988	8.84632638937572	3.5524758116181	-4.88589059925217	-4.88589059925217	5.8970369613601	6.50023505081357	2.92648760673644	-4.88589059925217	-4.88589059925217	5.26956117040636	-4.88589059925217	4.38563894103644	-4.88589059925217	6.54670294956111	4.23353989736417	-4.88589059925217	-4.88589059925217	-4.88589059925217	7.1713977748228	-4.88589059925217	-4.88589059925217	-4.88589059925217	-4.88589059925217	-4.88589059925217	-4.88589059925217	-4.88589059925217	-4.88589059925217	9.71901369871791	8.52880054264633	9.10108361460242	6.19272265205217	7.62708201628131	7.07236791338074	-4.88589059925217	8.77159796166361	-4.88589059925217	-4.88589059925217	6.73956859227192	-4.88589059925217	-4.88589059925217	10.0600283508212	7.4203938299343	2.45429623606795	-4.88589059925217	-4.88589059925217	-4.88589059925217	6.26965967666493	-4.88589059925217	4.45293093437255	-4.88589059925217	-4.88589059925217	-4.88589059925217	-4.88589059925217	-4.88589059925217	-4.88589059925217	6.74269119709674	-4.88589059925217	-4.88589059925217	6.93841637479737	-4.88589059925217	-4.88589059925217	-4.88589059925217	-4.88589059925217	-4.88589059925217	-4.88589059925217	5.62194024216841	-4.88589059925217	-4.88589059925217	-4.88589059925217	-4.88589059925217	-4.88589059925217	-4.88589059925217	-4.88589059925217	-4.88589059925217
MSM9VZGO	5.07699083050367	-6.03442668646252	-6.03442668646252	-6.03442668646252	5.62908023910062	-6.03442668646252	-6.03442668646252	-6.03442668646252	7.79971031717136	-6.03442668646252	-6.03442668646252	6.22708539631354	-6.03442668646252	-6.03442668646252	5.04972921886763	-6.03442668646252	7.91023405563322	6.03571740984341	7.88776641289833	6.39575304603226	7.90792002595595	9.05458768249393	5.03565885253281	6.71406036211186	-6.03442668646252	3.91742236695149	5.96056066388511	7.06889861130457	6.847471482179	10.1726172228524	4.21975294833448	-6.03442668646252	8.10525287565223	4.32683375380512	7.28080411079538	-6.03442668646252	6.5110460481997	5.98502115657887	-6.03442668646252	-6.03442668646252	-6.03442668646252	-6.03442668646252	-6.03442668646252	6.02042182605506	-6.03442668646252	-6.03442668646252	0.854145773102846	-6.03442668646252	7.76004510049466	6.9979704070572	5.17483636450949	-6.03442668646252	6.99505575812631	7.5616222834339	-6.03442668646252	5.51348940359427	-6.03442668646252	3.98910800338306	-6.03442668646252	5.01838211177078	4.87940644469661	6.0992956720492	5.4067986743425	7.87967140219256	-6.03442668646252	-6.03442668646252	6.55326567892287	-6.03442668646252	-6.03442668646252	-6.03442668646252	-6.03442668646252	-6.03442668646252	-6.03442668646252	-6.03442668646252	-6.03442668646252	10.4148918042534	9.10569988395502	10.716685548064	7.45032866149639	6.74716602931423	9.13583364250783	-6.03442668646252	6.4077491700457	7.29630116776277	-6.03442668646252	6.71728162170983	-6.03442668646252	-6.03442668646252	10.5561346229588	-6.03442668646252	6.1176173481631	-6.03442668646252	-6.03442668646252	-6.03442668646252	7.12340228553112	7.89122086162142	-6.03442668646252	3.57743770438857	-6.03442668646252	-6.03442668646252	-6.03442668646252	-6.03442668646252	4.38191443217384	4.53280498226424	-6.03442668646252	-6.03442668646252	2.37540398662522	-6.03442668646252	-6.03442668646252	-6.03442668646252	-6.03442668646252	-6.03442668646252	-6.03442668646252	3.24553302739372	5.77490022647811	-6.03442668646252	-6.03442668646252	6.77708424670301	-6.03442668646252	-6.03442668646252	-6.03442668646252	-6.03442668646252
MSM9VZHB	-5.19706514631508	-5.19706514631508	-5.19706514631508	-5.19706514631508	6.94420761059068	-5.19706514631508	-5.19706514631508	-5.19706514631508	8.65037131301239	-5.19706514631508	-5.19706514631508	3.49088296552365	-5.19706514631508	-5.19706514631508	-5.19706514631508	-5.19706514631508	9.26204041277981	-5.19706514631508	8.04080490000994	6.50433788826044	8.385366416871	10.637527819705	-5.19706514631508	7.46081851689348	-5.19706514631508	-5.19706514631508	4.94744516762249	7.05808809739496	5.85843327161385	11.9681660084062	-5.19706514631508	-5.19706514631508	6.28303749528765	-5.19706514631508	6.84065393422935	-5.19706514631508	5.81285404394129	7.75527118610115	-5.19706514631508	4.04098766422764	-5.19706514631508	3.61443810384316	-5.19706514631508	-5.19706514631508	-5.19706514631508	-5.19706514631508	-5.19706514631508	-5.19706514631508	-5.19706514631508	8.48486944660277	7.93142144588715	-5.19706514631508	7.28364612455797	9.22298048018106	-5.19706514631508	6.39910711850786	-5.19706514631508	6.02123419196894	6.05774999334495	7.99642934823204	7.94635693193975	7.93610166329449	7.0687423135055	10.1449844247082	-5.19706514631508	-5.19706514631508	8.34353608592527	-5.19706514631508	-5.19706514631508	7.72960203117134	5.01907753973873	-5.19706514631508	-5.19706514631508	-5.19706514631508	-5.19706514631508	10.3278935323385	5.57123035207104	9.04741934251405	7.29644329134237	6.58627669308267	11.7627442744051	-5.19706514631508	-5.19706514631508	-5.19706514631508	-5.19706514631508	7.06822407137118	-5.19706514631508	-5.19706514631508	7.77645245534352	-5.19706514631508	7.58168334638215	1.93463336415183	-5.19706514631508	-5.19706514631508	-5.19706514631508	-5.19706514631508	-5.19706514631508	7.73745184046859	-5.19706514631508	-5.19706514631508	-5.19706514631508	-5.19706514631508	6.60292470037528	-5.19706514631508	-5.19706514631508	-5.19706514631508	-5.19706514631508	-5.19706514631508	-5.19706514631508	-5.19706514631508	-5.19706514631508	-5.19706514631508	-5.19706514631508	5.9168890796633	5.42501801123458	-5.19706514631508	5.14728683268107	10.141100502791	-5.19706514631508	-5.19706514631508	-5.19706514631508	5.92638174227426
MSM9VZHF	-5.94276176710478	-5.94276176710478	-5.94276176710478	-5.94276176710478	7.04664376744961	-5.94276176710478	-5.94276176710478	-5.94276176710478	7.73525642105499	6.02632825740466	-5.94276176710478	4.20527851598305	-5.94276176710478	-5.94276176710478	4.473279914471	4.50743000523223	8.12277650278696	4.94693429426882	8.38209992810432	6.11771268823987	8.48118249768122	8.78503993503548	6.16790619415566	8.15151700263726	-5.94276176710478	-5.94276176710478	-5.94276176710478	4.80704459527637	6.54071910519872	9.34062336938652	5.67263905545459	-5.94276176710478	7.6710988383038	-5.94276176710478	6.7546508846423	-5.94276176710478	6.46886463232847	-5.94276176710478	-5.94276176710478	-5.94276176710478	-5.94276176710478	-5.94276176710478	-5.94276176710478	7.41655496580204	-5.94276176710478	-5.94276176710478	-5.94276176710478	-5.94276176710478	6.8784181360655	7.47170539256801	6.02309110479295	-5.94276176710478	6.44908895456758	7.17976359717896	-5.94276176710478	7.42651012455801	-5.94276176710478	6.17993470425418	4.26898224611873	7.99670031775017	8.13168487814441	7.12571759446835	6.03723177258408	9.0797044420711	-5.94276176710478	5.31850492459032	7.87284978575933	-5.94276176710478	5.34765744343443	5.22331177823262	3.8708557810023	-5.94276176710478	-5.94276176710478	-5.94276176710478	-5.94276176710478	9.06614415073763	7.40700965571936	7.13091754050191	7.64200266305878	7.03432378336474	9.27640432094802	-5.94276176710478	-5.94276176710478	6.93776186936118	-5.94276176710478	7.55396262949214	-5.94276176710478	-5.94276176710478	9.94888625508217	-5.94276176710478	8.9108220165509	-5.94276176710478	-5.94276176710478	-5.94276176710478	5.56576403352076	-5.94276176710478	-5.94276176710478	4.24330737249417	-5.94276176710478	-5.94276176710478	-5.94276176710478	-5.94276176710478	4.27228306331654	5.93154455162093	-5.94276176710478	-5.94276176710478	-5.94276176710478	-5.94276176710478	-5.94276176710478	-5.94276176710478	-5.94276176710478	-5.94276176710478	-5.94276176710478	5.45150402807762	-5.94276176710478	-5.94276176710478	6.8190649337462	-5.94276176710478	-5.94276176710478	-5.94276176710478	-5.94276176710478	7.3845176451789
MSM9VZHR	-4.66310511711731	4.08535851282474	-4.66310511711731	5.57903087382287	6.83755544043284	-4.66310511711731	-4.66310511711731	-4.66310511711731	-4.66310511711731	-4.66310511711731	12.7917133018053	-4.66310511711731	-4.66310511711731	-4.66310511711731	-4.66310511711731	-4.66310511711731	-4.66310511711731	-4.66310511711731	-4.66310511711731	10.419615263473	-4.66310511711731	-4.66310511711731	10.3456219025795	-4.66310511711731	-4.66310511711731	-4.66310511711731	-4.66310511711731	-4.66310511711731	-4.66310511711731	-4.66310511711731	-4.66310511711731	-4.66310511711731	10.186820838904	7.76507454270814	-4.66310511711731	-4.66310511711731	-4.66310511711731	-4.66310511711731	7.08829379359203	5.91130956907692	-4.66310511711731	-4.66310511711731	-4.66310511711731	-4.66310511711731	-4.66310511711731	6.52133016967332	1.76822596481616	5.76720935291175	6.36986334774939	2.27517936689965	-4.66310511711731	8.13651810556683	8.58488776506567	6.19148030879838	-4.66310511711731	-4.66310511711731	-4.66310511711731	5.80884469199317	5.88881986558648	-4.66310511711731	5.07438688122363	6.2721602358997	6.56786849296716	6.27979304773656	-4.66310511711731	-4.66310511711731	8.30440633464437	-4.66310511711731	-4.66310511711731	-4.66310511711731	-4.66310511711731	-4.66310511711731	-4.66310511711731	-4.66310511711731	-4.66310511711731	-4.66310511711731	11.7773334921013	11.6242108935122	5.29586444487782	-4.66310511711731	8.69584859698431	-4.66310511711731	6.22752298026306	1.93130834263247	3.1811356010245	8.31601356014565	-4.66310511711731	-4.66310511711731	12.1234182401998	6.29975134401008	5.44703068420383	5.83732153318017	-4.66310511711731	-4.66310511711731	9.71658849720072	7.33157343113295	-4.66310511711731	-4.66310511711731	-4.66310511711731	-4.66310511711731	-4.66310511711731	-4.66310511711731	-4.66310511711731	8.31388792020949	-4.66310511711731	-4.66310511711731	-4.66310511711731	6.39381429385103	4.6570757205384	5.92602653815761	4.2924720291642	8.06253780600044	-4.66310511711731	-4.66310511711731	4.08535851282474	-4.66310511711731	4.13338509021626	4.92710901330012	4.88306442761597	5.44254746834783	-4.66310511711731	-4.66310511711731
MSM9VZHX	-3.45272058582804	-3.45272058582804	-3.45272058582804	-3.45272058582804	6.65456458642475	-3.45272058582804	-3.45272058582804	-3.45272058582804	-3.45272058582804	11.7505884515029	-3.45272058582804	-3.45272058582804	-3.45272058582804	-3.45272058582804	-3.45272058582804	11.0724505528816	-3.45272058582804	-3.45272058582804	-3.45272058582804	12.1186633355562	11.8609255288701	14.5135766333727	11.3600636464477	-3.45272058582804	-3.45272058582804	6.12163770434213	5.91299828332765	9.79088827049618	-3.45272058582804	-3.45272058582804	-3.45272058582804	-3.45272058582804	12.1017428973286	6.95550409313352	11.1431697968711	-3.45272058582804	-3.45272058582804	-3.45272058582804	-3.45272058582804	-3.45272058582804	-3.45272058582804	-3.45272058582804	-3.45272058582804	7.4898238534071	-3.45272058582804	-3.45272058582804	-3.45272058582804	-3.45272058582804	-3.45272058582804	-3.45272058582804	-3.45272058582804	11.08888389869	-3.45272058582804	8.09837696575571	7.89969569346159	-3.45272058582804	-3.45272058582804	5.73035135899394	8.25339218924644	6.67634754605571	-3.45272058582804	-3.45272058582804	-3.45272058582804	-3.45272058582804	-3.45272058582804	-3.45272058582804	-3.45272058582804	-3.45272058582804	5.76071499105544	5.60807514886812	-3.45272058582804	7.40956147810896	4.85152687925043	-3.45272058582804	-3.45272058582804	-3.45272058582804	-3.45272058582804	-3.45272058582804	-3.45272058582804	-3.45272058582804	-3.45272058582804	-3.45272058582804	-3.45272058582804	-3.45272058582804	-3.45272058582804	-3.45272058582804	-3.45272058582804	-3.45272058582804	9.64180077481486	11.4316270118066	-3.45272058582804	8.35816643619089	-3.45272058582804	-3.45272058582804	-3.45272058582804	-3.45272058582804	-3.45272058582804	7.5160120436741	3.67897792463887	-3.45272058582804	-3.45272058582804	-3.45272058582804	-3.45272058582804	-3.45272058582804	-3.45272058582804	-3.45272058582804	-3.45272058582804	9.15387497527097	-3.45272058582804	-3.45272058582804	-3.45272058582804	-3.45272058582804	-3.45272058582804	10.4661052978181	-3.45272058582804	7.40495060751661	7.22643838877264	7.70125592302508	-3.45272058582804	-3.45272058582804	7.58395780006261	-3.45272058582804
MSM9VZI6	-4.92705481233843	-4.92705481233843	-4.92705481233843	-4.92705481233843	-4.92705481233843	-4.92705481233843	-4.92705481233843	-4.92705481233843	4.95730088788167	6.37182310694282	8.1437647129756	-4.92705481233843	-4.92705481233843	-4.92705481233843	6.35546328355437	-4.92705481233843	5.48718836151357	-4.92705481233843	3.51347329414232	9.71865293371803	7.97742863655176	13.2835364415748	5.65118679964075	5.61515013376836	-4.92705481233843	-4.92705481233843	-4.92705481233843	4.66861598532553	-4.92705481233843	-4.92705481233843	5.93618517948239	-4.92705481233843	7.90557372045162	4.91301359232804	9.42899996469103	-4.92705481233843	5.6140936375395	-4.92705481233843	-4.92705481233843	-4.92705481233843	-4.92705481233843	3.3316266839258	-4.92705481233843	8.18475507234718	4.00766380167833	-4.92705481233843	5.74910711095949	3.91236679528217	6.0051767743429	-4.92705481233843	-4.92705481233843	9.19303991938298	-4.92705481233843	6.70898169145967	5.35763930815908	-4.92705481233843	6.73369565318375	8.04780805708053	8.78834918153877	7.49622781565212	-4.92705481233843	-4.92705481233843	-4.92705481233843	-4.92705481233843	-4.92705481233843	-4.92705481233843	-4.92705481233843	-4.92705481233843	4.56703490906182	6.68771399026418	4.97798154018755	2.9518580999587	5.92868889250446	5.03992383797889	1.77121324177698	6.09682282840737	4.59524552454905	-4.92705481233843	4.58049708230566	7.0349123578565	3.51347329414232	4.58049708230566	-4.92705481233843	-4.92705481233843	-4.92705481233843	5.64223441736216	-4.92705481233843	-4.92705481233843	10.0565975173347	9.41826071670956	-4.92705481233843	7.83709243410833	7.68588529088126	-4.92705481233843	-4.92705481233843	-4.92705481233843	4.79076559315264	6.10526704155538	-4.92705481233843	4.25292943962285	-4.92705481233843	5.37221781425255	-4.92705481233843	-4.92705481233843	4.87887503660289	-4.92705481233843	-4.92705481233843	-4.92705481233843	-4.92705481233843	-4.92705481233843	-4.92705481233843	-4.92705481233843	-4.92705481233843	-4.92705481233843	-4.92705481233843	-4.92705481233843	7.61585071905691	-4.92705481233843	-4.92705481233843	-4.92705481233843	-4.92705481233843	-4.92705481233843
MSM9VZIM	-3.78312736429224	-3.78312736429224	-3.78312736429224	-3.78312736429224	-3.78312736429224	8.25636517513827	-3.78312736429224	6.64423036073068	-3.78312736429224	-3.78312736429224	-3.78312736429224	-3.78312736429224	9.61989498119978	-3.78312736429224	-3.78312736429224	11.4449496510483	-3.78312736429224	-3.78312736429224	-3.78312736429224	3.36443190689722	-3.78312736429224	13.7995931443084	-3.78312736429224	-3.78312736429224	-3.78312736429224	-3.78312736429224	-3.78312736429224	-3.78312736429224	-3.78312736429224	-3.78312736429224	-3.78312736429224	-3.78312736429224	-3.78312736429224	-3.78312736429224	-3.78312736429224	-3.78312736429224	-3.78312736429224	-3.78312736429224	-3.78312736429224	5.90722884705641	-3.78312736429224	-3.78312736429224	-3.78312736429224	9.14553232492761	-3.78312736429224	-3.78312736429224	-3.78312736429224	-3.78312736429224	7.56020716456285	-3.78312736429224	-3.78312736429224	11.2209339877729	-3.78312736429224	10.7313737683022	-3.78312736429224	-3.78312736429224	8.74369092936156	9.54025010415269	8.92332958363464	-3.78312736429224	-3.78312736429224	-3.78312736429224	8.58998821199274	-3.78312736429224	-3.78312736429224	-3.78312736429224	-3.78312736429224	7.69583792659439	-3.78312736429224	10.5976123400474	-3.78312736429224	4.21015496380935	9.61536814101061	-3.78312736429224	10.3403538047577	-3.78312736429224	-3.78312736429224	-3.78312736429224	-3.78312736429224	12.7940980718766	-3.78312736429224	10.2995673621788	-3.78312736429224	-3.78312736429224	-3.78312736429224	7.65141484867927	11.4607981457707	-3.78312736429224	8.23294028225609	11.4395435870608	-3.78312736429224	-3.78312736429224	-3.78312736429224	-3.78312736429224	8.80309600015939	-3.78312736429224	-3.78312736429224	7.18921748876059	5.68038127210385	-3.78312736429224	6.80449185087688	4.73426580712667	-3.78312736429224	-3.78312736429224	5.90660988194628	-3.78312736429224	-3.78312736429224	10.4126815934909	-3.78312736429224	6.89718193482677	-3.78312736429224	-3.78312736429224	-3.78312736429224	11.3735418424717	-3.78312736429224	7.43758578213968	-3.78312736429224	-3.78312736429224	-3.78312736429224	-3.78312736429224	8.49708289580946	-3.78312736429224
MSM9VZIQ	-4.14597635931158	-4.14597635931158	-4.14597635931158	-4.14597635931158	-4.14597635931158	10.0864079796567	6.10925901882672	5.54561663408822	-4.14597635931158	-4.14597635931158	-4.14597635931158	-4.14597635931158	10.3571717289265	8.9224607868829	-4.14597635931158	10.5391655147	-4.14597635931158	-4.14597635931158	-4.14597635931158	3.01719603153506	-4.14597635931158	13.7328637460368	-4.14597635931158	-4.14597635931158	-4.14597635931158	-4.14597635931158	-4.14597635931158	-4.14597635931158	-4.14597635931158	-4.14597635931158	-4.14597635931158	-4.14597635931158	-4.14597635931158	-4.14597635931158	-4.14597635931158	-4.14597635931158	-4.14597635931158	-4.14597635931158	-4.14597635931158	6.02757649764816	-4.14597635931158	-4.14597635931158	-4.14597635931158	8.27803029138055	-4.14597635931158	-4.14597635931158	-4.14597635931158	-4.14597635931158	10.0185566367152	-4.14597635931158	-4.14597635931158	9.79459821904716	-4.14597635931158	9.19138710119388	-4.14597635931158	8.63150229552849	8.54775870225813	8.55223132414104	7.48010813371753	-4.14597635931158	-4.14597635931158	-4.14597635931158	7.78940898114267	-4.14597635931158	-4.14597635931158	-4.14597635931158	-4.14597635931158	6.56690689934892	-4.14597635931158	8.97944433971843	-4.14597635931158	5.31830831313152	8.2392503317412	-4.14597635931158	9.11830489563819	-4.14597635931158	-4.14597635931158	-4.14597635931158	-4.14597635931158	12.3763670590963	-4.14597635931158	4.96906383281027	-4.14597635931158	-4.14597635931158	-4.14597635931158	7.99016190021734	9.24539225930209	-4.14597635931158	10.5516768657107	10.8747205663127	-4.14597635931158	-4.14597635931158	-4.14597635931158	-4.14597635931158	10.6116334081131	-4.14597635931158	-4.14597635931158	4.68471283944941	8.23380166345029	-4.14597635931158	8.40251864285666	2.02989091079418	-4.14597635931158	-4.14597635931158	3.65827502421653	-4.14597635931158	-4.14597635931158	8.28472273749297	4.62135278848246	5.58083367881567	-4.14597635931158	-4.14597635931158	-4.14597635931158	10.0852340856037	-4.14597635931158	5.65442586514122	-4.14597635931158	5.68338014388147	-4.14597635931158	-4.14597635931158	7.29643007017565	-4.14597635931158
MSM9VZJ3	-4.45504892358054	-4.45504892358054	-4.45504892358054	-4.45504892358054	-4.45504892358054	-4.45504892358054	-4.45504892358054	3.38919179456127	-4.45504892358054	8.02212280350898	9.1464524870855	-4.45504892358054	-4.45504892358054	-4.45504892358054	-4.45504892358054	11.6868151081194	-4.45504892358054	8.74784504246405	-4.45504892358054	-4.45504892358054	13.4399573460716	3.6438978253628	-4.45504892358054	-4.45504892358054	-4.45504892358054	-4.45504892358054	-4.45504892358054	9.55753304199194	-4.45504892358054	-4.45504892358054	-4.45504892358054	7.65638881409788	11.7830700073675	-4.45504892358054	-4.45504892358054	-4.45504892358054	-4.45504892358054	-4.45504892358054	-4.45504892358054	-4.45504892358054	2.37041111267477	4.19684997068799	-4.45504892358054	7.47987750880461	-4.45504892358054	-4.45504892358054	4.01944551330258	-4.45504892358054	4.19334795345104	7.23912251995671	6.3035133141561	-4.45504892358054	-4.45504892358054	7.48439186424614	-4.45504892358054	-4.45504892358054	-4.45504892358054	7.46594492470129	7.14763497509495	-4.45504892358054	4.17743531217043	5.90873908430236	7.56222724804977	8.47348938461442	4.55939821157159	-4.45504892358054	5.58954748991547	-4.45504892358054	-4.45504892358054	5.67362010229536	3.36136806011126	-4.45504892358054	-4.45504892358054	-4.45504892358054	-4.45504892358054	-4.45504892358054	10.3914554637704	7.86391034527592	5.38181794161369	7.79905645648451	9.00042533312229	-4.45504892358054	7.03982458078194	-4.45504892358054	-4.45504892358054	6.32829356618853	5.86388707067265	4.8907834178328	9.48611671514002	9.47929389718653	5.45048653057289	-4.45504892358054	-4.45504892358054	-4.45504892358054	-4.45504892358054	-4.45504892358054	-4.45504892358054	5.97467489642101	2.15295170171555	-4.45504892358054	-4.45504892358054	-4.45504892358054	5.15815317063369	-4.45504892358054	-4.45504892358054	-4.45504892358054	-4.45504892358054	7.08948179191613	-4.45504892358054	-4.45504892358054	-4.45504892358054	-4.45504892358054	-4.45504892358054	9.31946358269966	-4.45504892358054	4.88024868780003	9.60832979777633	-4.45504892358054	-4.45504892358054	-4.45504892358054	6.23532657661757	-4.45504892358054
MSM9VZJZ	6.56974826561517	-5.90505678619581	7.48655632708681	-5.90505678619581	5.96548018400268	-5.90505678619581	-5.90505678619581	-5.90505678619581	-5.90505678619581	-5.90505678619581	10.1305200356958	10.7902279621768	8.885247723936	6.47088942705543	8.60603349130503	-5.90505678619581	7.49840352917693	9.22311800808586	-5.90505678619581	-5.90505678619581	9.63195903865186	2.32205144815234	-5.90505678619581	7.56128061890005	5.47640372103048	-5.90505678619581	-5.90505678619581	8.0528478990773	-5.90505678619581	-5.90505678619581	7.00700769300437	-5.90505678619581	9.07123020246574	4.16737153164021	8.83156924583292	-5.90505678619581	8.04193017935685	-5.90505678619581	-5.90505678619581	-5.90505678619581	-5.90505678619581	-5.90505678619581	-5.90505678619581	5.96813416898007	-5.90505678619581	-5.90505678619581	5.57711045751738	-5.90505678619581	-5.90505678619581	5.68094254499629	2.95302743600335	5.78811307977317	4.79325418393093	2.16616175377405	4.85838392386418	5.38735915536085	-5.90505678619581	2.84181853337422	-5.90505678619581	3.83714636861216	-5.90505678619581	5.74798707934993	6.42062389533077	7.32337865365688	2.5440716743063	-5.90505678619581	7.24634292689109	-5.90505678619581	-5.90505678619581	2.71487348267154	3.78900519185431	-5.90505678619581	3.11182018856757	4.30042246597221	-5.90505678619581	-5.90505678619581	7.65994030834383	11.5075939901612	3.44077555521753	-5.90505678619581	5.85074426665805	-5.90505678619581	-5.90505678619581	-5.90505678619581	-5.90505678619581	4.63820354113345	-5.90505678619581	3.61943717543795	9.4928145859846	4.95684184950468	1.93525619712435	3.32909776387963	4.62866477084013	-5.90505678619581	6.55856470209274	6.36807152231064	-5.90505678619581	5.33423414271513	-5.90505678619581	-5.90505678619581	-5.90505678619581	-5.90505678619581	5.34065567816198	5.4478290262691	3.33202288297	-5.90505678619581	8.67529862919568	-5.90505678619581	-5.90505678619581	-5.90505678619581	-5.90505678619581	-5.90505678619581	-5.90505678619581	3.16152868213524	4.47996145304928	-5.90505678619581	5.61107353772333	-5.90505678619581	-5.90505678619581	-5.90505678619581	-5.90505678619581	-5.90505678619581
MSM9VZKE	-5.56730629914491	-5.56730629914491	-5.56730629914491	4.44463198939602	3.96156052857803	-5.56730629914491	-5.56730629914491	-5.56730629914491	9.24970745060162	9.48060736479183	-5.56730629914491	-5.56730629914491	-5.56730629914491	-5.56730629914491	-5.56730629914491	-5.56730629914491	-5.56730629914491	9.19697418463119	-5.56730629914491	8.24569210600415	11.2239736432359	11.727412161585	8.24596274851111	7.54438230506125	-5.56730629914491	6.23230824542284	3.69191947056108	7.82149150988566	-5.56730629914491	-5.56730629914491	2.85799087756679	-5.56730629914491	10.151816771559	5.14846610722712	8.77800334268799	-5.56730629914491	9.92864307861955	4.19869921006995	-5.56730629914491	-5.56730629914491	-5.56730629914491	-5.56730629914491	-5.56730629914491	4.65248722517956	-5.56730629914491	3.86385492877583	7.73834649985442	5.543363900655	6.74614432559424	5.03905596770967	4.10052220900659	4.10241902292886	5.92031161419868	6.72246850394311	4.89124383405026	1.61123918461879	-5.56730629914491	5.46953307586322	2.9912207557643	3.19846424484234	-5.56730629914491	6.57086751907082	5.03334535530909	4.24466885288511	-5.56730629914491	-5.56730629914491	7.30816115968562	-5.56730629914491	-5.56730629914491	-5.56730629914491	-5.56730629914491	-5.56730629914491	-5.56730629914491	-5.56730629914491	-5.56730629914491	8.59699389527575	8.94384383078976	9.56889846880525	3.80608785926757	9.4105112752315	7.25403576574961	-5.56730629914491	7.85218093643562	-5.56730629914491	-5.56730629914491	6.35075755389963	-5.56730629914491	4.5701064730701	10.1672424257542	7.20442384636682	-5.56730629914491	3.45441271388879	-5.56730629914491	2.85799087756679	6.71517630978001	-5.56730629914491	3.13070732293901	4.46021140180806	-5.56730629914491	-5.56730629914491	-5.56730629914491	-5.56730629914491	-5.56730629914491	7.92789017331419	-5.56730629914491	-5.56730629914491	6.1205048112955	-5.56730629914491	-5.56730629914491	-5.56730629914491	-5.56730629914491	-5.56730629914491	-5.56730629914491	5.60497222724946	-5.56730629914491	-5.56730629914491	-5.56730629914491	-5.56730629914491	-5.56730629914491	-5.56730629914491	-5.56730629914491	-5.56730629914491
MSM9VZL9	5.80255705245079	-5.93231925283659	4.45084375567323	3.41088979221402	5.07029712160805	-5.93231925283659	-5.93231925283659	-5.93231925283659	6.52174954379953	8.11903862083815	10.5060481846664	-5.93231925283659	-5.93231925283659	-5.93231925283659	9.83098268356087	-5.93231925283659	7.75901147855962	-5.93231925283659	8.74978368055062	8.31323259628434	9.73846392623188	9.71835359567566	8.28535831381351	8.48558794491186	-5.93231925283659	-5.93231925283659	-5.93231925283659	7.10588177614831	-5.93231925283659	-5.93231925283659	6.78672970207639	-5.93231925283659	8.96071988626663	4.94044988429344	5.87425296048542	-5.93231925283659	7.58802932780608	4.38793595931183	-5.93231925283659	-5.93231925283659	-5.93231925283659	-5.93231925283659	5.53551469951183	-5.93231925283659	-5.93231925283659	-5.93231925283659	3.43596459720555	7.06194026193297	7.50708740692545	5.97035513206841	3.08577043126775	-5.93231925283659	-5.93231925283659	6.59257432911127	-5.93231925283659	3.24353318868092	-5.93231925283659	4.73339834769668	-5.93231925283659	4.2062799467896	3.74871201216546	3.23312835024886	2.23133692333184	7.07989661395473	-5.93231925283659	-5.93231925283659	6.35418525540571	-5.93231925283659	-5.93231925283659	-5.93231925283659	-5.93231925283659	-5.93231925283659	-5.93231925283659	-5.93231925283659	-5.93231925283659	8.37835755844231	8.35498770140584	10.2979116036579	6.85803670579668	9.72479133904229	7.27552616605308	-5.93231925283659	5.28490540875448	-5.93231925283659	4.17333333262855	7.3727672673819	-5.93231925283659	-5.93231925283659	10.8040567571361	4.3994054781499	-5.93231925283659	-5.93231925283659	9.22175208120178	-5.93231925283659	6.87489766838128	5.04755202085658	6.54237114023689	-5.93231925283659	-5.93231925283659	-5.93231925283659	-5.93231925283659	-5.93231925283659	-5.93231925283659	7.01397736567764	-5.93231925283659	-5.93231925283659	-5.93231925283659	-5.93231925283659	1.87193213069152	-5.93231925283659	-5.93231925283659	-5.93231925283659	-5.93231925283659	5.89081513897953	-5.93231925283659	-5.93231925283659	-5.93231925283659	3.51317228957808	2.95519534455223	4.30874706674723	3.14574607982977	-5.93231925283659
MSM9VZLJ	6.28009808495584	-5.82919379999595	-5.82919379999595	-5.82919379999595	6.17409536415539	-5.82919379999595	-5.82919379999595	-5.82919379999595	8.09562038931736	-5.82919379999595	-5.82919379999595	4.59311730741723	-5.82919379999595	-5.82919379999595	-5.82919379999595	-5.82919379999595	8.61608794139774	5.03366313077941	7.17452341936902	6.37958019360588	8.57286432216882	9.39509177490985	-5.82919379999595	8.56348109405499	-5.82919379999595	4.29787720708277	5.48236183628655	7.48403949265229	3.78667834453294	8.68281382140015	6.8301526839822	3.13537390260566	9.13962901504843	5.21486339096879	7.63184082300753	-5.82919379999595	7.75945505287945	3.61787739680296	-5.82919379999595	-5.82919379999595	-5.82919379999595	-5.82919379999595	-5.82919379999595	6.64182055476613	-5.82919379999595	-5.82919379999595	-5.82919379999595	-5.82919379999595	7.07697929598613	6.78796479374834	5.65821896620514	-5.82919379999595	7.51923844580729	7.93407669975183	-5.82919379999595	5.87452556324323	-5.82919379999595	-5.82919379999595	-5.82919379999595	6.6964991686469	6.31325190877733	7.04647844520472	6.30560301293065	8.10974692960633	-5.82919379999595	-5.82919379999595	6.55745304325178	-5.82919379999595	2.01895928620357	-5.82919379999595	-5.82919379999595	-5.82919379999595	-5.82919379999595	-5.82919379999595	-5.82919379999595	9.08335480817303	9.0397855751932	10.7360916500377	7.50168018754214	5.37095056402303	8.8702789072985	-5.82919379999595	8.64761768706844	9.95260793844047	-5.82919379999595	8.00638503625066	2.28183403819773	-5.82919379999595	10.5744807883753	-5.82919379999595	6.92768739189806	-5.82919379999595	-5.82919379999595	-5.82919379999595	6.71915918243841	-5.82919379999595	-5.82919379999595	4.97670865887868	-5.82919379999595	-5.82919379999595	-5.82919379999595	-5.82919379999595	4.93382363859257	7.19784959755603	-5.82919379999595	-5.82919379999595	-5.82919379999595	-5.82919379999595	-5.82919379999595	-5.82919379999595	-5.82919379999595	-5.82919379999595	-5.82919379999595	4.77071058196775	4.35120553306257	-5.82919379999595	-5.82919379999595	-5.82919379999595	-5.82919379999595	-5.82919379999595	2.17750704544442	4.29587608578743
MSM9VZLP	-6.47185730788564	5.42620129782083	-6.47185730788564	-6.47185730788564	7.80322831538599	-6.47185730788564	3.56620484294671	-6.47185730788564	8.71671063774778	-6.47185730788564	8.49983011083401	8.59330882419241	-6.47185730788564	-6.47185730788564	4.01861102936282	-6.47185730788564	6.40713685143972	7.57603479938927	6.60943612759535	7.00561919445283	9.9317015306191	9.75116135303885	-6.47185730788564	7.689475212898	-6.47185730788564	-6.47185730788564	6.55674688629708	6.34824084458217	-6.47185730788564	-6.47185730788564	7.63136357213139	4.10841935859762	5.20997513945668	6.11586919464916	8.99487224895726	8.16897321327036	7.82413368047862	-6.47185730788564	3.76992225305362	5.13738691900802	5.0699568319283	-6.47185730788564	-6.47185730788564	4.28521544110852	3.47041817185775	5.60348573063617	3.53963226845177	5.64762750730999	5.57932021412115	2.99552550041021	-6.47185730788564	3.86603907914843	6.05782303694907	-6.47185730788564	-6.47185730788564	5.24719575471851	-6.47185730788564	-6.47185730788564	-6.47185730788564	-6.47185730788564	4.70840266560621	6.40450578186155	5.12624535299206	6.85387294519997	-6.47185730788564	3.63297798359424	5.60342874603339	-6.47185730788564	-6.47185730788564	-6.47185730788564	-6.47185730788564	-6.47185730788564	-6.47185730788564	-6.47185730788564	-6.47185730788564	-6.47185730788564	8.75593475138004	3.45246175423042	5.04307613973738	3.61357673111436	4.6453701947354	-6.47185730788564	7.31064543683079	6.50353852906273	-6.47185730788564	-6.47185730788564	-6.47185730788564	-6.47185730788564	8.42734849751557	-6.47185730788564	3.58824930409207	5.29881408110871	7.67602494811395	-6.47185730788564	4.24502409030479	8.01647067443437	-6.47185730788564	5.62054819506733	-6.47185730788564	4.17049143429112	-6.47185730788564	2.54865339180627	2.09621909384517	4.20661083630945	4.98238976513355	-6.47185730788564	-6.47185730788564	-6.47185730788564	-6.47185730788564	-6.47185730788564	-6.47185730788564	-6.47185730788564	-6.47185730788564	-6.47185730788564	-6.47185730788564	-6.47185730788564	-6.47185730788564	9.19138039672355	-6.47185730788564	1.50095347623577	-6.47185730788564	9.32170568516129
MSM9VZLV	3.6022312446025	5.39998605678238	-6.91646897368566	-6.91646897368566	7.33424735511335	0.321309218237778	3.27448812872092	-6.91646897368566	6.7787264706167	-6.91646897368566	6.17084943997579	7.95719674241106	-6.91646897368566	-6.91646897368566	-0.392906667536152	-6.91646897368566	4.93193537755378	5.43975063319096	6.50136754680518	4.7369225335493	7.65835143508163	7.62122850034944	5.14493043880114	5.23187391835055	-6.91646897368566	3.45642828175686	4.47203773787057	5.47911184295282	3.0175962793146	4.95084582520559	5.25418890687335	-6.91646897368566	6.09922414182869	3.52295623943131	6.89677000619759	4.65530070558631	6.58813319037266	-6.91646897368566	4.06951842311463	3.41753395915841	-6.91646897368566	-6.91646897368566	-6.91646897368566	4.39606464582902	-6.91646897368566	-6.91646897368566	-6.91646897368566	5.23826300791399	6.53923459775408	5.58473666710114	-6.91646897368566	7.30113501466438	4.73117093382948	5.83161105199387	-6.91646897368566	5.15470563149655	-6.91646897368566	-6.91646897368566	-6.91646897368566	4.02731295819406	5.55906194499501	6.39590465989669	4.89337824609908	6.6209018386656	-6.91646897368566	2.28392206743685	6.61470191975286	-6.91646897368566	-6.91646897368566	-6.91646897368566	-6.91646897368566	-6.91646897368566	-6.91646897368566	-6.91646897368566	-6.91646897368566	4.5806421003902	5.83793026161522	10.3336795769552	6.18176768098242	6.15428737591141	6.59539407309709	-6.91646897368566	4.38451249022395	4.47610641359331	-6.91646897368566	3.66887728364055	4.02784284375118	-6.91646897368566	8.98228725607157	-6.91646897368566	5.38836697366364	3.50554447924264	6.54839273263328	-6.91646897368566	6.56387789114082	6.78438353575975	-6.91646897368566	5.099659133817	-6.91646897368566	-6.91646897368566	-6.91646897368566	-6.91646897368566	5.09402056816736	2.52347404466547	5.11751557413597	-6.91646897368566	3.413625286712	-6.91646897368566	-6.91646897368566	-6.91646897368566	-6.91646897368566	-6.91646897368566	-6.91646897368566	-6.91646897368566	-6.91646897368566	-6.91646897368566	3.56084717039519	8.80972284793849	-6.91646897368566	-6.91646897368566	-6.91646897368566	8.17585891294411
MSM9VZME	-3.77960822753546	-3.77960822753546	-3.77960822753546	-3.77960822753546	5.90204741311126	-3.77960822753546	-3.77960822753546	-3.77960822753546	-3.77960822753546	12.6109734435011	-3.77960822753546	-3.77960822753546	-3.77960822753546	-3.77960822753546	-3.77960822753546	10.5634558593739	-3.77960822753546	-3.77960822753546	-3.77960822753546	12.1667355304083	11.9118820768154	13.8674059529252	11.4598611462829	-3.77960822753546	-3.77960822753546	6.49994995069938	5.86905158941984	9.21219305878773	-3.77960822753546	-3.77960822753546	-3.77960822753546	-3.77960822753546	11.8448877441422	6.6659419536885	11.1638633669161	-3.77960822753546	-3.77960822753546	-3.77960822753546	-3.77960822753546	-3.77960822753546	-3.77960822753546	-3.77960822753546	-3.77960822753546	8.58922506827567	-3.77960822753546	-3.77960822753546	-3.77960822753546	-3.77960822753546	-3.77960822753546	-3.77960822753546	-3.77960822753546	9.73382514369301	-3.77960822753546	8.50366154237211	8.09609054847535	7.34855141332951	4.84572162248536	6.33296451906384	7.66921595402818	7.06332001677352	-3.77960822753546	-3.77960822753546	-3.77960822753546	-3.77960822753546	8.17704747406549	-3.77960822753546	-3.77960822753546	-3.77960822753546	-3.77960822753546	6.59235053068496	4.24361645718121	6.76891236283718	5.19513638518727	-3.77960822753546	-3.77960822753546	-3.77960822753546	-3.77960822753546	-3.77960822753546	-3.77960822753546	-3.77960822753546	-3.77960822753546	-3.77960822753546	-3.77960822753546	-3.77960822753546	-3.77960822753546	5.12570043365383	-3.77960822753546	-3.77960822753546	10.7989724165266	10.820808392391	-3.77960822753546	6.43726569324071	-3.77960822753546	-3.77960822753546	-3.77960822753546	-3.77960822753546	-3.77960822753546	7.81831074656441	-3.77960822753546	-3.77960822753546	-3.77960822753546	-3.77960822753546	-3.77960822753546	-3.77960822753546	-3.77960822753546	-3.77960822753546	-3.77960822753546	9.40672663527206	-3.77960822753546	-3.77960822753546	-3.77960822753546	-3.77960822753546	-3.77960822753546	10.4274652493677	-3.77960822753546	6.74957708519707	8.05830232003767	5.50778577388301	-3.77960822753546	-3.77960822753546	7.43828824231993	-3.77960822753546
MSM9VZMM	-4.2162840834541	-4.2162840834541	6.09303517665107	-4.2162840834541	-4.2162840834541	-4.2162840834541	-4.2162840834541	-4.2162840834541	8.88862993554352	11.2630201771009	11.9576653918483	-4.2162840834541	-4.2162840834541	-4.2162840834541	10.7962444499837	-4.2162840834541	10.3513126216736	-4.2162840834541	11.7745122579033	11.7531828966168	12.5767637688091	12.671365978468	11.0993518501058	10.3477804523918	-4.2162840834541	-4.2162840834541	-4.2162840834541	9.48812841949656	-4.2162840834541	-4.2162840834541	9.81605492749962	-4.2162840834541	10.5561334837463	7.88031403993104	8.28164067779915	-4.2162840834541	8.8564919120872	-4.2162840834541	-4.2162840834541	-4.2162840834541	-4.2162840834541	-4.2162840834541	-4.2162840834541	-4.2162840834541	-4.2162840834541	4.8640614919059	6.30052250228206	-4.2162840834541	8.43748586989758	-4.2162840834541	-4.2162840834541	3.85805361063542	-4.2162840834541	2.36435505383085	-4.2162840834541	-4.2162840834541	-4.2162840834541	2.78769005326858	-4.2162840834541	6.23332866683496	-4.2162840834541	2.89114139065661	-4.2162840834541	3.59609412253451	-4.2162840834541	-4.2162840834541	6.53330776030602	-4.2162840834541	-4.2162840834541	-4.2162840834541	-4.2162840834541	-4.2162840834541	-4.2162840834541	-4.2162840834541	-4.2162840834541	-4.2162840834541	4.34988973018376	-4.2162840834541	6.80006377101534	8.93178797553348	7.31841265798559	-4.2162840834541	8.36242395767678	-4.2162840834541	-4.2162840834541	-4.2162840834541	-4.2162840834541	-4.2162840834541	11.0496665452523	7.57352283672371	-4.2162840834541	-4.2162840834541	9.10381641796896	-4.2162840834541	-4.2162840834541	6.09735756667633	5.59459463734937	-4.2162840834541	-4.2162840834541	-4.2162840834541	-4.2162840834541	-4.2162840834541	-4.2162840834541	5.31112724586766	-4.2162840834541	-4.2162840834541	-4.2162840834541	-4.2162840834541	-4.2162840834541	-4.2162840834541	4.32677176748787	4.29106077190733	-4.2162840834541	-4.2162840834541	-4.2162840834541	-4.2162840834541	5.75069456686323	-4.2162840834541	5.90758320457351	-4.2162840834541	-4.2162840834541	-4.2162840834541
MSM9VZMU	4.16253149487422	-4.77086890118209	4.08007855078832	-4.77086890118209	3.22241342691951	-4.77086890118209	-4.77086890118209	-4.77086890118209	8.00531002839513	10.8861639915554	11.8260074352239	-4.77086890118209	-4.77086890118209	-4.77086890118209	10.2611587514701	-4.77086890118209	9.63378906212363	-4.77086890118209	10.3747097870916	10.5571436886763	11.6518891617907	11.018554752038	10.1061891200334	10.5905327694938	-4.77086890118209	-4.77086890118209	-4.77086890118209	9.26245985353295	-4.77086890118209	-4.77086890118209	10.183086971102	-4.77086890118209	11.0903403841869	8.02126948486447	8.71034445306105	-4.77086890118209	9.29537002447424	-4.77086890118209	4.2711711553624	-4.77086890118209	-4.77086890118209	-4.77086890118209	-4.77086890118209	-4.77086890118209	-4.77086890118209	4.29224675103757	4.86611081413367	2.87929979966291	7.57205275259492	3.1810424806721	-4.77086890118209	-4.77086890118209	-4.77086890118209	-4.77086890118209	-4.77086890118209	-4.77086890118209	-4.77086890118209	2.77399216747637	-4.77086890118209	-4.77086890118209	-4.77086890118209	-4.77086890118209	-4.77086890118209	-4.77086890118209	-4.77086890118209	-4.77086890118209	6.62553398342412	-4.77086890118209	-4.77086890118209	-4.77086890118209	-4.77086890118209	-4.77086890118209	-4.77086890118209	-4.77086890118209	-4.77086890118209	9.26074528589223	9.28166523331923	8.60114908331734	9.03848373564403	9.44981405538844	6.45091518148423	-4.77086890118209	9.79094611842659	-4.77086890118209	-4.77086890118209	4.70804717350614	-4.77086890118209	-4.77086890118209	10.7698162458408	5.27719507246128	-4.77086890118209	-4.77086890118209	10.4349482082909	-4.77086890118209	-4.77086890118209	7.56969530086769	5.52941294301458	-4.77086890118209	-4.77086890118209	-4.77086890118209	-4.77086890118209	-4.77086890118209	-4.77086890118209	6.0813959342625	-4.77086890118209	-4.77086890118209	-4.77086890118209	-4.77086890118209	-4.77086890118209	-4.77086890118209	-4.77086890118209	5.66709244002574	-4.77086890118209	6.68560260764195	-4.77086890118209	-4.77086890118209	3.3550579015258	-4.77086890118209	6.57613184115553	-4.77086890118209	3.88626013053167	-4.77086890118209
MSM9VZNL	7.99215296816356	6.11918508004653	6.24700239052007	-7.15209990079253	6.85483317430485	-7.15209990079253	2.29654845901764	-7.15209990079253	7.50295899600454	3.53348391406345	-7.15209990079253	8.17186534848917	-7.15209990079253	-7.15209990079253	1.99965751375136	3.0633110154434	-7.15209990079253	5.65782685631837	6.93481165936028	5.56452133013205	8.95055322579118	8.22659748923319	4.83762480089019	6.04172981987706	-7.15209990079253	5.26852348335382	2.46975391782602	5.829024744319	-7.15209990079253	-7.15209990079253	3.84332773064364	-7.15209990079253	6.7262549313832	1.92367997778796	6.25387879100132	-7.15209990079253	7.92703188934473	2.87718294778791	-7.15209990079253	3.48713923738589	-7.15209990079253	-7.15209990079253	-7.15209990079253	-7.15209990079253	-7.15209990079253	-7.15209990079253	-7.15209990079253	-7.15209990079253	6.23433551277597	6.76068345523482	3.55542751725517	-7.15209990079253	6.58446592983046	6.51800446595048	-7.15209990079253	5.60053513514169	-7.15209990079253	5.88753600150664	-7.15209990079253	6.29038998966835	6.39634264741926	6.13379459367486	4.43315552803964	7.14371171049217	-7.15209990079253	4.67345143718171	7.00037634345522	-7.15209990079253	-7.15209990079253	-7.15209990079253	-7.15209990079253	-7.15209990079253	-7.15209990079253	-7.15209990079253	-7.15209990079253	7.26622878150736	5.82595652129539	8.65662565016727	5.63591179003424	4.84362818575727	6.99004970607827	-7.15209990079253	2.70119901016031	5.36348113074472	3.56433804824317	3.11328394070497	-7.15209990079253	-7.15209990079253	10.1351864393718	-7.15209990079253	6.09795459800462	4.15209021441188	0.584643781660967	-7.15209990079253	7.41151040381067	5.80840550510375	-7.15209990079253	6.52226290500561	-7.15209990079253	-7.15209990079253	-7.15209990079253	-7.15209990079253	4.78413713918123	5.67996732376042	-7.15209990079253	-7.15209990079253	7.23509673376738	-7.15209990079253	-7.15209990079253	3.40737798790719	2.87718294778791	4.70626462129017	-7.15209990079253	5.51884133722045	3.38878425053223	-7.15209990079253	1.27100236722411	-7.15209990079253	3.36660031749564	-7.15209990079253	2.44560949502241	2.7429017480933
MSM9VZNX	-3.42360408244312	-3.42360408244312	-3.42360408244312	-3.42360408244312	-3.42360408244312	-3.42360408244312	-3.42360408244312	-3.42360408244312	-3.42360408244312	-3.42360408244312	-3.42360408244312	2.43718214102275	11.9700933206405	10.8535193758521	-3.42360408244312	13.0620949489642	-3.42360408244312	-3.42360408244312	-3.42360408244312	5.34993530111505	-3.42360408244312	14.1100439827727	-3.42360408244312	-3.42360408244312	-3.42360408244312	-3.42360408244312	-3.42360408244312	-3.42360408244312	-3.42360408244312	-3.42360408244312	-3.42360408244312	-3.42360408244312	-3.42360408244312	-3.42360408244312	-3.42360408244312	-3.42360408244312	-3.42360408244312	-3.42360408244312	-3.42360408244312	-3.42360408244312	-3.42360408244312	-3.42360408244312	-3.42360408244312	-3.42360408244312	-3.42360408244312	-3.42360408244312	-3.42360408244312	-3.42360408244312	8.36225269548298	-3.42360408244312	-3.42360408244312	11.1660025684118	-3.42360408244312	10.5833042188392	-3.42360408244312	-3.42360408244312	8.21552222218173	-3.42360408244312	9.41554987195064	-3.42360408244312	-3.42360408244312	-3.42360408244312	8.63037160625962	-3.42360408244312	-3.42360408244312	-3.42360408244312	-3.42360408244312	7.24537456777612	-3.42360408244312	6.61314607659778	-3.42360408244312	7.09887267724919	-3.42360408244312	-3.42360408244312	10.7516214937477	-3.42360408244312	-3.42360408244312	5.64528792594869	-3.42360408244312	12.9310890879493	-3.42360408244312	11.0607768445335	-3.42360408244312	-3.42360408244312	5.87666839703367	6.12399393192811	9.24824765653385	-3.42360408244312	7.32384004029641	11.1773780191314	-3.42360408244312	-3.42360408244312	-3.42360408244312	-3.42360408244312	7.68031501154258	-3.42360408244312	-3.42360408244312	7.23226607268393	-3.42360408244312	6.57478447528773	8.87020925739348	6.19226806208577	-3.42360408244312	-3.42360408244312	-3.42360408244312	-3.42360408244312	-3.42360408244312	8.26822878438795	-3.42360408244312	-3.42360408244312	-3.42360408244312	-3.42360408244312	-3.42360408244312	11.8065844340367	-3.42360408244312	8.20729106743011	-3.42360408244312	12.1087270377211	-3.42360408244312	-3.42360408244312	9.08431608020582	-3.42360408244312
MSM9VZOI	-4.24685862802964	-4.24685862802964	-4.24685862802964	7.74149945253481	4.15177622726246	-4.24685862802964	-4.24685862802964	-4.24685862802964	-4.24685862802964	-4.24685862802964	13.707909483128	-4.24685862802964	-4.24685862802964	-4.24685862802964	-4.24685862802964	-4.24685862802964	-4.24685862802964	-4.24685862802964	-4.24685862802964	12.1499493118836	-4.24685862802964	-4.24685862802964	-4.24685862802964	-4.24685862802964	-4.24685862802964	-4.24685862802964	-4.24685862802964	-4.24685862802964	-4.24685862802964	-4.24685862802964	-4.24685862802964	-4.24685862802964	11.3599181108493	7.80402696749384	-4.24685862802964	-4.24685862802964	-4.24685862802964	-4.24685862802964	4.50160500191241	6.64190452783559	-4.24685862802964	-4.24685862802964	-4.24685862802964	-4.24685862802964	-4.24685862802964	-4.24685862802964	-4.24685862802964	4.87912139532847	7.28499653432468	-4.24685862802964	7.37743825089824	3.97219803303096	7.89580019698337	6.79030264748183	-4.24685862802964	-4.24685862802964	-4.24685862802964	5.10853401564568	7.69785574685153	4.25846439081611	-4.24685862802964	6.87392754444034	6.7604111592761	7.75059571217785	1.46025163671923	-4.24685862802964	7.51191859418763	-4.24685862802964	-4.24685862802964	2.56768426923032	4.06478532047334	-4.24685862802964	1.55525974734742	-4.24685862802964	-4.24685862802964	-4.24685862802964	7.82631670951613	-4.24685862802964	6.42258501952424	10.0138638948095	9.30870304608538	-4.24685862802964	9.78436071171653	-4.24685862802964	-4.24685862802964	6.49757091479079	-4.24685862802964	-4.24685862802964	10.105151733177	9.2577025952645	-4.24685862802964	7.52466247056965	-4.24685862802964	-4.24685862802964	7.47268255296918	-4.24685862802964	-4.24685862802964	4.74793426925396	-4.24685862802964	-4.24685862802964	-4.24685862802964	-4.24685862802964	-4.24685862802964	6.81116460542999	-4.24685862802964	-4.24685862802964	-4.24685862802964	7.22785601367681	7.63528972511069	7.96703832759607	4.36035806603418	8.97983052987869	4.9164949527222	-4.24685862802964	-4.24685862802964	-4.24685862802964	-4.24685862802964	6.26315556078266	6.29745596786673	-4.24685862802964	-4.24685862802964	11.4729437853648
MSM9VZOO	-3.95820512974871	7.16450338087573	-3.95820512974871	7.05994849052759	5.04891685972054	-3.95820512974871	-3.95820512974871	-3.95820512974871	-3.95820512974871	-3.95820512974871	13.8418965250752	-3.95820512974871	-3.95820512974871	-3.95820512974871	-3.95820512974871	-3.95820512974871	-3.95820512974871	-3.95820512974871	-3.95820512974871	12.9196318118608	-3.95820512974871	-3.95820512974871	11.173373389508	-3.95820512974871	-3.95820512974871	-3.95820512974871	-3.95820512974871	-3.95820512974871	-3.95820512974871	-3.95820512974871	-3.95820512974871	-3.95820512974871	11.7425250336388	6.69483356599391	-3.95820512974871	-3.95820512974871	-3.95820512974871	-3.95820512974871	5.70772295973885	-3.95820512974871	-3.95820512974871	-3.95820512974871	-3.95820512974871	-3.95820512974871	-3.95820512974871	-3.95820512974871	3.18145520621621	-3.95820512974871	9.34126791277392	-3.95820512974871	5.67942707156175	8.60330519462332	6.91361516868861	9.52490628527465	-3.95820512974871	-3.95820512974871	-3.95820512974871	7.29906650534152	7.33446012308684	-3.95820512974871	-3.95820512974871	6.93818228203147	3.90928343895042	6.12095693685958	-3.95820512974871	-3.95820512974871	7.5803978285113	-3.95820512974871	-3.95820512974871	-3.95820512974871	-3.95820512974871	-3.95820512974871	-3.95820512974871	-3.95820512974871	-3.95820512974871	-3.95820512974871	10.0081371779109	7.07653936245128	8.22996318557872	8.13682980418898	10.9825762007603	-3.95820512974871	2.08442770393368	-3.95820512974871	-3.95820512974871	5.35297555715355	-3.95820512974871	-3.95820512974871	11.6702556131867	7.3802597994794	-3.95820512974871	6.16405644158369	-3.95820512974871	-3.95820512974871	6.80078226902408	-3.95820512974871	-3.95820512974871	-3.95820512974871	-3.95820512974871	-3.95820512974871	-3.95820512974871	-3.95820512974871	-3.95820512974871	-3.95820512974871	-3.95820512974871	-3.95820512974871	-3.95820512974871	8.52951013740955	7.50868686786948	6.19491209933746	5.40494216247123	8.62077843996828	4.91259831423342	-3.95820512974871	-3.95820512974871	-3.95820512974871	5.68203276647623	6.72072362107345	9.31941859728583	6.0963282876612	-3.95820512974871	-3.95820512974871
MSM9VZOU	-2.86794268924508	-2.86794268924508	-2.86794268924508	-2.86794268924508	-2.86794268924508	-2.86794268924508	-2.86794268924508	-2.86794268924508	-2.86794268924508	-2.86794268924508	-2.86794268924508	-2.86794268924508	-2.86794268924508	-2.86794268924508	-2.86794268924508	14.713891372302	-2.86794268924508	-2.86794268924508	-2.86794268924508	-2.86794268924508	-2.86794268924508	-2.86794268924508	-2.86794268924508	-2.86794268924508	-2.86794268924508	-2.86794268924508	-2.86794268924508	-2.86794268924508	-2.86794268924508	-2.86794268924508	-2.86794268924508	-2.86794268924508	-2.86794268924508	-2.86794268924508	-2.86794268924508	-2.86794268924508	-2.86794268924508	-2.86794268924508	-2.86794268924508	-2.86794268924508	-2.86794268924508	10.6673392832256	-2.86794268924508	-2.86794268924508	8.33765566355961	-2.86794268924508	-2.86794268924508	-2.86794268924508	-2.86794268924508	9.64005141575104	-2.86794268924508	-2.86794268924508	-2.86794268924508	10.2913522447302	-2.86794268924508	-2.86794268924508	-2.86794268924508	10.5934909754935	10.4403540478666	-2.86794268924508	-2.86794268924508	-2.86794268924508	-2.86794268924508	-2.86794268924508	11.5074241991505	-2.86794268924508	-2.86794268924508	8.46622685449055	6.00004820893701	8.13799975967661	-2.86794268924508	-2.86794268924508	-2.86794268924508	-2.86794268924508	7.13633997332594	-2.86794268924508	-2.86794268924508	-2.86794268924508	-2.86794268924508	13.5116784899244	-2.86794268924508	9.73667450580794	-2.86794268924508	-2.86794268924508	-2.86794268924508	-2.86794268924508	-2.86794268924508	-2.86794268924508	14.3278728835347	11.281000490388	-2.86794268924508	-2.86794268924508	-2.86794268924508	-2.86794268924508	-2.86794268924508	-2.86794268924508	-2.86794268924508	-2.86794268924508	-2.86794268924508	9.12469537006402	-2.86794268924508	11.6534984917917	-2.86794268924508	-2.86794268924508	10.7454896275737	-2.86794268924508	-2.86794268924508	7.08295312068604	8.15184971149008	10.9182430690969	8.96140535454066	6.87426046556289	7.7679367951769	-2.86794268924508	-2.86794268924508	-2.86794268924508	-2.86794268924508	9.09076415049479	6.9864071387295	7.43970912566617	-2.86794268924508	-2.86794268924508
MSM9VZP3	-2.73939531107709	-2.73939531107709	-2.73939531107709	-2.73939531107709	-2.73939531107709	-2.73939531107709	-2.73939531107709	7.6554597785679	-2.73939531107709	-2.73939531107709	-2.73939531107709	-2.73939531107709	-2.73939531107709	-2.73939531107709	-2.73939531107709	15.123217264259	-2.73939531107709	-2.73939531107709	-2.73939531107709	-2.73939531107709	-2.73939531107709	-2.73939531107709	-2.73939531107709	-2.73939531107709	-2.73939531107709	-2.73939531107709	-2.73939531107709	-2.73939531107709	-2.73939531107709	-2.73939531107709	-2.73939531107709	-2.73939531107709	-2.73939531107709	-2.73939531107709	-2.73939531107709	-2.73939531107709	-2.73939531107709	-2.73939531107709	-2.73939531107709	-2.73939531107709	-2.73939531107709	10.223458721131	-2.73939531107709	-2.73939531107709	7.06983650553331	-2.73939531107709	-2.73939531107709	-2.73939531107709	-2.73939531107709	10.6249113893048	-2.73939531107709	10.5542977667352	-2.73939531107709	10.0418317698691	-2.73939531107709	-2.73939531107709	6.17402040708038	11.6059908618487	9.21770943662919	-2.73939531107709	-2.73939531107709	-2.73939531107709	-2.73939531107709	-2.73939531107709	11.366529333986	-2.73939531107709	-2.73939531107709	7.47930436058964	7.27343979829432	7.21862777410705	-2.73939531107709	-2.73939531107709	-2.73939531107709	-2.73939531107709	-2.73939531107709	-2.73939531107709	-2.73939531107709	-2.73939531107709	-2.73939531107709	14.1173327531456	-2.73939531107709	7.50948882310108	-2.73939531107709	-2.73939531107709	-2.73939531107709	-2.73939531107709	-2.73939531107709	-2.73939531107709	13.3269712663452	11.9548291297228	-2.73939531107709	-2.73939531107709	-2.73939531107709	-2.73939531107709	-2.73939531107709	-2.73939531107709	-2.73939531107709	-2.73939531107709	-2.73939531107709	6.27626748189555	-2.73939531107709	10.1417903730245	-2.73939531107709	-2.73939531107709	11.2571701685041	-2.73939531107709	-2.73939531107709	-2.73939531107709	8.34782662354397	8.92634565705431	7.52250068202392	-2.73939531107709	-2.73939531107709	-2.73939531107709	-2.73939531107709	-2.73939531107709	-2.73939531107709	9.74272068902815	9.09104526282547	10.3996304741736	-2.73939531107709	-2.73939531107709
MSM9VZPL	-4.72181993705689	-4.72181993705689	-4.72181993705689	-4.72181993705689	-4.72181993705689	-4.72181993705689	-4.72181993705689	-4.72181993705689	-4.72181993705689	9.27276608149385	8.41468497581907	-4.72181993705689	-4.72181993705689	-4.72181993705689	-4.72181993705689	10.7631508090781	-4.72181993705689	8.32960796894877	-4.72181993705689	-4.72181993705689	12.063274023291	4.72997530600476	-4.72181993705689	-4.72181993705689	-4.72181993705689	-4.72181993705689	-4.72181993705689	9.14772510479969	-4.72181993705689	-4.72181993705689	-4.72181993705689	5.99948517054393	11.1138811048121	-4.72181993705689	-4.72181993705689	-4.72181993705689	-4.72181993705689	-4.72181993705689	3.55736984013811	4.76698515782146	-4.72181993705689	-4.72181993705689	-4.72181993705689	7.15283467780765	-4.72181993705689	-4.72181993705689	-4.72181993705689	-4.72181993705689	9.31023726036856	6.20701004221957	6.60140884158715	-4.72181993705689	-4.72181993705689	9.54455029338587	-4.72181993705689	6.97176737481717	-4.72181993705689	7.37064158328389	7.73812331139876	5.33056164616067	-4.72181993705689	6.47091403776582	8.24145626270639	9.11418026705402	-4.72181993705689	4.49955928203451	7.42959058806338	-4.72181993705689	-4.72181993705689	1.81631988671078	-4.72181993705689	-4.72181993705689	-4.72181993705689	-4.72181993705689	-4.72181993705689	-4.72181993705689	6.16712986954802	11.1629518940504	4.89205033839295	8.98514838226634	7.94474562896789	-4.72181993705689	9.89397369021729	3.01927915297848	4.59387095052712	8.58896468946929	-4.72181993705689	-4.72181993705689	12.7917609839233	7.76245625125621	-4.72181993705689	4.1587655860456	8.21818428284659	-4.72181993705689	8.1760514803387	-4.72181993705689	-4.72181993705689	4.89605007707634	-4.72181993705689	-4.72181993705689	-4.72181993705689	-4.72181993705689	4.82577807731434	7.4979139670911	-4.72181993705689	-4.72181993705689	-4.72181993705689	7.76860800333188	-4.72181993705689	-4.72181993705689	-4.72181993705689	-4.72181993705689	-4.72181993705689	8.49825255857847	-4.72181993705689	4.33431975384199	7.89407829585841	-4.72181993705689	-4.72181993705689	-4.72181993705689	5.38628053017401	-4.72181993705689
MSMA267V	5.97146079733455	-7.25600286186972	5.39456648447566	3.73976027811668	6.01927214233833	-7.25600286186972	0.506593186670353	-7.25600286186972	6.67081738030414	3.67085246412446	6.61678649157723	-7.25600286186972	-7.25600286186972	-7.25600286186972	7.31726730131114	-7.25600286186972	6.99169976885922	6.62468757401889	7.82701035677674	5.57242157631924	6.84223325530392	8.51052492464745	5.22872750890385	6.82278000969908	-7.25600286186972	3.18195847933811	2.95647560843944	6.28667614017279	6.48769048276359	-7.25600286186972	5.76698428052031	3.67872778896367	7.7667803499235	5.62599704885063	6.70290736175015	3.38515102283085	6.22476336578304	-7.25600286186972	-7.25600286186972	0.458674611931211	-7.25600286186972	-7.25600286186972	-7.25600286186972	-7.25600286186972	-7.25600286186972	-7.25600286186972	4.93073914496013	2.18552859299998	5.04155903664866	5.11762028355073	4.96688265196031	5.1938822535988	3.76771168930693	7.32129948750576	-7.25600286186972	5.36898075628428	-7.25600286186972	4.64395893974024	-7.25600286186972	4.12305972696997	2.10714443035022	5.2648476762457	5.44342671438556	8.02648094709655	-7.25600286186972	-7.25600286186972	7.36344507487058	-7.25600286186972	-7.25600286186972	-7.25600286186972	-7.25600286186972	-7.25600286186972	-7.25600286186972	-7.25600286186972	-7.25600286186972	-7.25600286186972	3.41134659281158	8.18556887327834	4.82762527520186	7.17495870537641	5.79437244863924	-7.25600286186972	6.0774816867836	4.57020663066296	-7.25600286186972	4.99781654653317	2.8758545609522	-7.25600286186972	9.20924076524338	3.55656952229024	4.49295078984372	3.72523078665314	9.79494761575132	-7.25600286186972	3.94386802031359	6.35581254267804	4.25533133770902	1.26538153416499	-7.25600286186972	-7.25600286186972	-0.207616453147834	-7.25600286186972	-7.25600286186972	5.30666322427788	2.8967247467019	-7.25600286186972	4.84809796432465	-7.25600286186972	-7.25600286186972	-7.25600286186972	-7.25600286186972	-7.25600286186972	-7.25600286186972	5.26119124472099	-7.25600286186972	2.6206785962459	-7.25600286186972	-7.25600286186972	-7.25600286186972	1.16048562542489	2.75008640432713	3.9324520572009
MSMA26AL	-6.69283551973073	-6.69283551973073	7.22741426092886	-6.69283551973073	6.04958721119539	-6.69283551973073	-6.69283551973073	-6.69283551973073	8.67711828834573	4.85604571888907	-6.69283551973073	-6.69283551973073	-6.69283551973073	-6.69283551973073	-6.69283551973073	-6.69283551973073	-6.69283551973073	8.9401414022418	9.67651374654831	6.20910809348098	7.85687826592129	10.3598084150305	-6.69283551973073	8.19349843411257	6.7173514201152	7.35199229296217	4.47436907152046	7.01346378465855	-6.69283551973073	-6.69283551973073	8.28090783692339	5.46242266412163	-6.69283551973073	-6.69283551973073	8.51441230980511	-6.69283551973073	7.91257272446669	-6.69283551973073	-6.69283551973073	-6.69283551973073	-6.69283551973073	4.75652161997633	-6.69283551973073	6.77463555826041	-6.69283551973073	6.23856345889026	5.18882882637514	-6.69283551973073	-6.69283551973073	5.6737006944896	-6.69283551973073	-6.69283551973073	-6.69283551973073	7.2193125186028	6.00264808363288	6.09069563848289	-6.69283551973073	4.29298248889922	5.87122970128034	7.07494486207827	4.95235428549208	6.38457442383223	5.99068485386148	7.67800795346339	6.75020602199603	4.08196631903208	7.30060446372462	4.8308419348764	5.0073244138941	4.78530179375378	3.33069917011485	2.4461162561578	3.54286521250623	4.92445896953217	5.07628909050803	6.79310234492817	-6.69283551973073	-6.69283551973073	5.10339495230177	7.34910199327331	-6.69283551973073	-6.69283551973073	-6.69283551973073	4.85479084401881	-6.69283551973073	-6.69283551973073	-6.69283551973073	3.4559875116261	7.81295360826174	8.03152656773066	2.50654501200911	3.81690601121097	8.60914296099387	-6.69283551973073	7.49737917511784	7.39067799076179	-6.69283551973073	6.78283052186334	-6.69283551973073	-6.69283551973073	-6.69283551973073	3.33424040705001	-6.69283551973073	3.20166174096726	-6.69283551973073	-6.69283551973073	8.06465339969955	-6.69283551973073	-6.69283551973073	-6.69283551973073	-6.69283551973073	-6.69283551973073	-6.69283551973073	1.6526199084312	4.84683897853205	-6.69283551973073	-6.69283551973073	2.94610037774247	-6.69283551973073	-6.69283551973073	-6.69283551973073	8.09404128288121
MSMA26AZ	-4.98815101699255	-4.98815101699255	5.64073307031902	-4.98815101699255	7.23910075899887	-4.98815101699255	-4.98815101699255	-4.98815101699255	10.0907772597682	8.5797196390565	8.34382639923727	-4.98815101699255	-4.98815101699255	-4.98815101699255	10.2452497059059	-4.98815101699255	9.60649678549199	9.95422265711411	-4.98815101699255	-4.98815101699255	10.8667952914051	12.0771625905875	-4.98815101699255	-4.98815101699255	8.21645756388666	-4.98815101699255	-4.98815101699255	-4.98815101699255	-4.98815101699255	-4.98815101699255	9.84255797380404	-4.98815101699255	10.5377084646847	-4.98815101699255	8.67161876427691	-4.98815101699255	8.13539366239976	-4.98815101699255	-4.98815101699255	-4.98815101699255	7.54496022222804	2.52991316424053	-4.98815101699255	6.55269112597188	-4.98815101699255	6.93536639137764	8.51267756284154	-4.98815101699255	8.81291674408742	2.74421820529184	-4.98815101699255	-4.98815101699255	-4.98815101699255	8.16507322722058	-4.98815101699255	7.1741839291448	-4.98815101699255	3.9802451742057	6.44379213234414	-4.98815101699255	-4.98815101699255	6.64770863807265	-4.98815101699255	-4.98815101699255	4.6109151390875	-4.98815101699255	7.17177820864832	-4.98815101699255	-4.98815101699255	4.61834459376602	2.32573581464091	-4.98815101699255	2.07746234660517	-4.98815101699255	-4.98815101699255	-4.98815101699255	5.23781850603708	11.4312759551581	-4.98815101699255	10.350038626341	-4.98815101699255	-4.98815101699255	-4.98815101699255	-4.98815101699255	-4.98815101699255	6.84860280081546	3.84253818176845	5.29037679983776	11.4688482694825	8.60439222412731	5.26813899106843	-4.98815101699255	-4.98815101699255	-4.98815101699255	5.36485042648642	-4.98815101699255	-4.98815101699255	7.21827656554003	3.68621684879568	-4.98815101699255	1.82639188026741	3.97128912662438	-4.98815101699255	-4.98815101699255	4.12468677362239	-4.98815101699255	-4.98815101699255	-4.98815101699255	-4.98815101699255	-4.98815101699255	-4.98815101699255	-4.98815101699255	-4.98815101699255	8.65885922920793	-4.98815101699255	5.41097745298436	-4.98815101699255	-4.98815101699255	-4.98815101699255	4.51493359302768	6.14440674856766	-4.98815101699255
MSMA26BB	4.30430795611743	-5.75494326040159	2.79781010641319	-5.75494326040159	3.14219208189172	-5.75494326040159	-5.75494326040159	-5.75494326040159	6.94747365845837	9.55157994315409	10.5237420952966	-5.75494326040159	-5.75494326040159	-5.75494326040159	8.66102939972263	-5.75494326040159	8.31146686202171	-5.75494326040159	8.43996970493821	9.09519237975802	10.3780184412196	9.47171303915646	8.51785985737097	8.59723667597876	-5.75494326040159	-5.75494326040159	-5.75494326040159	7.97986795768673	-5.75494326040159	-5.75494326040159	8.58411821030289	-5.75494326040159	9.38502641373258	5.36820834242281	6.71522676227291	-5.75494326040159	8.04763503516754	2.8393961401913	3.45148948674357	4.90843849080631	4.47752424585451	-5.75494326040159	4.92052575821229	-5.75494326040159	-5.75494326040159	-5.75494326040159	4.70044467847224	3.6361340802383	8.08771640269828	5.00127735501168	-5.75494326040159	-5.75494326040159	-5.75494326040159	4.22323423776598	-5.75494326040159	2.99827022014253	-5.75494326040159	4.49994032711886	-5.75494326040159	-5.75494326040159	-5.75494326040159	1.77392599624066	-5.75494326040159	4.6526775720394	-5.75494326040159	-5.75494326040159	5.78813306451913	-5.75494326040159	-5.75494326040159	-5.75494326040159	-5.75494326040159	-5.75494326040159	-5.75494326040159	-5.75494326040159	-5.75494326040159	8.13278655865261	8.46769835054709	10.7880776490219	8.86000551071525	9.50194176155189	6.59267668931817	-5.75494326040159	7.36447779260861	-5.75494326040159	-0.0151503482223614	5.34686615995162	-5.75494326040159	-5.75494326040159	10.2813403101327	3.69998899409467	-5.75494326040159	-5.75494326040159	10.5878308433068	-5.75494326040159	-5.75494326040159	5.29723163343495	4.06467343309739	-5.75494326040159	-5.75494326040159	-5.75494326040159	-5.75494326040159	-5.75494326040159	-5.75494326040159	5.97519621082575	3.01082728358566	-5.75494326040159	-5.75494326040159	-5.75494326040159	3.75557577535565	3.84818216652538	3.94710107613299	5.16469845836212	-5.75494326040159	4.3697259201352	-5.75494326040159	-5.75494326040159	4.47500226728763	-5.75494326040159	6.44471384951911	-5.75494326040159	1.82115408022152	-5.75494326040159
MSMA26BR	5.58764163727909	-5.70937653141655	3.5393187944361	4.50126478376095	3.66146573721366	-5.70937653141655	-5.70937653141655	-5.70937653141655	8.4604749487757	8.96144299783899	2.05321951712352	-5.70937653141655	-5.70937653141655	-5.70937653141655	-5.70937653141655	-5.70937653141655	-5.70937653141655	8.9346469787298	-5.70937653141655	8.14689297908087	10.9979947309682	11.2532981873597	8.30701642687155	8.80942508358611	-5.70937653141655	6.03037370087036	3.50306163864178	7.49890946382754	-5.70937653141655	-5.70937653141655	-5.70937653141655	-5.70937653141655	9.99392175103553	5.61034032732266	8.52663945977863	-5.70937653141655	9.06555359413682	2.72465241873892	-5.70937653141655	-5.70937653141655	4.18814324933979	-5.70937653141655	-5.70937653141655	3.2332151058153	-5.70937653141655	2.44282148444524	8.8118721079911	5.67117116096789	8.30617352284559	4.48158057099003	-5.70937653141655	3.06725356701117	6.15428326695534	8.20115416429392	5.81657374127637	-5.70937653141655	-5.70937653141655	4.35584714430442	-5.70937653141655	4.56156268702953	-5.70937653141655	7.43961125000358	5.79381167999793	4.86554925851731	-5.70937653141655	-5.70937653141655	7.39610718266719	-5.70937653141655	-5.70937653141655	-5.70937653141655	-5.70937653141655	-5.70937653141655	-5.70937653141655	-5.70937653141655	-5.70937653141655	8.21602914533459	9.54277947581824	9.76059903167071	-5.70937653141655	7.53522394754906	5.9986304019829	-5.70937653141655	8.01406369276977	-5.70937653141655	-5.70937653141655	5.54128766378205	-5.70937653141655	-5.70937653141655	10.5788163460713	7.27629847534803	-5.70937653141655	4.3016641312843	-5.70937653141655	4.79681366540972	8.0743553923012	-5.70937653141655	6.26741501653632	5.67037176389908	-5.70937653141655	-5.70937653141655	-5.70937653141655	-5.70937653141655	3.77715514629591	8.37026672641118	-5.70937653141655	-5.70937653141655	6.51173742430809	-5.70937653141655	-5.70937653141655	-5.70937653141655	-5.70937653141655	-5.70937653141655	-5.70937653141655	1.00114657803588	-5.70937653141655	-5.70937653141655	-5.70937653141655	-5.70937653141655	-5.70937653141655	-5.70937653141655	-5.70937653141655	8.92053421543933
MSMA26CX	-4.08747239955481	-4.08747239955481	-4.08747239955481	-4.08747239955481	-4.08747239955481	-4.08747239955481	-4.08747239955481	-4.08747239955481	-4.08747239955481	9.49406240000351	9.28986027451011	-4.08747239955481	-4.08747239955481	-4.08747239955481	-4.08747239955481	12.065453668217	-4.08747239955481	9.84175159112026	-4.08747239955481	-4.08747239955481	13.7977226620946	7.78355399215722	-4.08747239955481	-4.08747239955481	-4.08747239955481	-4.08747239955481	-4.08747239955481	10.0266312387303	-4.08747239955481	-4.08747239955481	-4.08747239955481	8.08530712985488	11.6280196951478	-4.08747239955481	-4.08747239955481	-4.08747239955481	-4.08747239955481	-4.08747239955481	-4.08747239955481	-4.08747239955481	-4.08747239955481	4.59030785650937	-4.08747239955481	7.94929954865771	-4.08747239955481	-4.08747239955481	-4.08747239955481	-4.08747239955481	7.17005746331957	4.42189021274623	-4.08747239955481	-4.08747239955481	-4.08747239955481	6.46497530865159	-4.08747239955481	-4.08747239955481	-4.08747239955481	6.88263785410831	8.16486818438691	-4.08747239955481	-4.08747239955481	-4.08747239955481	6.53363540984018	7.78236498127408	-4.08747239955481	-4.08747239955481	6.97149599867013	-4.08747239955481	-4.08747239955481	6.5001468156143	-4.08747239955481	-4.08747239955481	-4.08747239955481	-4.08747239955481	-4.08747239955481	-4.08747239955481	10.7415612215706	10.8017329008582	8.45696711521757	8.83059616765414	10.5801875169391	-4.08747239955481	8.51428770831943	5.19899533280892	-4.08747239955481	3.57217055500987	3.38046993273104	3.98997474977638	10.7253044550184	9.13806290028344	5.76582651139803	-4.08747239955481	8.24857971297405	-4.08747239955481	7.94550202316311	-4.08747239955481	-4.08747239955481	6.72065831450585	-4.08747239955481	-4.08747239955481	-4.08747239955481	-4.08747239955481	2.47920003024843	4.84856269701123	-4.08747239955481	-4.08747239955481	-4.08747239955481	7.89208225764719	-4.08747239955481	-4.08747239955481	-4.08747239955481	-4.08747239955481	-4.08747239955481	8.90669617739569	-4.08747239955481	-4.08747239955481	9.12242738365406	-4.08747239955481	-4.08747239955481	-4.08747239955481	5.69390401458634	-4.08747239955481
MSMA26DG	-3.09282717648968	-3.09282717648968	-3.09282717648968	-3.09282717648968	-3.09282717648968	-3.09282717648968	-3.09282717648968	-3.09282717648968	10.5461741006316	-3.09282717648968	11.4033332954925	-3.09282717648968	-3.09282717648968	-3.09282717648968	8.77882811969153	-3.09282717648968	-3.09282717648968	9.42286392013283	12.9882362687849	10.3539228429144	13.0496001438781	13.0059583278839	9.22152123123484	11.7755591887345	8.53664500465329	-3.09282717648968	-3.09282717648968	10.1553597140116	-3.09282717648968	-3.09282717648968	10.9048057517656	-3.09282717648968	12.7733808676666	7.46665071221003	-3.09282717648968	-3.09282717648968	10.4311284859822	-3.09282717648968	-3.09282717648968	-3.09282717648968	-3.09282717648968	-3.09282717648968	-3.09282717648968	-3.09282717648968	-3.09282717648968	-3.09282717648968	6.68911401796695	-3.09282717648968	-3.09282717648968	-3.09282717648968	-3.09282717648968	10.4330273620708	-3.09282717648968	-3.09282717648968	-3.09282717648968	-3.09282717648968	-3.09282717648968	-3.09282717648968	-3.09282717648968	7.39346241609994	-3.09282717648968	-3.09282717648968	6.23449591097211	-3.09282717648968	-3.09282717648968	-3.09282717648968	8.38531013699483	-3.09282717648968	-3.09282717648968	-3.09282717648968	-3.09282717648968	-3.09282717648968	-3.09282717648968	-3.09282717648968	-3.09282717648968	-3.09282717648968	7.41144552673422	-3.09282717648968	8.74659955117838	-3.09282717648968	6.49258782227059	-3.09282717648968	10.5056101186227	-3.09282717648968	-3.09282717648968	-3.09282717648968	-3.09282717648968	-3.09282717648968	14.4827943228377	-3.09282717648968	-3.09282717648968	-3.09282717648968	-3.09282717648968	-3.09282717648968	8.40702318059282	-3.09282717648968	-3.09282717648968	-3.09282717648968	-3.09282717648968	-3.09282717648968	-3.09282717648968	-3.09282717648968	-3.09282717648968	-3.09282717648968	-3.09282717648968	-3.09282717648968	-3.09282717648968	6.20378263063867	-3.09282717648968	-3.09282717648968	-3.09282717648968	-3.09282717648968	-3.09282717648968	-3.09282717648968	6.61774288003908	-3.09282717648968	5.72313638436375	-3.09282717648968	-3.09282717648968	-3.09282717648968	-3.09282717648968	-3.09282717648968
MSMA26DO	5.43319852619207	-4.3333805090766	5.29836393480925	-4.3333805090766	4.85685919119258	-4.3333805090766	-4.3333805090766	-4.3333805090766	9.44384753548733	-4.3333805090766	11.5534614168362	-4.3333805090766	-4.3333805090766	-4.3333805090766	7.04430925461698	-4.3333805090766	-4.3333805090766	9.60545414889718	11.3043445205916	8.83975392637361	11.5811954028576	12.9712259999789	5.7051185901154	9.02848941268262	7.08337540693739	-4.3333805090766	-4.3333805090766	7.97656104021128	-4.3333805090766	-4.3333805090766	7.54287470739901	-4.3333805090766	9.34437374387658	4.06974772605166	-4.3333805090766	4.75490521689227	9.74437199818266	-4.3333805090766	-4.3333805090766	-4.3333805090766	-4.3333805090766	-4.3333805090766	-4.3333805090766	-4.3333805090766	-4.3333805090766	-4.3333805090766	5.31656871557458	-4.3333805090766	-4.3333805090766	5.69634314000467	6.81297839366382	10.1815977130423	8.12263729437822	7.62558242736678	-4.3333805090766	4.82366456584136	-4.3333805090766	5.68303386231474	-4.3333805090766	8.08526400391481	6.39911727122351	5.34827513157011	6.08505416218469	7.85356538070475	-4.3333805090766	-4.3333805090766	9.36570970933906	-4.3333805090766	-4.3333805090766	-4.3333805090766	-4.3333805090766	-4.3333805090766	-4.3333805090766	-4.3333805090766	-4.3333805090766	-4.3333805090766	8.62923890856695	-4.3333805090766	5.21777977751421	-4.3333805090766	8.44194986257381	-4.3333805090766	7.44022318441638	-4.3333805090766	-4.3333805090766	6.73857183402647	-4.3333805090766	-4.3333805090766	12.118725135383	-4.3333805090766	-4.3333805090766	-4.3333805090766	-4.3333805090766	-4.3333805090766	8.59129017864578	-4.3333805090766	-4.3333805090766	-4.3333805090766	-4.3333805090766	-4.3333805090766	-4.3333805090766	-4.3333805090766	-4.3333805090766	-4.3333805090766	-4.3333805090766	-4.3333805090766	-4.3333805090766	7.87639028984698	-4.3333805090766	-4.3333805090766	-4.3333805090766	-4.3333805090766	-4.3333805090766	-4.3333805090766	6.86908543575186	-4.3333805090766	5.49920162994375	-4.3333805090766	-4.3333805090766	-4.3333805090766	-4.3333805090766	-4.3333805090766
MSMA26EJ	-2.34462280255019	-2.34462280255019	-2.34462280255019	-2.34462280255019	-2.34462280255019	-2.34462280255019	-2.34462280255019	-2.34462280255019	-2.34462280255019	-2.34462280255019	-2.34462280255019	-2.34462280255019	-2.34462280255019	-2.34462280255019	-2.34462280255019	-2.34462280255019	-2.34462280255019	-2.34462280255019	-2.34462280255019	-2.34462280255019	-2.34462280255019	-2.34462280255019	-2.34462280255019	-2.34462280255019	-2.34462280255019	-2.34462280255019	-2.34462280255019	-2.34462280255019	-2.34462280255019	-2.34462280255019	-2.34462280255019	-2.34462280255019	-2.34462280255019	-2.34462280255019	-2.34462280255019	-2.34462280255019	-2.34462280255019	-2.34462280255019	-2.34462280255019	-2.34462280255019	-2.34462280255019	9.44115785797239	-2.34462280255019	-2.34462280255019	-2.34462280255019	-2.34462280255019	-2.34462280255019	-2.34462280255019	13.8188171777401	-2.34462280255019	-2.34462280255019	-2.34462280255019	-2.34462280255019	9.78576139175772	-2.34462280255019	-2.34462280255019	-2.34462280255019	11.5460981910601	11.7767468699081	-2.34462280255019	-2.34462280255019	-2.34462280255019	-2.34462280255019	-2.34462280255019	-2.34462280255019	-2.34462280255019	-2.34462280255019	-2.34462280255019	-2.34462280255019	11.4430447104189	-2.34462280255019	-2.34462280255019	-2.34462280255019	-2.34462280255019	9.83161415240841	-2.34462280255019	-2.34462280255019	14.7947688288402	-2.34462280255019	14.6807305449849	12.7779281185805	-2.34462280255019	-2.34462280255019	-2.34462280255019	9.2609821121592	-2.34462280255019	-2.34462280255019	-2.34462280255019	14.2827441248019	-2.34462280255019	-2.34462280255019	-2.34462280255019	-2.34462280255019	-2.34462280255019	10.6314446323169	-2.34462280255019	-2.34462280255019	8.21173666154399	-2.34462280255019	7.688181021456	-2.34462280255019	13.5578485812869	-2.34462280255019	-2.34462280255019	-2.34462280255019	-2.34462280255019	-2.34462280255019	-2.34462280255019	7.69649398497398	9.89183839796887	8.1530475823933	-2.34462280255019	7.63494577439128	-2.34462280255019	-2.34462280255019	-2.34462280255019	-2.34462280255019	-2.34462280255019	8.21770512435189	9.33864441370292	-2.34462280255019	-2.34462280255019
MSMA26ET	-4.78387356877801	7.96780576530876	-4.78387356877801	-4.78387356877801	8.61571388638544	-4.78387356877801	-4.78387356877801	-4.78387356877801	10.3171163215854	-4.78387356877801	8.18794827465632	8.46371353798022	-4.78387356877801	-4.78387356877801	5.00538088959669	-4.78387356877801	7.95424103394311	8.8081696354537	7.60718790654207	7.79672720002795	9.33789372941809	10.0358437220876	-4.78387356877801	8.70557576936535	-4.78387356877801	-4.78387356877801	8.48698050090136	7.734748136834	-4.78387356877801	-4.78387356877801	8.3255484290434	7.81802117344636	6.95611575305704	6.78155895367123	9.48281515105951	-4.78387356877801	9.06772877388284	-4.78387356877801	-4.78387356877801	-4.78387356877801	-4.78387356877801	-4.78387356877801	5.60453701320099	3.91414005330591	-4.78387356877801	-4.78387356877801	-4.78387356877801	-4.78387356877801	6.9730249983165	4.40942236858891	-4.78387356877801	6.85982574027211	-4.78387356877801	5.42970557672298	-4.78387356877801	6.43469425831834	-4.78387356877801	4.65765788609168	-4.78387356877801	5.47767296946901	7.08126389599464	7.27579084665681	-4.78387356877801	7.45694343982918	-4.78387356877801	-4.78387356877801	7.82117987374833	-4.78387356877801	-4.78387356877801	-4.78387356877801	-4.78387356877801	-4.78387356877801	-4.78387356877801	-4.78387356877801	-4.78387356877801	-4.78387356877801	6.6436138263601	10.8507604590179	-4.78387356877801	3.54481901476755	3.03254341491379	-4.78387356877801	-4.78387356877801	-4.78387356877801	4.75584249019908	1.70988027107367	-4.78387356877801	-4.78387356877801	10.3337208653356	-4.78387356877801	7.19065156084395	7.60926353485325	-4.78387356877801	-4.78387356877801	7.25968602959002	11.5396440090092	-4.78387356877801	5.75701058254674	-4.78387356877801	-4.78387356877801	-4.78387356877801	-4.78387356877801	-4.78387356877801	8.22890036363845	-4.78387356877801	-4.78387356877801	-4.78387356877801	-4.78387356877801	-4.78387356877801	-4.78387356877801	-4.78387356877801	-4.78387356877801	-4.78387356877801	-4.78387356877801	-4.78387356877801	-4.78387356877801	-4.78387356877801	12.697614202662	-4.78387356877801	-4.78387356877801	-4.78387356877801	-4.78387356877801
MSMAPC5D	-4.65099554298224	-4.65099554298224	-4.65099554298224	-4.65099554298224	-4.65099554298224	10.1772683532709	6.16338821711074	-4.65099554298224	-4.65099554298224	-4.65099554298224	-4.65099554298224	-4.65099554298224	10.0408629490625	8.85031236022079	-4.65099554298224	9.80449398670557	-4.65099554298224	-4.65099554298224	-4.65099554298224	2.97508721509014	-4.65099554298224	12.5206062730562	-4.65099554298224	-4.65099554298224	-4.65099554298224	-4.65099554298224	-4.65099554298224	-4.65099554298224	-4.65099554298224	-4.65099554298224	-4.65099554298224	-4.65099554298224	-4.65099554298224	-4.65099554298224	-4.65099554298224	-4.65099554298224	-4.65099554298224	-4.65099554298224	5.50562145635836	5.98199522707449	-4.65099554298224	-4.65099554298224	-4.65099554298224	8.5828752193108	-4.65099554298224	-4.65099554298224	-4.65099554298224	-4.65099554298224	10.4004256341139	-4.65099554298224	5.95709828320273	10.0583601179062	-4.65099554298224	9.59293529224013	-4.65099554298224	8.50694924101776	7.72101941557583	9.34050909545313	6.6317743437744	-4.65099554298224	-4.65099554298224	-4.65099554298224	7.65641905458398	-4.65099554298224	-4.65099554298224	-4.65099554298224	-4.65099554298224	5.34100642308463	-4.65099554298224	7.52488074711254	-4.65099554298224	4.9156897184707	8.48072591071923	9.87609182188005	8.31457600315632	-4.65099554298224	-4.65099554298224	-4.65099554298224	-4.65099554298224	12.2409135402271	-4.65099554298224	6.62912737237916	-4.65099554298224	-4.65099554298224	5.33042480061031	6.51465353010927	9.12916862692934	-4.65099554298224	9.74981024550407	10.6413858696712	-4.65099554298224	-4.65099554298224	-4.65099554298224	7.4966584832178	9.67719551739649	-4.65099554298224	-4.65099554298224	5.01175713420928	5.90796328313284	-4.65099554298224	7.86550232765164	7.02711379736103	-4.65099554298224	-4.65099554298224	8.55651931621177	-4.65099554298224	-4.65099554298224	8.46754252725499	4.6727627960295	5.93004320248928	-4.65099554298224	-4.65099554298224	-4.65099554298224	10.9223093098209	-4.65099554298224	7.18778167468219	-4.65099554298224	-4.65099554298224	-4.65099554298224	-4.65099554298224	8.24705109519198	-4.65099554298224
MSMAPC6G	-4.9183635571013	-4.9183635571013	-4.9183635571013	-4.9183635571013	-4.9183635571013	-4.9183635571013	-4.9183635571013	-4.9183635571013	-4.9183635571013	7.97380899518487	7.88657580884119	-4.9183635571013	-4.9183635571013	-4.9183635571013	-4.9183635571013	10.5650728540354	-4.9183635571013	7.62906580510264	-4.9183635571013	-4.9183635571013	12.6204875659034	6.67171737454763	-4.9183635571013	-4.9183635571013	-4.9183635571013	-4.9183635571013	-4.9183635571013	9.05802443384221	-4.9183635571013	-4.9183635571013	-4.9183635571013	7.17907098512191	11.1908740772114	-4.9183635571013	-4.9183635571013	-4.9183635571013	-4.9183635571013	-4.9183635571013	-4.9183635571013	-4.9183635571013	-4.9183635571013	-4.9183635571013	-4.9183635571013	7.73470314110921	-4.9183635571013	-4.9183635571013	5.42341118391022	2.54957877518455	7.11151472200689	7.69869559220584	5.91118682445769	-4.9183635571013	-4.9183635571013	8.17131339213463	-4.9183635571013	6.54159352709668	-4.9183635571013	6.66419057719359	8.41662585594517	-4.9183635571013	4.9876707497014	6.4542763284198	7.56814371145025	8.26030642701383	-4.9183635571013	-4.9183635571013	8.02410970515763	-4.9183635571013	-4.9183635571013	3.18058319184204	-4.9183635571013	-4.9183635571013	-4.9183635571013	-4.9183635571013	-4.9183635571013	-4.9183635571013	11.3950069762494	10.3033153102651	4.32260300841664	6.36490972126688	7.51085663973508	-4.9183635571013	8.40167129532395	5.88449234811303	-4.9183635571013	6.25264889704225	5.66647689611206	5.00693440969868	11.397751541502	7.79205677559663	6.93688130221063	4.50069684552337	6.06304025784473	-4.9183635571013	8.11057007137983	-4.9183635571013	-4.9183635571013	5.97524123128282	-4.9183635571013	-4.9183635571013	-4.9183635571013	-4.9183635571013	5.38426917479817	7.27254976429603	-4.9183635571013	-4.9183635571013	-4.9183635571013	8.27149209979811	-4.9183635571013	-4.9183635571013	-4.9183635571013	-4.9183635571013	-4.9183635571013	9.50345606215058	-4.9183635571013	5.77064523141964	9.01226961183699	-4.9183635571013	-4.9183635571013	-4.9183635571013	6.46810259191219	-4.9183635571013
MSMAPC6K	5.17426323238644	-5.71859821352418	4.6920382118055	-5.71859821352418	2.16031469877295	-5.71859821352418	-5.71859821352418	-5.71859821352418	8.12799522739882	9.31189659960052	10.7619806506713	-5.71859821352418	-5.71859821352418	-5.71859821352418	9.18807058727473	-5.71859821352418	8.38987370688496	-5.71859821352418	7.3058898970512	9.40962770885869	10.1704642009246	10.0179574767586	8.84750781348894	8.74841479629348	-5.71859821352418	-5.71859821352418	-5.71859821352418	7.72168202363631	-5.71859821352418	-5.71859821352418	8.43668697927964	-5.71859821352418	9.07462963531662	6.0439257639407	7.12527009471753	-5.71859821352418	8.4842005829915	4.03412458712221	4.11773406382454	-5.71859821352418	-5.71859821352418	-5.71859821352418	5.97674047070554	-5.71859821352418	-5.71859821352418	2.26450072718671	3.91903398778627	5.15663369907107	8.95588366127901	5.15530834292432	-5.71859821352418	7.60112474729236	-5.71859821352418	6.04680433691241	-5.71859821352418	3.52430614932527	-5.71859821352418	-5.71859821352418	-5.71859821352418	3.10769601771714	3.98710890715545	5.35039674486264	-5.71859821352418	7.48821843838048	-5.71859821352418	-5.71859821352418	6.66788165763672	-5.71859821352418	-5.71859821352418	-5.71859821352418	-5.71859821352418	-5.71859821352418	-5.71859821352418	-5.71859821352418	-5.71859821352418	9.02025455609035	8.61003592587775	-5.71859821352418	7.75122114345203	9.6262005934811	7.33822560854165	-5.71859821352418	7.04709307708019	-5.71859821352418	2.60525291781464	6.7038390582393	-5.71859821352418	-5.71859821352418	10.9890121084733	4.64771098947946	-5.71859821352418	2.88128034451066	10.3361359300107	-5.71859821352418	-5.71859821352418	7.04173591117949	7.7954842265162	-5.71859821352418	-5.71859821352418	-5.71859821352418	-5.71859821352418	-5.71859821352418	-5.71859821352418	7.50446262437555	-5.71859821352418	-5.71859821352418	-5.71859821352418	-5.71859821352418	-5.71859821352418	4.04798082174449	-5.71859821352418	-5.71859821352418	-5.71859821352418	4.98646482474776	-5.71859821352418	-5.71859821352418	4.03702717826956	2.58564925155429	2.44790210563087	1.15972825476714	-5.71859821352418	-5.71859821352418
MSMAPC7J	6.39847791795687	-6.80718010460527	6.28303397812744	-6.80718010460527	6.7356039862308	-6.80718010460527	2.30123827764553	-6.80718010460527	-6.80718010460527	-6.80718010460527	9.46092058774083	9.04153052394015	6.69632973171715	4.51241543319137	6.80203295710313	-6.80718010460527	6.0658523047312	7.56981934308631	-6.80718010460527	-6.80718010460527	8.62270635383758	-6.80718010460527	-6.80718010460527	6.52097881377846	5.85200748073081	-0.121319157536911	5.33019069851345	5.75559098458752	-6.80718010460527	-6.80718010460527	5.83905210849649	-6.80718010460527	7.7496633297199	2.87883528385388	7.02054653229698	-6.80718010460527	6.30454892806172	-6.80718010460527	2.6351446233506	3.01839995905433	-6.80718010460527	4.2686502565742	-6.80718010460527	4.24309066146026	-6.80718010460527	-6.80718010460527	5.06956174341645	8.17349829009749	-6.80718010460527	6.25670846347889	3.60225117460524	6.04722800777574	6.44105969072374	4.13323934932493	4.34908470203847	6.27325858720507	-6.80718010460527	3.93422574311861	-6.80718010460527	4.44101129012458	-6.80718010460527	5.25750753208971	5.68012007760555	7.46638231897052	2.93090200351322	1.69408693626071	7.51625045990481	-6.80718010460527	-6.80718010460527	3.77639471790201	-6.80718010460527	-6.80718010460527	3.04611880634757	4.68982937029956	-6.80718010460527	-6.80718010460527	7.91343930032853	9.98236916392427	6.66785360898904	-6.80718010460527	6.15811066161843	-6.80718010460527	-6.80718010460527	-6.80718010460527	-6.80718010460527	6.22810134786644	-6.80718010460527	4.42670583329452	9.87353544599441	-6.80718010460527	4.08214289899601	2.44055238658798	4.2947801544112	-6.80718010460527	8.08171416083123	6.89574501177794	-6.80718010460527	4.58268467236946	-6.80718010460527	-6.80718010460527	-6.80718010460527	-6.80718010460527	4.68575691580582	7.28365726292542	4.49934830052936	-6.80718010460527	7.68440319173913	-6.80718010460527	-6.80718010460527	-6.80718010460527	-6.80718010460527	-6.80718010460527	-6.80718010460527	4.75330619779324	2.43475582896066	-6.80718010460527	5.21515598348957	-6.80718010460527	0.789212199458926	-6.80718010460527	0.0503339579401194	-6.80718010460527
MSMAPC7T	-4.39720221788469	-4.39720221788469	-4.39720221788469	-4.39720221788469	-4.39720221788469	-4.39720221788469	-4.39720221788469	2.67691459831267	-4.39720221788469	12.4813034361151	2.61581357175494	-4.39720221788469	-4.39720221788469	-4.39720221788469	-4.39720221788469	8.48288830417625	-4.39720221788469	-4.39720221788469	-4.39720221788469	10.4969087195536	11.4510776045333	13.0243069022661	10.1240266715673	-4.39720221788469	-4.39720221788469	5.89734721244886	6.11062862353589	9.41781922048009	-4.39720221788469	-4.39720221788469	-4.39720221788469	-4.39720221788469	11.2262119551285	5.98596079062513	11.0855661919418	-4.39720221788469	-4.39720221788469	-4.39720221788469	-4.39720221788469	-4.39720221788469	-4.39720221788469	-4.39720221788469	-4.39720221788469	8.64189041400023	5.08705086245728	-4.39720221788469	6.10349964157349	-4.39720221788469	-4.39720221788469	-4.39720221788469	-4.39720221788469	9.24443221997715	-4.39720221788469	9.05831503933702	8.62527673378589	4.898489821191	6.67179274050213	7.19592901838656	7.8942266856811	8.34781984393638	-4.39720221788469	-4.39720221788469	-4.39720221788469	-4.39720221788469	8.17146630819226	-4.39720221788469	-4.39720221788469	-4.39720221788469	5.28382904711737	5.52613698035404	4.78689684288627	7.32428905758039	4.48893040029026	-4.39720221788469	-4.39720221788469	-4.39720221788469	-4.39720221788469	-4.39720221788469	-4.39720221788469	-4.39720221788469	-4.39720221788469	-4.39720221788469	-4.39720221788469	-4.39720221788469	-4.39720221788469	7.49375549154246	-4.39720221788469	6.56513409620275	10.6898821276653	10.4419208231313	-4.39720221788469	9.20545045942547	-4.39720221788469	-4.39720221788469	-4.39720221788469	-4.39720221788469	-4.39720221788469	8.2542002722486	-4.39720221788469	-4.39720221788469	-4.39720221788469	7.56054367467176	-4.39720221788469	3.54764449311731	-4.39720221788469	-4.39720221788469	-4.39720221788469	9.04112597768058	-4.39720221788469	-4.39720221788469	-4.39720221788469	-4.39720221788469	-4.39720221788469	9.90597444047315	-4.39720221788469	7.0744949200234	7.59852586866511	-4.39720221788469	-4.39720221788469	-4.39720221788469	7.17607489047028	-4.39720221788469
MSMB4LXW	6.257964391176	-4.90300355670832	8.09077844222593	-4.90300355670832	6.59105504300383	-4.90300355670832	-4.90300355670832	-4.90300355670832	9.21503901550304	-4.90300355670832	9.78881330442032	-4.90300355670832	-4.90300355670832	-4.90300355670832	6.61472037717348	-4.90300355670832	-4.90300355670832	8.30808655894525	10.9973851129717	7.70720331169502	11.3547619454284	12.0825446628028	4.95344479782202	5.3341308161455	-4.90300355670832	-4.90300355670832	-4.90300355670832	7.38105275504681	-4.90300355670832	-4.90300355670832	6.26716395786855	-4.90300355670832	10.0213339422769	-4.90300355670832	10.2600763863246	-4.90300355670832	9.15717796607686	-4.90300355670832	-4.90300355670832	-4.90300355670832	-4.90300355670832	-4.90300355670832	-4.90300355670832	5.34835530121039	-4.90300355670832	-4.90300355670832	6.91018204417029	4.16127003913307	-4.90300355670832	6.94811409349457	5.83319744744661	-4.90300355670832	-4.90300355670832	9.5668047197404	-4.90300355670832	5.94324137551699	-4.90300355670832	3.98864555594173	5.36689637667227	7.1448995106972	6.44517697364028	5.82599626414309	7.69909310306035	8.60681165965142	-4.90300355670832	-4.90300355670832	8.71538566602238	-4.90300355670832	-4.90300355670832	-4.90300355670832	-4.90300355670832	-4.90300355670832	-4.90300355670832	-4.90300355670832	-4.90300355670832	-4.90300355670832	8.33646885148435	10.0361633854525	4.45670464691868	8.65354324848935	6.8047565159358	-4.90300355670832	-4.90300355670832	-4.90300355670832	3.6043412986531	6.41549942975112	-4.90300355670832	-4.90300355670832	11.8578587742257	-4.90300355670832	-4.90300355670832	-4.90300355670832	4.87497746058808	5.34481810393174	8.28709510174749	-4.90300355670832	-4.90300355670832	-4.90300355670832	-4.90300355670832	-4.90300355670832	-4.90300355670832	-4.90300355670832	-4.90300355670832	5.0114733906274	-4.90300355670832	-4.90300355670832	-4.90300355670832	8.91294790404403	-4.90300355670832	-4.90300355670832	-4.90300355670832	-4.90300355670832	-4.90300355670832	-4.90300355670832	3.09027877139327	-4.90300355670832	7.01345849129377	6.33207134772341	-4.90300355670832	-4.90300355670832	-4.90300355670832	-4.90300355670832
MSMB4LXY	-5.40367622358499	-5.40367622358499	-5.40367622358499	-5.40367622358499	-5.40367622358499	-5.40367622358499	-5.40367622358499	5.89371417202447	-5.40367622358499	7.91512691147367	-5.40367622358499	-5.40367622358499	-5.40367622358499	-5.40367622358499	-5.40367622358499	11.049296177597	-5.40367622358499	7.75430716143679	-5.40367622358499	-5.40367622358499	11.2280559568397	6.47014227665528	-5.40367622358499	-5.40367622358499	-5.40367622358499	-5.40367622358499	-5.40367622358499	9.10855562020878	-5.40367622358499	-5.40367622358499	-5.40367622358499	6.36110463442943	10.871685620374	-5.40367622358499	-5.40367622358499	-5.40367622358499	-5.40367622358499	-5.40367622358499	-5.40367622358499	-5.40367622358499	-5.40367622358499	7.0985338965196	-5.40367622358499	8.40819873358442	-5.40367622358499	-5.40367622358499	-5.40367622358499	-5.40367622358499	2.41274076010681	8.93993645628571	8.35787538502517	-5.40367622358499	-5.40367622358499	10.2937514896604	-5.40367622358499	7.99110989256875	-5.40367622358499	7.69570712392172	9.00755113910693	-5.40367622358499	6.18232310760711	7.73668619484687	9.81881108275188	9.63959915075469	1.88320018816571	-5.40367622358499	7.72754976460659	-5.40367622358499	-5.40367622358499	6.57900909091912	5.47079855774432	-5.40367622358499	2.49026891465097	-5.40367622358499	-5.40367622358499	-5.40367622358499	9.98272911205201	9.05503520769388	5.43553206968824	8.11077113260982	9.58295362385394	-5.40367622358499	6.09920900649082	-5.40367622358499	5.94909222625274	7.64439670347903	3.99239654830723	6.14279039479193	10.3187929112025	8.71129501585974	6.73626196130671	4.9026396304048	-5.40367622358499	-5.40367622358499	3.12168353049764	-5.40367622358499	-5.40367622358499	6.81728996053518	-5.40367622358499	-5.40367622358499	-5.40367622358499	5.51233908370512	7.05273092581251	3.96289837042183	-5.40367622358499	-5.40367622358499	-5.40367622358499	8.69657032137991	-5.40367622358499	-5.40367622358499	-5.40367622358499	5.02130979477343	-5.40367622358499	9.37270102980666	-5.40367622358499	5.56471170313371	9.75396544812201	-5.40367622358499	-5.40367622358499	-5.40367622358499	6.33160047890175	-5.40367622358499
MSMB4LYB	-4.60323493662231	-4.60323493662231	-4.60323493662231	-4.60323493662231	-4.60323493662231	-4.60323493662231	-4.60323493662231	-4.60323493662231	-4.60323493662231	7.19299553541019	-4.60323493662231	-4.60323493662231	-4.60323493662231	-4.60323493662231	-4.60323493662231	11.273301251291	-4.60323493662231	8.34763049678587	-4.60323493662231	-4.60323493662231	12.8275882145674	4.1826104013389	-4.60323493662231	-4.60323493662231	-4.60323493662231	-4.60323493662231	-4.60323493662231	9.28253928503036	-4.60323493662231	-4.60323493662231	-4.60323493662231	7.00664481042057	11.5784729628655	-4.60323493662231	-4.60323493662231	-4.60323493662231	-4.60323493662231	-4.60323493662231	-4.60323493662231	-4.60323493662231	-4.60323493662231	-4.60323493662231	-4.60323493662231	6.38241365514009	-4.60323493662231	-4.60323493662231	-4.60323493662231	-4.60323493662231	7.39218457652159	8.4421631596369	6.94574276564041	-4.60323493662231	-4.60323493662231	8.97401970125243	-4.60323493662231	-4.60323493662231	-4.60323493662231	9.29046831109485	9.6484322232876	-4.60323493662231	-4.60323493662231	6.60994936984746	7.63308074302879	8.51558416725849	-4.60323493662231	-4.60323493662231	9.02606772249422	-4.60323493662231	-4.60323493662231	-4.60323493662231	2.26473947234798	-4.60323493662231	-4.60323493662231	-4.60323493662231	-4.60323493662231	-4.60323493662231	11.3690023414346	10.9577626791993	6.2428152005268	9.55592277089054	9.09311025570758	-4.60323493662231	7.42455398906696	3.50177060092493	3.2526972630963	6.73081502707825	5.66666499675828	-4.60323493662231	11.4687802306642	8.52158741502527	5.73627925960432	7.59823211944385	5.69435339394293	-4.60323493662231	9.16942135482185	-4.60323493662231	-4.60323493662231	7.03527417111478	-4.60323493662231	-4.60323493662231	-4.60323493662231	-4.60323493662231	6.03408578174518	7.4295016612406	-4.60323493662231	-4.60323493662231	-4.60323493662231	9.31612289262283	-4.60323493662231	-4.60323493662231	-4.60323493662231	-4.60323493662231	-4.60323493662231	10.3056378190359	-4.60323493662231	6.32326094219774	9.49368128830425	6.33895565182802	-4.60323493662231	-4.60323493662231	7.37217218838225	-4.60323493662231
MSMB4LYH	7.4815048934101	-6.92253150064639	6.13341639523178	1.92698246484001	6.3847350981861	-6.92253150064639	2.20670726989275	-6.92253150064639	7.65988818588639	2.28088495625697	7.0298681814473	-6.92253150064639	-6.92253150064639	-6.92253150064639	7.37679991251984	-6.92253150064639	8.14921911657778	6.84826512401967	8.86954740405804	6.55689214644917	8.58071988794603	8.68408848197941	1.9663631687252	5.83866399754176	-6.92253150064639	2.75662429493872	2.50057880221644	6.63126488149697	5.35026945418423	-6.92253150064639	2.60342220871026	-6.92253150064639	7.39273018459323	4.91270207594684	6.99491361106434	3.86226188686093	6.76978377685178	-6.92253150064639	-6.92253150064639	-6.92253150064639	-6.92253150064639	-6.92253150064639	-6.92253150064639	-6.92253150064639	-6.92253150064639	-6.92253150064639	4.83130670434959	2.00292288618001	6.45737067119548	7.62791144835661	4.08937014553011	3.57734450400517	5.7153592749573	8.97473554244732	-6.92253150064639	6.3174388969245	-6.92253150064639	6.74041162349496	-6.92253150064639	5.39781135110655	5.24993782459477	6.23512372818554	5.85771051382672	8.25303749680841	-6.92253150064639	-6.92253150064639	7.93154795105781	-6.92253150064639	-6.92253150064639	-6.92253150064639	-6.92253150064639	-6.92253150064639	-6.92253150064639	-6.92253150064639	-6.92253150064639	-6.92253150064639	5.03771093645456	8.19860849639569	4.56118140213429	4.77197357928034	5.3148023806578	-6.92253150064639	5.56669171557259	3.71454915626421	1.0293798812078	5.44778783095021	2.6573704250916	-6.92253150064639	9.84001628967811	4.38583906844594	3.45348773291805	1.58481335471503	8.90828346396063	-6.92253150064639	-6.92253150064639	5.98916269594988	6.53627697015363	4.38362806411817	-6.92253150064639	-6.92253150064639	1.85255443441087	-6.92253150064639	-6.92253150064639	7.18723770660255	1.61269805325595	-6.92253150064639	6.22384328176935	-6.92253150064639	-6.92253150064639	-6.92253150064639	-6.92253150064639	-6.92253150064639	-6.92253150064639	7.04261470255655	-6.92253150064639	5.00990003513176	-6.92253150064639	-6.92253150064639	-6.92253150064639	-6.92253150064639	4.49785095237663	-6.92253150064639
MSMB4LZ4	-4.83893510967829	-4.83893510967829	6.1152167126526	-4.83893510967829	7.70139661095113	-4.83893510967829	-4.83893510967829	-4.83893510967829	9.10418647507912	7.49909080890049	8.93740937363999	-4.83893510967829	-4.83893510967829	-4.83893510967829	9.65101421268234	-4.83893510967829	8.37668361052538	10.1810544244853	-4.83893510967829	-4.83893510967829	10.6093530585338	11.5040202990691	-4.83893510967829	-4.83893510967829	7.77792512108202	-4.83893510967829	-4.83893510967829	-4.83893510967829	-4.83893510967829	-4.83893510967829	9.54872436738628	-4.83893510967829	9.95411968654016	-4.83893510967829	8.71305381432473	-4.83893510967829	8.24865254096719	-4.83893510967829	-4.83893510967829	-4.83893510967829	-4.83893510967829	-4.83893510967829	-4.83893510967829	5.391371090308	-4.83893510967829	4.75401107625998	6.72307571398242	-4.83893510967829	10.9675601597209	4.1608076801522	-4.83893510967829	8.26343166161719	8.82516052286774	8.94277147805598	-4.83893510967829	7.96967870463874	-4.83893510967829	5.0575781791205	6.16667522917907	-4.83893510967829	-4.83893510967829	6.36924350421357	6.15077158609596	-4.83893510967829	-4.83893510967829	-4.83893510967829	8.03358390123177	-4.83893510967829	-4.83893510967829	-4.83893510967829	-4.83893510967829	-4.83893510967829	-4.83893510967829	-4.83893510967829	-4.83893510967829	-4.83893510967829	11.2328737460662	10.9495615695629	5.6358426756389	11.140749950418	9.4874216718398	5.23349320815773	-4.83893510967829	-4.83893510967829	-4.83893510967829	3.74983428022717	4.4677149424353	-4.83893510967829	12.1807144577387	7.83886155937037	5.95061074565483	5.9026870197317	-4.83893510967829	-4.83893510967829	7.88646987470162	-4.83893510967829	-4.83893510967829	5.59137936035077	-4.83893510967829	-4.83893510967829	-4.83893510967829	-4.83893510967829	-4.83893510967829	-4.83893510967829	6.6364027079605	-4.83893510967829	-4.83893510967829	-4.83893510967829	-4.83893510967829	-4.83893510967829	-4.83893510967829	-4.83893510967829	-4.83893510967829	7.89216483671814	-4.83893510967829	4.29678946891711	-4.83893510967829	-4.83893510967829	-4.83893510967829	-4.83893510967829	5.14893954611801	-4.83893510967829
MSMB4LZ8	3.87375691029684	-6.80448085100085	3.63025240899083	5.44647433386773	5.71388476891617	3.8231921718794	0.516046111271884	-6.80448085100085	7.90353212724378	8.21644976351445	-6.80448085100085	-6.80448085100085	-6.80448085100085	-6.80448085100085	-6.80448085100085	-6.80448085100085	-6.80448085100085	6.76967254020473	-6.80448085100085	7.31602675624961	9.37574144611153	10.2651534021468	6.92540754638385	6.40261146728307	-6.80448085100085	5.09207984129088	2.45664768780743	6.60476077587611	-6.80448085100085	-6.80448085100085	-6.80448085100085	-6.80448085100085	8.94994271876496	3.39283236343501	7.4904395834321	-6.80448085100085	8.54130773858432	3.06859903911385	-6.80448085100085	-6.80448085100085	-6.80448085100085	-6.80448085100085	-6.80448085100085	5.02981046438586	-6.80448085100085	-6.80448085100085	6.01472397536519	2.16899729752018	7.18496704757284	5.53481501467358	5.27438890604142	4.21186700346858	6.23500296533034	7.70428738141869	5.22169329974811	3.27468121560743	-6.80448085100085	2.30393753124994	-6.80448085100085	5.18524385068186	2.99092025167022	7.38449559075433	5.55444591990729	6.87428286460247	-6.80448085100085	-6.80448085100085	7.13559060978371	-6.80448085100085	-6.80448085100085	-6.80448085100085	2.3765336915935	-6.80448085100085	-6.80448085100085	2.65357860485558	0.878462318877437	8.29450227159364	8.6069164151745	8.42415123016939	2.57230572861099	7.29631465861548	6.65153794236489	-6.80448085100085	4.27567511053371	-6.80448085100085	-6.80448085100085	5.17601403292772	1.28837017653753	2.95634806779769	9.10150651054781	6.11806724275008	3.45391508602629	1.79539770703399	-6.80448085100085	-6.80448085100085	6.81134752276298	-6.80448085100085	5.95124670869885	4.29763022392999	-6.80448085100085	-6.80448085100085	-6.80448085100085	-6.80448085100085	3.61901998916026	6.4863096679924	4.23316308106159	-6.80448085100085	7.21243549581457	-6.80448085100085	-6.80448085100085	-6.80448085100085	-6.80448085100085	-6.80448085100085	-6.80448085100085	6.38269788421824	-6.80448085100085	2.07749433324801	-6.80448085100085	-6.80448085100085	-6.80448085100085	-6.80448085100085	3.27551975492117	8.11654180378045
MSMB4LZC	-4.99745767412135	-4.99745767412135	-4.99745767412135	-4.99745767412135	-4.99745767412135	-4.99745767412135	-4.99745767412135	6.69979566697086	-4.99745767412135	10.6128296298431	6.11798573323155	4.83082130081702	-4.99745767412135	-4.99745767412135	-4.99745767412135	8.27740530654746	-4.99745767412135	4.56078931210171	-4.99745767412135	9.46968043075569	10.1458414237772	12.7745242796623	9.15058952903098	-4.99745767412135	-4.99745767412135	5.23752546632277	4.91602971299311	9.34187034699591	-4.99745767412135	-4.99745767412135	-4.99745767412135	-4.99745767412135	9.71636740750168	1.33226323140135	10.4290697490747	-4.99745767412135	-4.99745767412135	-4.99745767412135	-4.99745767412135	-4.99745767412135	-4.99745767412135	-4.99745767412135	-4.99745767412135	7.19391241660527	-4.99745767412135	-4.99745767412135	5.12921342892901	3.55722396170588	-4.99745767412135	-4.99745767412135	-4.99745767412135	9.31543514923212	-4.99745767412135	9.63190371978317	6.1205122631253	5.33231017290353	6.87977056875139	7.14007378361172	9.21516385982798	8.66748693783966	-4.99745767412135	-4.99745767412135	5.96035932963734	-4.99745767412135	7.52986841603303	5.72119555682869	-4.99745767412135	4.71674412781919	-4.99745767412135	6.2074605546025	5.73613071397346	6.87824110188946	6.03728681807864	5.13439974870057	-4.99745767412135	-4.99745767412135	-4.99745767412135	6.68217643123766	-4.99745767412135	-4.99745767412135	-4.99745767412135	-4.99745767412135	-4.99745767412135	-4.99745767412135	4.4337035537994	4.29455484649886	-4.99745767412135	-4.99745767412135	9.0361766571265	8.76718160565717	-4.99745767412135	6.57713657322225	-4.99745767412135	-4.99745767412135	-4.99745767412135	-4.99745767412135	-4.99745767412135	8.47440838795182	-4.99745767412135	-4.99745767412135	-4.99745767412135	7.04763015866959	-4.99745767412135	-4.99745767412135	-4.99745767412135	-4.99745767412135	-4.99745767412135	9.4443554195382	-4.99745767412135	-4.99745767412135	-4.99745767412135	-4.99745767412135	-4.99745767412135	10.3895108011148	-4.99745767412135	7.16231445549163	7.83741294624324	6.34136437245931	-4.99745767412135	-4.99745767412135	7.6109451708215	-4.99745767412135
MSMB4LZK	5.6738395233758	-4.40658008866985	4.43717929324814	-4.40658008866985	5.1374429183188	-4.40658008866985	-4.40658008866985	-4.40658008866985	10.954804532111	-4.40658008866985	11.0896095771732	-4.40658008866985	-4.40658008866985	-4.40658008866985	-4.40658008866985	-4.40658008866985	-4.40658008866985	10.1661180782143	12.6268939180741	10.3405042186331	11.4155500769036	12.1964010921828	8.19214594424115	-4.40658008866985	-4.40658008866985	-4.40658008866985	-4.40658008866985	-4.40658008866985	-4.40658008866985	-4.40658008866985	8.80881997702347	-4.40658008866985	-4.40658008866985	4.86964165241985	11.2343811291849	5.02056377887435	10.1906428606854	-4.40658008866985	-4.40658008866985	-4.40658008866985	-4.40658008866985	-4.40658008866985	-4.40658008866985	-4.40658008866985	-4.40658008866985	-4.40658008866985	8.37554677610781	-4.40658008866985	-4.40658008866985	6.45339919748458	-4.40658008866985	-4.40658008866985	-4.40658008866985	5.99407017366309	-4.40658008866985	3.42583083851807	-4.40658008866985	5.29973619382199	-4.40658008866985	5.73675079440291	3.95067906483006	5.56039856164748	5.01572154521798	-4.40658008866985	6.05940481040677	-4.40658008866985	7.04766698434935	1.86818193257209	5.21195499598537	6.35855191796041	5.1663874774044	5.37536110578679	4.4138239768158	5.25998187507829	5.96255788162114	-4.40658008866985	5.16010517278309	8.22296456326095	5.7723018509789	-4.40658008866985	-4.40658008866985	-4.40658008866985	-4.40658008866985	-4.40658008866985	-4.40658008866985	-4.40658008866985	-4.40658008866985	-4.40658008866985	8.33103509571636	7.00332656116493	-4.40658008866985	5.22909337605197	-4.40658008866985	2.52195772949482	-4.40658008866985	-4.40658008866985	-4.40658008866985	6.20472155746962	-4.40658008866985	-4.40658008866985	-4.40658008866985	-4.40658008866985	-4.40658008866985	6.2984829496021	-4.40658008866985	-4.40658008866985	-4.40658008866985	8.16285359894568	-4.40658008866985	-4.40658008866985	-4.40658008866985	-4.40658008866985	-4.40658008866985	-4.40658008866985	6.15159963804468	-4.40658008866985	7.23333919548482	4.90460059823241	-4.40658008866985	-4.40658008866985	-4.40658008866985	-4.40658008866985
MSMB4LZR	-3.71256110050161	-3.71256110050161	-3.71256110050161	-3.71256110050161	-3.71256110050161	10.2688629688424	6.85980655445147	-3.71256110050161	-3.71256110050161	-3.71256110050161	-3.71256110050161	-3.71256110050161	11.9978145519931	10.6815950251049	-3.71256110050161	11.5741594802608	-3.71256110050161	-3.71256110050161	-3.71256110050161	5.33890076640709	-3.71256110050161	14.2174080527375	-3.71256110050161	-3.71256110050161	-3.71256110050161	-3.71256110050161	-3.71256110050161	-3.71256110050161	-3.71256110050161	-3.71256110050161	-3.71256110050161	-3.71256110050161	-3.71256110050161	-3.71256110050161	-3.71256110050161	-3.71256110050161	-3.71256110050161	-3.71256110050161	-3.71256110050161	-3.71256110050161	-3.71256110050161	-3.71256110050161	-3.71256110050161	9.26722667991126	-3.71256110050161	-3.71256110050161	-3.71256110050161	-3.71256110050161	-3.71256110050161	-3.71256110050161	-3.71256110050161	10.56463168468	-3.71256110050161	10.3154534084321	-3.71256110050161	8.56042692669382	5.42746409755955	6.71242491785681	9.34475375907227	-3.71256110050161	-3.71256110050161	-3.71256110050161	9.01708852360991	-3.71256110050161	-3.71256110050161	-3.71256110050161	-3.71256110050161	5.83289344348622	-3.71256110050161	8.19652633225064	-3.71256110050161	4.71273607621009	8.45825217538343	8.11591205896822	9.94730215825913	-3.71256110050161	-3.71256110050161	-3.71256110050161	-3.71256110050161	12.560258009072	-3.71256110050161	-3.71256110050161	-3.71256110050161	-3.71256110050161	7.88792642313859	-3.71256110050161	5.0295340952437	-3.71256110050161	8.24492838344067	10.9207497980162	-3.71256110050161	-3.71256110050161	-3.71256110050161	4.79881520559306	8.6047890209003	-3.71256110050161	-3.71256110050161	-3.71256110050161	8.50519799172249	-3.71256110050161	6.90561494358219	8.63856814160374	-3.71256110050161	-3.71256110050161	7.42931517572639	-3.71256110050161	-3.71256110050161	8.85248235145695	-3.71256110050161	-3.71256110050161	-3.71256110050161	-3.71256110050161	-3.71256110050161	10.5002620909385	-3.71256110050161	6.46213609591777	-3.71256110050161	6.96659787409907	-3.71256110050161	-3.71256110050161	7.84887830001425	-3.71256110050161
MSMB4LZX	5.78884120455294	-5.90349324645864	5.29226640766756	-5.90349324645864	4.15232905238076	-5.90349324645864	-5.90349324645864	-5.90349324645864	7.75038152133726	8.28133766418162	10.1992360444027	-5.90349324645864	-5.90349324645864	-5.90349324645864	9.01405406333429	-5.90349324645864	7.67852161112012	-5.90349324645864	7.09457820836897	8.9133625402612	9.82618480831103	9.41485193636069	8.26803373866978	8.57442225484101	-5.90349324645864	-5.90349324645864	-5.90349324645864	7.28841671577177	-5.90349324645864	-5.90349324645864	7.65402477708567	-5.90349324645864	8.99029457117692	5.21299126991804	6.93028364963948	-5.90349324645864	8.36814448148268	4.14500332798746	-5.90349324645864	-5.90349324645864	4.46438848171493	-5.90349324645864	6.0045843300113	-5.90349324645864	-5.90349324645864	-5.90349324645864	3.75351815443683	6.3851312638681	8.74872832850854	4.66938655928281	-5.90349324645864	7.15142819898715	-5.90349324645864	6.54470563377663	-5.90349324645864	5.56224626690483	-5.90349324645864	-5.90349324645864	-5.90349324645864	4.11292112493269	4.02229381357225	3.92640158577411	-5.90349324645864	8.52387363077229	-5.90349324645864	-5.90349324645864	7.84493796520391	-5.90349324645864	-5.90349324645864	-5.90349324645864	-5.90349324645864	-5.90349324645864	-5.90349324645864	-5.90349324645864	-5.90349324645864	8.34259835722363	9.17215615409638	-5.90349324645864	7.78309357303441	10.5230235039239	8.13160334234116	-5.90349324645864	7.55472932255034	-5.90349324645864	3.44669602063394	7.16658898036778	3.0456122230806	-5.90349324645864	11.0422993152524	3.63189723443806	-5.90349324645864	-5.90349324645864	6.03731744034022	-5.90349324645864	5.72384067779565	7.52807540847393	8.04366029721164	-5.90349324645864	-5.90349324645864	-5.90349324645864	-5.90349324645864	-5.90349324645864	-5.90349324645864	7.86548215289894	4.71174241178657	-5.90349324645864	-5.90349324645864	-5.90349324645864	-5.90349324645864	5.17743317862488	2.44196218170328	-5.90349324645864	-5.90349324645864	6.13452162906652	-5.90349324645864	-5.90349324645864	4.83747989750911	-5.90349324645864	4.83314253086024	-5.90349324645864	-5.90349324645864	-5.90349324645864
PSM6XBQY	-4.12131199242365	-4.12131199242365	-4.12131199242365	6.49245022433302	8.3635697266746	-4.12131199242365	-4.12131199242365	-4.12131199242365	11.0578845218494	8.18424845810667	12.4782118408398	-4.12131199242365	8.68845074107841	8.9719129543706	-4.12131199242365	-4.12131199242365	9.14800652460375	9.78675131075047	-4.12131199242365	9.15947463863697	12.2922211547926	12.8228652222945	10.5191416962155	-4.12131199242365	-4.12131199242365	-4.12131199242365	-4.12131199242365	7.68107645823057	-4.12131199242365	-4.12131199242365	8.51257742453805	-4.12131199242365	11.4175348224237	-4.12131199242365	9.25037872920597	-4.12131199242365	-4.12131199242365	-4.12131199242365	9.33673902817467	9.8561992107523	-4.12131199242365	-4.12131199242365	-4.12131199242365	-4.12131199242365	-4.12131199242365	-4.12131199242365	-4.12131199242365	-4.12131199242365	11.0067147847222	-4.12131199242365	-4.12131199242365	-4.12131199242365	-4.12131199242365	10.7507697140546	-4.12131199242365	9.11819599466434	-4.12131199242365	7.49922046298934	-4.12131199242365	-4.12131199242365	6.75486552883575	9.13358903400555	9.6708183663589	8.96010646623889	-4.12131199242365	-4.12131199242365	5.85871984775227	-4.12131199242365	-4.12131199242365	-4.12131199242365	-4.12131199242365	-4.12131199242365	-4.12131199242365	-4.12131199242365	-4.12131199242365	-4.12131199242365	10.325279366701	-4.12131199242365	9.25829641465057	-4.12131199242365	4.55134530161666	-4.12131199242365	10.5014379791165	-4.12131199242365	-4.12131199242365	-4.12131199242365	-4.12131199242365	-4.12131199242365	12.0566560916457	-4.12131199242365	-4.12131199242365	-4.12131199242365	-4.12131199242365	-4.12131199242365	-4.12131199242365	5.95196052790226	-4.12131199242365	-4.12131199242365	-4.12131199242365	-4.12131199242365	-4.12131199242365	-4.12131199242365	-4.12131199242365	7.39611333297147	-4.12131199242365	-4.12131199242365	-4.12131199242365	-4.12131199242365	6.85086114553844	8.5369216704703	-4.12131199242365	-4.12131199242365	-4.12131199242365	-4.12131199242365	-4.12131199242365	-4.12131199242365	-4.12131199242365	-4.12131199242365	7.98864064548015	-4.12131199242365	-4.12131199242365	-4.12131199242365
PSM6XBRK	-5.51930370905812	3.56671982841068	2.50719322988729	5.84257791153628	5.84501733379006	-5.51930370905812	-5.51930370905812	-5.51930370905812	8.77978726999391	-5.51930370905812	8.5579717029939	-5.51930370905812	9.32923865155755	-5.51930370905812	-5.51930370905812	-5.51930370905812	9.31893867240557	9.61907167373739	10.8099714890814	5.05203885675057	10.5095268635961	11.9408269230789	6.89865334080681	7.57210755589865	3.79728678276072	5.36628104230658	5.10131606928841	-5.51930370905812	7.56548448057312	-5.51930370905812	-5.51930370905812	-5.51930370905812	-5.51930370905812	4.18274062747646	9.89966713085284	-5.51930370905812	7.94107499949871	6.29934755676275	-5.51930370905812	-5.51930370905812	-5.51930370905812	-5.51930370905812	-5.51930370905812	-5.51930370905812	-5.51930370905812	-5.51930370905812	2.79724100887127	-5.51930370905812	6.19510030678936	-5.51930370905812	5.39562110540296	-5.51930370905812	8.24302862125281	4.59326903754117	7.20398708444774	2.84729912372561	-5.51930370905812	4.22992482444893	4.19670903144325	-5.51930370905812	3.4705146723088	6.9790317512854	5.64903065028714	7.02052677816863	-5.51930370905812	-5.51930370905812	7.15094625065954	-5.51930370905812	-5.51930370905812	-5.51930370905812	-5.51930370905812	-5.51930370905812	-5.51930370905812	-5.51930370905812	-5.51930370905812	8.95684685002903	8.9336462688022	8.8467651701237	6.84441777631105	-5.51930370905812	7.96083340838733	-5.51930370905812	-5.51930370905812	-5.51930370905812	-5.51930370905812	4.26376608999886	-5.51930370905812	-5.51930370905812	9.78307275183196	6.51983439011844	1.83377821145731	-5.51930370905812	-5.51930370905812	-5.51930370905812	-5.51930370905812	-5.51930370905812	6.06436908743358	0.369574249274756	-5.51930370905812	-5.51930370905812	-5.51930370905812	-5.51930370905812	-5.51930370905812	6.00278960248646	-5.51930370905812	8.83465211440327	7.74153556672987	-5.51930370905812	1.08869691623796	4.32925235995178	3.8360889346172	3.86675312065988	-5.51930370905812	-5.51930370905812	6.36546803099659	-5.51930370905812	4.03752994924965	-5.51930370905812	-5.51930370905812	-5.51930370905812	-5.51930370905812	-5.51930370905812
PSM6XBSE	-3.78337258247166	-3.78337258247166	8.51222536083305	-3.78337258247166	-3.78337258247166	-3.78337258247166	-3.78337258247166	-3.78337258247166	8.91901389832368	-3.78337258247166	-3.78337258247166	10.661855886135	-3.78337258247166	-3.78337258247166	-3.78337258247166	11.7109323466412	-3.78337258247166	9.14095684242873	-3.78337258247166	8.25316244242591	9.34781375787211	13.5047769037439	-3.78337258247166	9.35269841476253	-3.78337258247166	-3.78337258247166	-3.78337258247166	-3.78337258247166	-3.78337258247166	-3.78337258247166	-3.78337258247166	-3.78337258247166	-3.78337258247166	-3.78337258247166	8.32222205299211	-3.78337258247166	-3.78337258247166	-3.78337258247166	-3.78337258247166	6.69478825137673	-3.78337258247166	-3.78337258247166	-3.78337258247166	-3.78337258247166	-3.78337258247166	-3.78337258247166	-3.78337258247166	-3.78337258247166	-3.78337258247166	6.52694581180042	-3.78337258247166	10.3392998290137	7.06248272164874	10.194368213323	-3.78337258247166	10.4444601865084	-3.78337258247166	-3.78337258247166	11.1181988233522	-3.78337258247166	-3.78337258247166	-3.78337258247166	8.55206466164163	8.91263192445691	-3.78337258247166	-3.78337258247166	9.95732929636263	-3.78337258247166	-3.78337258247166	4.3395921327624	-3.78337258247166	-3.78337258247166	-3.78337258247166	-3.78337258247166	-3.78337258247166	-3.78337258247166	12.3717443454217	-3.78337258247166	8.38391245610121	12.7956664649993	11.5537280157179	-3.78337258247166	-3.78337258247166	-3.78337258247166	-3.78337258247166	6.33647556908185	-3.78337258247166	-3.78337258247166	12.8646375943193	7.85478367022344	-3.78337258247166	-3.78337258247166	-3.78337258247166	-3.78337258247166	-3.78337258247166	-3.78337258247166	-3.78337258247166	-3.78337258247166	-3.78337258247166	-3.78337258247166	-3.78337258247166	9.46368500442516	-3.78337258247166	-3.78337258247166	-3.78337258247166	6.45662292033366	-3.78337258247166	-3.78337258247166	8.47173305488578	8.56264025041666	7.65645516909236	8.89482955605382	-3.78337258247166	-3.78337258247166	-3.78337258247166	-3.78337258247166	-3.78337258247166	-3.78337258247166	5.63080618976073	6.20450207332464	-3.78337258247166	-3.78337258247166
PSM6XBSI	-4.54908694067747	6.4904852913831	7.56662873761198	7.63862314016845	5.75622577004623	-4.54908694067747	-4.54908694067747	-4.54908694067747	-4.54908694067747	9.39999338417503	10.6649802386508	-4.54908694067747	11.3255299173566	-4.54908694067747	-4.54908694067747	10.9929262630155	-4.54908694067747	9.56183648002503	-4.54908694067747	-4.54908694067747	12.6767413154685	12.1353515919268	11.6949090226352	-4.54908694067747	-4.54908694067747	-4.54908694067747	-4.54908694067747	10.162148718852	-4.54908694067747	-4.54908694067747	7.67826273487887	-4.54908694067747	10.9645921113643	6.86336604270771	9.4447128886673	-4.54908694067747	-4.54908694067747	-4.54908694067747	-4.54908694067747	5.21634471336269	-4.54908694067747	-4.54908694067747	-4.54908694067747	5.40323839394196	-4.54908694067747	-4.54908694067747	-4.54908694067747	-4.54908694067747	9.41788296443939	5.04930106536981	-4.54908694067747	-4.54908694067747	-4.54908694067747	8.25417524605161	-4.54908694067747	7.45646555361376	-4.54908694067747	-4.54908694067747	-4.54908694067747	5.27595246552952	4.36567358671979	7.1978903633145	-4.54908694067747	7.05797528864164	6.07202086871752	-4.54908694067747	6.76941604578198	-4.54908694067747	-4.54908694067747	-4.54908694067747	-4.54908694067747	-4.54908694067747	-4.54908694067747	-4.54908694067747	-4.54908694067747	-4.54908694067747	6.95480787040705	8.09311256659839	6.2086244323166	-4.54908694067747	-4.54908694067747	-4.54908694067747	8.96843663112478	-4.54908694067747	-4.54908694067747	2.26545595658249	-4.54908694067747	-4.54908694067747	11.1492571855726	4.23216139255939	-4.54908694067747	-4.54908694067747	-4.54908694067747	-4.54908694067747	-4.54908694067747	7.69124702513723	6.45652339817989	-4.54908694067747	-4.54908694067747	-4.54908694067747	-4.54908694067747	-4.54908694067747	-4.54908694067747	8.34441909274507	-4.54908694067747	-4.54908694067747	-4.54908694067747	5.30473756683956	2.20900756375026	7.13922777474584	-4.54908694067747	-4.54908694067747	-4.54908694067747	-4.54908694067747	5.79847727326093	-4.54908694067747	-4.54908694067747	5.51144709479794	4.57034355593887	6.27967090651339	-4.54908694067747	-4.54908694067747
PSM6XBSK	-4.87226990645259	4.7436022380763	-4.87226990645259	-4.87226990645259	5.19125098906895	-4.87226990645259	-4.87226990645259	-4.87226990645259	-4.87226990645259	9.06861347836283	8.59290414857499	-4.87226990645259	10.1458708549523	-4.87226990645259	-4.87226990645259	10.1517832981842	-4.87226990645259	6.32390163191251	-4.87226990645259	-4.87226990645259	11.1732153734644	12.4622015427137	10.3193510819961	-4.87226990645259	-4.87226990645259	-4.87226990645259	-4.87226990645259	8.1648645045242	-4.87226990645259	-4.87226990645259	7.75698005578432	-4.87226990645259	10.2005250969923	3.86662579848145	9.00639477731609	-4.87226990645259	-4.87226990645259	5.59057625809492	-4.87226990645259	-4.87226990645259	-4.87226990645259	-4.87226990645259	-4.87226990645259	5.34094248191086	-4.87226990645259	-4.87226990645259	-4.87226990645259	2.8600993158318	-4.87226990645259	4.50874107957668	4.18386978444629	-4.87226990645259	-4.87226990645259	6.88125388503988	-4.87226990645259	8.76139618089402	-4.87226990645259	-4.87226990645259	-4.87226990645259	6.2868479284741	3.96570158490462	5.49403929655104	-4.87226990645259	7.58355316716978	-4.87226990645259	-4.87226990645259	5.67939361099844	-4.87226990645259	-4.87226990645259	-4.87226990645259	-4.87226990645259	-4.87226990645259	-4.87226990645259	-4.87226990645259	-4.87226990645259	10.0042898657174	8.54745504550668	11.77332681692	5.13246471309982	5.37022238749143	9.89943301850528	-4.87226990645259	7.85782391730731	-4.87226990645259	-4.87226990645259	6.05296688881383	-4.87226990645259	-4.87226990645259	11.2248054581636	5.0074883193843	-4.87226990645259	-4.87226990645259	6.71521557134272	-4.87226990645259	7.31258420986521	8.74078291579939	-4.87226990645259	-4.87226990645259	-4.87226990645259	-4.87226990645259	-4.87226990645259	-4.87226990645259	-4.87226990645259	5.57444269389619	-4.87226990645259	-4.87226990645259	-4.87226990645259	7.49085349532939	-4.87226990645259	5.30357032141029	2.89457063063292	3.56393012575411	-4.87226990645259	-4.87226990645259	5.6699350396542	-4.87226990645259	4.09357558829834	6.14932205632957	5.01970159012229	-4.87226990645259	-4.87226990645259	7.10017315094538
PSM6XBSS	-4.87307000833565	-4.87307000833565	3.22283352462546	7.95599823951177	8.43241627136621	-4.87307000833565	3.45803453971739	-4.87307000833565	9.68499246737408	9.28857382490845	9.82655141928266	-4.87307000833565	8.80276575345613	7.92168057146475	-4.87307000833565	-4.87307000833565	9.53592815546435	10.8585850650543	-4.87307000833565	7.73325752900146	12.5577138556541	11.8140434357192	9.14021788153032	-4.87307000833565	-4.87307000833565	-4.87307000833565	-4.87307000833565	8.51600356091398	-4.87307000833565	-4.87307000833565	10.155726154896	7.08953519775131	10.4555814154655	5.77047216533659	9.11277471049381	-4.87307000833565	-4.87307000833565	-4.87307000833565	-4.87307000833565	2.96724297498452	-4.87307000833565	-4.87307000833565	-4.87307000833565	-4.87307000833565	-4.87307000833565	-4.87307000833565	-4.87307000833565	-4.87307000833565	9.24910211657807	1.6936024214676	2.88526345915527	-4.87307000833565	5.00052518633545	8.41492813928915	-4.87307000833565	6.2087801901196	-4.87307000833565	4.12172288894796	-4.87307000833565	6.15892838321446	5.03992223121473	6.00575047004169	6.60050113455603	7.52902573108678	-4.87307000833565	-4.87307000833565	8.17398991337842	-4.87307000833565	-4.87307000833565	-4.87307000833565	-4.87307000833565	-4.87307000833565	-4.87307000833565	3.27044739746183	-4.87307000833565	-4.87307000833565	4.5287994011854	5.14423718039994	7.87186454553673	-4.87307000833565	7.05633303759397	-4.87307000833565	9.32936211745778	-4.87307000833565	-4.87307000833565	5.92937898755282	-4.87307000833565	-4.87307000833565	11.2314662278541	5.64778997969679	4.00473038554693	-4.87307000833565	-4.87307000833565	-4.87307000833565	-4.87307000833565	-4.87307000833565	-4.87307000833565	2.91472686984553	-4.87307000833565	-4.87307000833565	-4.87307000833565	-4.87307000833565	4.99224827808298	6.7714186636519	-4.87307000833565	-4.87307000833565	-4.87307000833565	6.04982427468762	-4.87307000833565	-4.87307000833565	-4.87307000833565	-4.87307000833565	-4.87307000833565	-4.87307000833565	-4.87307000833565	-4.87307000833565	4.73544227425456	-4.87307000833565	-4.87307000833565	-4.87307000833565	-4.87307000833565	-4.87307000833565
PSM6XBT3	-2.74685907617132	8.99328960694407	-2.74685907617132	-2.74685907617132	-2.74685907617132	-2.74685907617132	-2.74685907617132	7.48596819408349	12.7269483179373	-2.74685907617132	-2.74685907617132	-2.74685907617132	-2.74685907617132	-2.74685907617132	-2.74685907617132	9.0703916911381	-2.74685907617132	14.5591949600868	-2.74685907617132	13.6787911985608	-2.74685907617132	14.3365898527789	11.5376489800586	-2.74685907617132	-2.74685907617132	-2.74685907617132	-2.74685907617132	-2.74685907617132	-2.74685907617132	-2.74685907617132	-2.74685907617132	-2.74685907617132	-2.74685907617132	-2.74685907617132	12.1930845269456	-2.74685907617132	-2.74685907617132	-2.74685907617132	-2.74685907617132	-2.74685907617132	-2.74685907617132	-2.74685907617132	-2.74685907617132	-2.74685907617132	-2.74685907617132	-2.74685907617132	-2.74685907617132	-2.74685907617132	-2.74685907617132	10.1660442030021	-2.74685907617132	-2.74685907617132	-2.74685907617132	12.72054544495	-2.74685907617132	-2.74685907617132	-2.74685907617132	9.46986167651149	10.1174871742567	-2.74685907617132	-2.74685907617132	-2.74685907617132	7.50943093188967	-2.74685907617132	-2.74685907617132	-2.74685907617132	12.3869027880644	-2.74685907617132	-2.74685907617132	-2.74685907617132	-2.74685907617132	-2.74685907617132	-2.74685907617132	-2.74685907617132	-2.74685907617132	-2.74685907617132	-2.74685907617132	-2.74685907617132	9.95180699206363	-2.74685907617132	11.0666605011056	-2.74685907617132	-2.74685907617132	-2.74685907617132	-2.74685907617132	9.51956050556539	-2.74685907617132	-2.74685907617132	12.2845284495717	9.30279949665606	-2.74685907617132	-2.74685907617132	-2.74685907617132	-2.74685907617132	-2.74685907617132	-2.74685907617132	-2.74685907617132	-2.74685907617132	-2.74685907617132	-2.74685907617132	-2.74685907617132	-2.74685907617132	-2.74685907617132	8.68930412790468	-2.74685907617132	-2.74685907617132	-2.74685907617132	8.03170130202269	-2.74685907617132	-2.74685907617132	-2.74685907617132	-2.74685907617132	-2.74685907617132	-2.74685907617132	-2.74685907617132	-2.74685907617132	-2.74685907617132	10.7819436013287	-2.74685907617132	-2.74685907617132	8.76497579431688	11.0998700708745
PSM6XBUG	-3.39515069681398	7.62970492317881	11.7855406410493	5.11219415854745	6.84591562276984	-3.39515069681398	-3.39515069681398	-3.39515069681398	-3.39515069681398	9.44532976050291	10.4111586596297	-3.39515069681398	12.3568329062004	-3.39515069681398	-3.39515069681398	12.2125743934881	-3.39515069681398	10.9797590542022	-3.39515069681398	-3.39515069681398	12.785939565316	13.4437413964868	9.70006961809849	-3.39515069681398	-3.39515069681398	-3.39515069681398	-3.39515069681398	6.59593556020122	-3.39515069681398	-3.39515069681398	4.62807398790269	-3.39515069681398	9.26149107040137	-3.39515069681398	11.4265757541523	-3.39515069681398	-3.39515069681398	-3.39515069681398	-3.39515069681398	-3.39515069681398	-3.39515069681398	8.68825136342442	-3.39515069681398	7.71102383372763	-3.39515069681398	-3.39515069681398	-3.39515069681398	-3.39515069681398	-3.39515069681398	-3.39515069681398	-3.39515069681398	-3.39515069681398	-3.39515069681398	11.3842747443317	-3.39515069681398	10.8561802180063	-3.39515069681398	5.97056817234172	-3.39515069681398	-3.39515069681398	6.30444430900005	6.43904036671949	-3.39515069681398	-3.39515069681398	-3.39515069681398	-3.39515069681398	-3.39515069681398	-3.39515069681398	6.53551418372694	9.55761226586961	-3.39515069681398	-3.39515069681398	-3.39515069681398	-3.39515069681398	7.62644126596819	-3.39515069681398	12.1713686874792	-3.39515069681398	-3.39515069681398	-3.39515069681398	-3.39515069681398	-3.39515069681398	-3.39515069681398	-3.39515069681398	-3.39515069681398	11.1278196262628	-3.39515069681398	-3.39515069681398	13.8885745953573	8.5999601476771	-3.39515069681398	5.64925314761757	-3.39515069681398	-3.39515069681398	-3.39515069681398	-3.39515069681398	-3.39515069681398	-3.39515069681398	-3.39515069681398	-3.39515069681398	7.16510528093838	-3.39515069681398	-3.39515069681398	-3.39515069681398	-3.39515069681398	-3.39515069681398	-3.39515069681398	-3.39515069681398	-3.39515069681398	-3.39515069681398	-3.39515069681398	-3.39515069681398	-3.39515069681398	-3.39515069681398	7.87214273586791	-3.39515069681398	-3.39515069681398	-3.39515069681398	-3.39515069681398	-3.39515069681398	-3.39515069681398	-3.39515069681398
PSM6XBUO	-5.01688389036702	6.43076678248467	8.24897531932636	8.78706104285906	6.09333765091431	-5.01688389036702	-5.01688389036702	-5.01688389036702	-5.01688389036702	8.71459375965252	9.61935802862157	-5.01688389036702	10.345378422209	-5.01688389036702	-5.01688389036702	10.5838114038921	-5.01688389036702	9.4178264015801	-5.01688389036702	-5.01688389036702	11.4583308758713	11.7247109086646	9.89673916472371	-5.01688389036702	-5.01688389036702	-5.01688389036702	-5.01688389036702	8.1998273858159	-5.01688389036702	-5.01688389036702	6.01138714458427	-5.01688389036702	10.0839068872091	6.01818317727809	9.41520646952582	-5.01688389036702	-5.01688389036702	2.96621505034387	5.49067369714433	3.68279751062249	-5.01688389036702	-5.01688389036702	-5.01688389036702	4.97466032598939	-5.01688389036702	-5.01688389036702	-5.01688389036702	-5.01688389036702	7.94423268921328	-5.01688389036702	-5.01688389036702	-5.01688389036702	-5.01688389036702	6.40612780793441	-5.01688389036702	6.70841533940215	-5.01688389036702	2.45675321812918	-5.01688389036702	-5.01688389036702	4.97694698206671	6.49184277195587	-5.01688389036702	6.73325369783629	-5.01688389036702	-5.01688389036702	8.7912102337139	-5.01688389036702	-5.01688389036702	-5.01688389036702	-5.01688389036702	-5.01688389036702	-5.01688389036702	-5.01688389036702	-5.01688389036702	9.1635759843002	10.6588717018763	-5.01688389036702	5.85607490651399	7.6268338227461	6.27876825968737	-5.01688389036702	-5.01688389036702	-5.01688389036702	-5.01688389036702	7.75788037570656	5.07063209475475	-5.01688389036702	12.1600591694076	5.73506513101561	-5.01688389036702	4.97053112210439	5.34342706255241	-5.01688389036702	5.48464314242437	5.31516661596767	-5.01688389036702	-5.01688389036702	-5.01688389036702	-5.01688389036702	-5.01688389036702	-5.01688389036702	4.20647141868666	7.59121796733542	-5.01688389036702	-5.01688389036702	-5.01688389036702	4.68760379232234	4.1454210325706	-5.01688389036702	3.85812359568137	4.38745954317695	-5.01688389036702	-5.01688389036702	7.36616689462978	-5.01688389036702	-5.01688389036702	-5.01688389036702	4.04738970547438	5.8148427275591	-5.01688389036702	-5.01688389036702
PSM6XBVM	-4.47913406689295	-4.47913406689295	6.60701582645905	-4.47913406689295	-4.47913406689295	-4.47913406689295	-4.47913406689295	2.75142908651634	11.5271884402761	-4.47913406689295	-4.47913406689295	12.0972007197344	-4.47913406689295	-4.47913406689295	-4.47913406689295	10.821964224903	-4.47913406689295	9.97166730839894	-4.47913406689295	8.75443252431761	10.1230372384926	13.1308573293319	-4.47913406689295	10.8892675438046	-4.47913406689295	-4.47913406689295	-4.47913406689295	9.84012976462206	-4.47913406689295	-4.47913406689295	9.41349585300738	-4.47913406689295	-4.47913406689295	-4.47913406689295	7.90838892270222	-4.47913406689295	8.79691302418405	-4.47913406689295	5.42440348439322	-4.47913406689295	-4.47913406689295	4.79615099372361	-4.47913406689295	-4.47913406689295	4.00160258751267	-4.47913406689295	-4.47913406689295	-4.47913406689295	-4.47913406689295	2.93604104272034	6.34783827809757	9.5509885525013	5.02245700241203	3.83005046079334	-4.47913406689295	-4.47913406689295	-4.47913406689295	-4.47913406689295	6.83851833139428	-4.47913406689295	-4.47913406689295	7.09668168662549	3.40355813939607	6.04172592113948	5.2374815917504	-4.47913406689295	-4.47913406689295	-4.47913406689295	-4.47913406689295	4.83023682854618	-4.47913406689295	-4.47913406689295	-4.47913406689295	-4.47913406689295	5.20127243237592	-4.47913406689295	8.36325346864382	9.63468020365123	-4.47913406689295	-4.47913406689295	10.2065860062623	-4.47913406689295	-4.47913406689295	-4.47913406689295	4.73529792298648	3.45502116664337	-4.47913406689295	-4.47913406689295	10.4505047815902	8.67778724671959	-4.47913406689295	-4.47913406689295	-4.47913406689295	-4.47913406689295	-4.47913406689295	-4.47913406689295	-4.47913406689295	5.53459705974193	6.32331492899551	-4.47913406689295	-4.47913406689295	-4.47913406689295	-4.47913406689295	4.55697195847189	-4.47913406689295	10.5077623619908	-4.47913406689295	4.67791100802501	2.08753836291029	6.16488508086478	5.49532439951375	8.56026283278474	-4.47913406689295	-4.47913406689295	-4.47913406689295	-4.47913406689295	-4.47913406689295	7.10491133908038	6.20644974796302	-4.47913406689295	-4.47913406689295	-4.47913406689295
PSM7J12F	-3.18661012960748	8.39622378757771	6.1635791374851	6.17481909673156	-3.18661012960748	-3.18661012960748	-3.18661012960748	-3.18661012960748	12.9382685644117	-3.18661012960748	-3.18661012960748	-3.18661012960748	-3.18661012960748	-3.18661012960748	-3.18661012960748	8.31019611598285	-3.18661012960748	13.083688963684	-3.18661012960748	13.3909431742569	-3.18661012960748	14.540738436674	9.79693016455549	-3.18661012960748	-3.18661012960748	-3.18661012960748	-3.18661012960748	-3.18661012960748	-3.18661012960748	-3.18661012960748	-3.18661012960748	-3.18661012960748	-3.18661012960748	-3.18661012960748	11.539451117662	-3.18661012960748	-3.18661012960748	-3.18661012960748	-3.18661012960748	-3.18661012960748	-3.18661012960748	-3.18661012960748	-3.18661012960748	-3.18661012960748	6.29612099625152	-3.18661012960748	-3.18661012960748	-3.18661012960748	-3.18661012960748	8.39332891601196	-3.18661012960748	9.48746727375538	-3.18661012960748	-3.18661012960748	-3.18661012960748	-3.18661012960748	-3.18661012960748	8.95620850278471	5.24306246427926	-3.18661012960748	-3.18661012960748	-3.18661012960748	7.33613583807655	-3.18661012960748	-3.18661012960748	-3.18661012960748	10.6558256687291	-3.18661012960748	-3.18661012960748	5.27739323329464	-3.18661012960748	-3.18661012960748	-3.18661012960748	-3.18661012960748	4.28133220267837	-3.18661012960748	7.2079390186535	10.4448225300977	6.98770576580827	6.76094215409075	10.5787338673877	-3.18661012960748	-3.18661012960748	-3.18661012960748	-3.18661012960748	6.90215294579896	-3.18661012960748	-3.18661012960748	12.1596264638359	9.82845975402887	-3.18661012960748	-3.18661012960748	-3.18661012960748	-3.18661012960748	8.88816291670779	-3.18661012960748	-3.18661012960748	-3.18661012960748	6.07925955216118	-3.18661012960748	-3.18661012960748	4.04395302380181	-3.18661012960748	-3.18661012960748	-3.18661012960748	-3.18661012960748	-3.18661012960748	-3.18661012960748	-3.18661012960748	-3.18661012960748	-3.18661012960748	-3.18661012960748	-3.18661012960748	8.26615123249118	-3.18661012960748	6.16009511688922	-3.18661012960748	-3.18661012960748	-3.18661012960748	-3.18661012960748	9.03858353843008	-3.18661012960748
PSM7J12J	-2.24248076957397	-2.24248076957397	6.92714176912365	-2.24248076957397	-2.24248076957397	-2.24248076957397	-2.24248076957397	-2.24248076957397	-2.24248076957397	-2.24248076957397	-2.24248076957397	-2.24248076957397	-2.24248076957397	-2.24248076957397	-2.24248076957397	-2.24248076957397	-2.24248076957397	-2.24248076957397	-2.24248076957397	-2.24248076957397	-2.24248076957397	-2.24248076957397	-2.24248076957397	-2.24248076957397	-2.24248076957397	-2.24248076957397	-2.24248076957397	-2.24248076957397	-2.24248076957397	-2.24248076957397	-2.24248076957397	-2.24248076957397	-2.24248076957397	-2.24248076957397	16.0445300693043	-2.24248076957397	-2.24248076957397	-2.24248076957397	-2.24248076957397	-2.24248076957397	-2.24248076957397	-2.24248076957397	-2.24248076957397	-2.24248076957397	8.40866582276836	-2.24248076957397	-2.24248076957397	-2.24248076957397	-2.24248076957397	-2.24248076957397	-2.24248076957397	11.3644681522967	-2.24248076957397	-2.24248076957397	-2.24248076957397	-2.24248076957397	-2.24248076957397	5.63263851146632	10.2298753732643	-2.24248076957397	-2.24248076957397	-2.24248076957397	-2.24248076957397	-2.24248076957397	-2.24248076957397	-2.24248076957397	-2.24248076957397	-2.24248076957397	-2.24248076957397	6.46052786789047	7.49382996349465	10.1211552971799	7.31999425479872	-2.24248076957397	11.8622688980303	12.512115137679	-2.24248076957397	-2.24248076957397	-2.24248076957397	-2.24248076957397	-2.24248076957397	-2.24248076957397	-2.24248076957397	-2.24248076957397	-2.24248076957397	-2.24248076957397	-2.24248076957397	-2.24248076957397	-2.24248076957397	11.6761196280134	-2.24248076957397	-2.24248076957397	-2.24248076957397	-2.24248076957397	-2.24248076957397	-2.24248076957397	-2.24248076957397	-2.24248076957397	-2.24248076957397	9.0593655752831	-2.24248076957397	6.78525800640094	-2.24248076957397	-2.24248076957397	-2.24248076957397	-2.24248076957397	-2.24248076957397	-2.24248076957397	10.3178724556914	11.1750580348435	9.90262563329401	12.4224244489548	10.0362427155792	-2.24248076957397	-2.24248076957397	-2.24248076957397	5.91546273753106	12.1099037882107	8.22805204672445	-2.24248076957397	-2.24248076957397	-2.24248076957397
PSM7J12R	-1.67247900664995	-1.67247900664995	8.04293045197984	-1.67247900664995	-1.67247900664995	-1.67247900664995	-1.67247900664995	-1.67247900664995	-1.67247900664995	-1.67247900664995	-1.67247900664995	-1.67247900664995	-1.67247900664995	-1.67247900664995	-1.67247900664995	-1.67247900664995	-1.67247900664995	15.7412571207367	-1.67247900664995	-1.67247900664995	-1.67247900664995	7.11794230024791	-1.67247900664995	-1.67247900664995	-1.67247900664995	-1.67247900664995	-1.67247900664995	-1.67247900664995	-1.67247900664995	7.59149691449214	-1.67247900664995	-1.67247900664995	-1.67247900664995	-1.67247900664995	15.985412924856	-1.67247900664995	-1.67247900664995	-1.67247900664995	-1.67247900664995	-1.67247900664995	-1.67247900664995	-1.67247900664995	-1.67247900664995	-1.67247900664995	6.60417011877191	-1.67247900664995	-1.67247900664995	-1.67247900664995	-1.67247900664995	-1.67247900664995	-1.67247900664995	-1.67247900664995	-1.67247900664995	-1.67247900664995	-1.67247900664995	-1.67247900664995	-1.67247900664995	-1.67247900664995	11.4499863655527	-1.67247900664995	-1.67247900664995	-1.67247900664995	-1.67247900664995	10.857671524749	-1.67247900664995	-1.67247900664995	-1.67247900664995	-1.67247900664995	-1.67247900664995	-1.67247900664995	-1.67247900664995	-1.67247900664995	-1.67247900664995	-1.67247900664995	10.2324277334364	-1.67247900664995	-1.67247900664995	-1.67247900664995	-1.67247900664995	-1.67247900664995	-1.67247900664995	-1.67247900664995	-1.67247900664995	-1.67247900664995	-1.67247900664995	-1.67247900664995	-1.67247900664995	-1.67247900664995	-1.67247900664995	-1.67247900664995	-1.67247900664995	-1.67247900664995	-1.67247900664995	-1.67247900664995	-1.67247900664995	-1.67247900664995	-1.67247900664995	-1.67247900664995	-1.67247900664995	-1.67247900664995	-1.67247900664995	-1.67247900664995	-1.67247900664995	-1.67247900664995	-1.67247900664995	-1.67247900664995	-1.67247900664995	-1.67247900664995	9.00783029246905	11.242567415535	9.26900350437793	14.4286841961046	9.10941047721752	-1.67247900664995	-1.67247900664995	-1.67247900664995	7.24362452390377	12.1632860372913	9.52259379652338	-1.67247900664995	-1.67247900664995	-1.67247900664995
PSM7J12V	-5.05158518304757	-5.05158518304757	-5.05158518304757	-5.05158518304757	3.24271442580967	-5.05158518304757	-5.05158518304757	-5.05158518304757	10.2882739166686	4.02533807548827	9.64785034070977	-5.05158518304757	7.5409770011879	9.58362194303183	-5.05158518304757	7.2262079439902	-5.05158518304757	9.2165418447734	11.1200105705049	7.26915899576555	10.4464020166395	11.1432984385155	6.957444069287	9.48443525873672	-5.05158518304757	-5.05158518304757	-5.05158518304757	6.60371619619886	-5.05158518304757	-5.05158518304757	5.04668759769772	-5.05158518304757	9.59595628624991	5.45951889443151	8.9734088507764	-5.05158518304757	7.69267822202636	-5.05158518304757	-5.05158518304757	-5.05158518304757	6.4620500299919	-5.05158518304757	-5.05158518304757	5.49876998169433	-5.05158518304757	-5.05158518304757	3.30096918642702	-5.05158518304757	8.94375299109109	4.1201183053137	6.66355433125584	-5.05158518304757	-5.05158518304757	7.96925696586165	-5.05158518304757	5.87527014294661	-5.05158518304757	2.95177787558238	-5.05158518304757	7.25379419089139	4.72752891464881	7.13158212676097	7.40419894005754	7.92478316660275	4.04569846663632	-5.05158518304757	6.60527611019995	-5.05158518304757	-5.05158518304757	-5.05158518304757	-5.05158518304757	-5.05158518304757	-5.05158518304757	-5.05158518304757	-5.05158518304757	-5.05158518304757	9.42577330453257	-5.05158518304757	-5.05158518304757	9.08146305022057	-5.05158518304757	-5.05158518304757	-5.05158518304757	-5.05158518304757	-5.05158518304757	5.09684655076162	-5.05158518304757	-5.05158518304757	11.1167663193404	8.84651959394567	-5.05158518304757	-5.05158518304757	-5.05158518304757	-5.05158518304757	-5.05158518304757	9.86943416131512	-5.05158518304757	-5.05158518304757	-5.05158518304757	-5.05158518304757	-5.05158518304757	-5.05158518304757	5.65616596866851	7.37406867620003	-5.05158518304757	-5.05158518304757	7.03492096239858	-5.05158518304757	-5.05158518304757	4.5248555735145	2.30788245520805	4.7592935377559	-5.05158518304757	6.84074200502775	-5.05158518304757	-5.05158518304757	5.34571407389529	-5.05158518304757	-5.05158518304757	-5.05158518304757	3.9394791491409	-5.05158518304757
PSM7J136	-4.52341963099128	-4.52341963099128	6.37129913608252	-4.52341963099128	7.51831478405741	-4.52341963099128	-4.52341963099128	-4.52341963099128	9.32937804115887	5.91834332901894	10.8418682152955	-4.52341963099128	10.8137879600317	10.0883590672564	-4.52341963099128	-4.52341963099128	9.07419732054999	11.5721789479127	-4.52341963099128	4.79496764506804	12.8883297623316	11.8036363431454	8.2414999355433	9.75904679149862	-4.52341963099128	-4.52341963099128	-4.52341963099128	8.51127251540399	-4.52341963099128	-4.52341963099128	9.90591942935344	6.30712053606303	10.5829231217392	-4.52341963099128	10.23950079653	-4.52341963099128	-4.52341963099128	-4.52341963099128	5.22522533573918	4.36822948165878	7.90548051591458	-4.52341963099128	-4.52341963099128	-4.52341963099128	-4.52341963099128	6.39277730954547	-4.52341963099128	-4.52341963099128	9.28783287432024	3.06793741570727	-4.52341963099128	-4.52341963099128	-4.52341963099128	5.8199666619709	-4.52341963099128	6.83508345057695	-4.52341963099128	4.71366003817452	-4.52341963099128	-4.52341963099128	-4.52341963099128	3.82677401972879	-4.52341963099128	6.13550891827618	-4.52341963099128	-4.52341963099128	-4.52341963099128	-4.52341963099128	-4.52341963099128	1.5192132026911	-4.52341963099128	-4.52341963099128	-4.52341963099128	4.00787368480374	-4.52341963099128	7.59426432585445	9.19488705526544	6.88148623052315	5.15134634191658	7.27672029711853	8.68435233963073	-4.52341963099128	9.22250609459748	-4.52341963099128	-4.52341963099128	-4.52341963099128	-4.52341963099128	-4.52341963099128	11.7641496444124	6.69272919773423	-4.52341963099128	6.12725337558766	-4.52341963099128	-4.52341963099128	-4.52341963099128	-4.52341963099128	-4.52341963099128	-4.52341963099128	-4.52341963099128	-4.52341963099128	-4.52341963099128	-4.52341963099128	-4.52341963099128	-4.52341963099128	-4.52341963099128	-4.52341963099128	-4.52341963099128	-4.52341963099128	5.17125864191379	-4.52341963099128	-4.52341963099128	5.69162519943004	-4.52341963099128	-4.52341963099128	-4.52341963099128	-4.52341963099128	-4.52341963099128	-4.52341963099128	5.04186418674549	5.61794243745905	-4.52341963099128	-4.52341963099128
PSM7J13E	-4.5495651015651	-4.5495651015651	4.00704109220797	6.6522185846882	8.20737373701814	-4.5495651015651	-4.5495651015651	-4.5495651015651	9.9952032302381	-4.5495651015651	10.872272735827	-4.5495651015651	10.6941326784572	10.0120507697339	-4.5495651015651	-4.5495651015651	9.94153998656546	10.8355173755315	-4.5495651015651	6.8203095185145	11.5128244803898	12.4355277124111	8.75916331340203	9.56981406714739	-4.5495651015651	-4.5495651015651	-4.5495651015651	8.87159979743917	-4.5495651015651	-4.5495651015651	9.40602126255742	5.29793394076218	10.6947414406731	-4.5495651015651	9.83318411628015	-4.5495651015651	-4.5495651015651	5.15553248599801	4.65987486516792	7.03448030440824	7.29891074667866	-4.5495651015651	-4.5495651015651	-4.5495651015651	-4.5495651015651	-4.5495651015651	-4.5495651015651	-4.5495651015651	10.7578717713342	3.72198327319042	-4.5495651015651	5.47219425604907	7.24069660180266	-4.5495651015651	-4.5495651015651	5.14818896116642	-4.5495651015651	-4.5495651015651	-4.5495651015651	-4.5495651015651	-4.5495651015651	7.40490664608424	-4.5495651015651	6.7258769864861	-4.5495651015651	-4.5495651015651	-4.5495651015651	-4.5495651015651	-4.5495651015651	-4.5495651015651	-4.5495651015651	-4.5495651015651	-4.5495651015651	3.26281310442351	-4.5495651015651	10.0346364706273	10.9891532068181	10.3440900366537	7.36969842371296	2.64412071683001	9.81697073707354	-4.5495651015651	9.43348411594466	-4.5495651015651	-4.5495651015651	-4.5495651015651	-4.5495651015651	-4.5495651015651	12.0435031254498	7.42432955473968	-4.5495651015651	-4.5495651015651	-4.5495651015651	-4.5495651015651	-4.5495651015651	-4.5495651015651	-4.5495651015651	-4.5495651015651	-4.5495651015651	-4.5495651015651	-4.5495651015651	-4.5495651015651	-4.5495651015651	-4.5495651015651	-4.5495651015651	-4.5495651015651	-4.5495651015651	-4.5495651015651	6.518650141846	-4.5495651015651	-4.5495651015651	7.08903220048175	-4.5495651015651	-4.5495651015651	-4.5495651015651	-4.5495651015651	-4.5495651015651	-4.5495651015651	5.73683515460868	7.1197741946579	-4.5495651015651	-4.5495651015651
PSM7J141	9.48780487537877	6.63477933564963	11.5928696851635	-3.56439566067642	7.62916440773459	-3.56439566067642	-3.56439566067642	-3.56439566067642	10.1366138450272	-3.56439566067642	13.4377163011574	-3.56439566067642	10.8912467753392	-3.56439566067642	-3.56439566067642	-3.56439566067642	11.708112566264	12.5758225714616	13.6374037300909	9.68421439009782	12.3456040289716	3.59877673017022	-3.56439566067642	-3.56439566067642	-3.56439566067642	-3.56439566067642	-3.56439566067642	-3.56439566067642	-3.56439566067642	-3.56439566067642	-3.56439566067642	-3.56439566067642	7.18519618308369	-3.56439566067642	11.4105999338493	-3.56439566067642	8.96629711911448	-3.56439566067642	-3.56439566067642	-3.56439566067642	6.16002503278625	6.83868466269257	-3.56439566067642	-3.56439566067642	-3.56439566067642	-3.56439566067642	-3.56439566067642	-3.56439566067642	-3.56439566067642	-3.56439566067642	-3.56439566067642	-3.56439566067642	-3.56439566067642	10.6627416500812	-3.56439566067642	-3.56439566067642	-3.56439566067642	9.3305927254858	10.2123647134183	-3.56439566067642	-3.56439566067642	-3.56439566067642	-3.56439566067642	-3.56439566067642	-3.56439566067642	-3.56439566067642	-3.56439566067642	4.2600502702012	-3.56439566067642	8.21993766725553	6.28257444902454	-3.56439566067642	-3.56439566067642	-3.56439566067642	9.46176734081658	-3.56439566067642	8.89236177050689	11.5712510262462	-3.56439566067642	-3.56439566067642	-3.56439566067642	-3.56439566067642	-3.56439566067642	-3.56439566067642	-3.56439566067642	-3.56439566067642	-3.56439566067642	-3.56439566067642	11.701289985121	9.0763157077597	-3.56439566067642	-3.56439566067642	-3.56439566067642	-3.56439566067642	-3.56439566067642	-3.56439566067642	-3.56439566067642	-3.56439566067642	-3.56439566067642	6.09133541228025	-3.56439566067642	6.85791544673676	-3.56439566067642	-3.56439566067642	-3.56439566067642	-3.56439566067642	-3.56439566067642	-3.56439566067642	5.78926553074399	5.5831114021282	-3.56439566067642	3.76272763158287	-3.56439566067642	-3.56439566067642	8.42588757542654	-3.56439566067642	-3.56439566067642	-3.56439566067642	-3.56439566067642	-3.56439566067642	-3.56439566067642	-3.56439566067642
PSM7J14L	-0.268889682084016	-0.268889682084016	-0.268889682084016	-0.268889682084016	-0.268889682084016	-0.268889682084016	-0.268889682084016	-0.268889682084016	-0.268889682084016	-0.268889682084016	-0.268889682084016	-0.268889682084016	-0.268889682084016	-0.268889682084016	-0.268889682084016	-0.268889682084016	-0.268889682084016	-0.268889682084016	-0.268889682084016	-0.268889682084016	-0.268889682084016	-0.268889682084016	-0.268889682084016	-0.268889682084016	-0.268889682084016	-0.268889682084016	-0.268889682084016	-0.268889682084016	-0.268889682084016	-0.268889682084016	-0.268889682084016	-0.268889682084016	-0.268889682084016	-0.268889682084016	-0.268889682084016	-0.268889682084016	-0.268889682084016	-0.268889682084016	6.84669244410044	-0.268889682084016	-0.268889682084016	-0.268889682084016	-0.268889682084016	-0.268889682084016	-0.268889682084016	-0.268889682084016	-0.268889682084016	-0.268889682084016	-0.268889682084016	-0.268889682084016	-0.268889682084016	-0.268889682084016	-0.268889682084016	-0.268889682084016	-0.268889682084016	-0.268889682084016	-0.268889682084016	-0.268889682084016	-0.268889682084016	-0.268889682084016	-0.268889682084016	-0.268889682084016	-0.268889682084016	-0.268889682084016	-0.268889682084016	-0.268889682084016	-0.268889682084016	-0.268889682084016	-0.268889682084016	-0.268889682084016	-0.268889682084016	-0.268889682084016	-0.268889682084016	-0.268889682084016	-0.268889682084016	-0.268889682084016	-0.268889682084016	-0.268889682084016	-0.268889682084016	-0.268889682084016	-0.268889682084016	-0.268889682084016	-0.268889682084016	-0.268889682084016	-0.268889682084016	-0.268889682084016	-0.268889682084016	-0.268889682084016	-0.268889682084016	-0.268889682084016	-0.268889682084016	-0.268889682084016	-0.268889682084016	-0.268889682084016	-0.268889682084016	-0.268889682084016	-0.268889682084016	-0.268889682084016	-0.268889682084016	-0.268889682084016	-0.268889682084016	-0.268889682084016	-0.268889682084016	-0.268889682084016	-0.268889682084016	-0.268889682084016	-0.268889682084016	-0.268889682084016	-0.268889682084016	-0.268889682084016	-0.268889682084016	-0.268889682084016	-0.268889682084016	-0.268889682084016	-0.268889682084016	-0.268889682084016	-0.268889682084016	15.9472878494194	9.20389187447815	-0.268889682084016	-0.268889682084016	-0.268889682084016
PSM7J14T	-6.50017064926625	5.91137432721953	4.34275759504273	1.63751753571135	4.3839148795392	-6.50017064926625	-6.50017064926625	-6.50017064926625	-6.50017064926625	6.90704229282464	6.74718703331037	-6.50017064926625	7.829331116711	-6.50017064926625	-6.50017064926625	7.42540523933634	-6.50017064926625	6.60254292916305	-6.50017064926625	-6.50017064926625	8.87974300680146	10.1257542006578	8.28733059137177	-6.50017064926625	-6.50017064926625	-6.50017064926625	-6.50017064926625	6.75875128427628	-6.50017064926625	-6.50017064926625	4.41038026308588	-6.50017064926625	7.69626707558691	-6.50017064926625	7.32266402178094	-6.50017064926625	-6.50017064926625	5.2583719339811	-6.50017064926625	-6.50017064926625	-6.50017064926625	3.6832565805835	-6.50017064926625	4.26453880131622	-6.50017064926625	-6.50017064926625	-6.50017064926625	-6.50017064926625	-6.50017064926625	-6.50017064926625	-6.50017064926625	8.11227982659335	7.08695891590038	7.65616053449937	-6.50017064926625	7.46624045541722	-6.50017064926625	3.47382196415523	5.2131700239866	-6.50017064926625	6.20789169799251	6.69509182704174	-6.50017064926625	7.05201348150039	5.37733542733868	3.9523338644098	7.50779412295696	-6.50017064926625	1.96593975192067	4.01798889695338	3.33883171404347	-6.50017064926625	-6.50017064926625	-6.50017064926625	-6.50017064926625	7.50596935917444	10.1834746352061	9.77709657002232	3.79640574030998	8.45921901899042	9.49977763717598	4.93771872066974	-6.50017064926625	-6.50017064926625	4.9684998519488	5.3151604624009	4.47577342612747	-6.50017064926625	9.29279177482735	2.4064937605038	-6.50017064926625	2.51791903483809	6.67226017147715	-6.50017064926625	6.83812796184241	8.50963836708345	-6.50017064926625	5.01006119115249	-6.50017064926625	-6.50017064926625	1.82125093763163	-6.50017064926625	4.60960203211168	4.82402476832885	-6.50017064926625	-6.50017064926625	-6.50017064926625	8.03393112677497	4.45310652724042	5.61991373207948	4.99551709621764	7.03533628138964	4.12774470386285	-6.50017064926625	3.94625147295349	-6.50017064926625	5.51492912453017	2.70726550956254	5.55665344799855	-6.50017064926625	-6.50017064926625	-6.50017064926625
PSM7J14X	5.06763751300899	-5.99698319022695	-5.99698319022695	-5.99698319022695	3.73161511733251	-5.99698319022695	-5.99698319022695	-5.99698319022695	9.51618694113851	-5.99698319022695	10.1257846291344	-5.99698319022695	7.10638287552749	-5.99698319022695	9.17096784845903	9.51083678302848	-5.99698319022695	5.9159994529896	9.00294144102197	9.38207232503585	9.21860159884427	9.83651775080077	7.82558341518028	-5.99698319022695	-5.99698319022695	-5.99698319022695	-5.99698319022695	7.09983876444958	-5.99698319022695	-5.99698319022695	5.94160862350122	-5.99698319022695	8.3660133142682	5.55469172302255	8.70711015547484	-5.99698319022695	7.39748303121512	-5.99698319022695	-5.99698319022695	-5.99698319022695	-5.99698319022695	-5.99698319022695	-5.99698319022695	5.91921164063959	-5.99698319022695	2.50631389599717	3.81991107972408	-5.99698319022695	6.81045298055535	4.48790959802337	1.02499323284521	6.66023195140803	5.36814967276648	4.61751601865269	3.82589065831493	-5.99698319022695	-5.99698319022695	4.91993995356969	-5.99698319022695	5.23584470046458	2.15809169758449	5.72669740547754	6.49907262819148	7.39673621202038	-5.99698319022695	-5.99698319022695	7.02582721946419	-5.99698319022695	-5.99698319022695	-5.99698319022695	-5.99698319022695	-5.99698319022695	-5.99698319022695	-5.99698319022695	-5.99698319022695	7.67043446911388	9.46207313723135	9.89114832703775	8.32873139835431	5.95928745415615	4.79276878267636	-5.99698319022695	4.82381457433679	4.33441565924717	-5.99698319022695	5.67687845234984	-5.99698319022695	0.136414852769694	10.9075209508665	5.27324631482558	4.34511406900964	-5.99698319022695	-5.99698319022695	-5.99698319022695	7.86960158812991	7.06233601560978	-5.99698319022695	4.68010185976642	-5.99698319022695	-5.99698319022695	-5.99698319022695	-5.99698319022695	-5.99698319022695	4.03053451072602	-5.99698319022695	-5.99698319022695	-5.99698319022695	5.37069682538653	-5.99698319022695	-5.99698319022695	-5.99698319022695	-5.99698319022695	-5.99698319022695	-5.99698319022695	-5.99698319022695	-5.99698319022695	3.35581114954416	8.80131008649182	2.8322431645049	3.12244730638939	2.36262008061451	8.24274291579973
PSM7J156	7.61428914637994	-5.02217208750572	-5.02217208750572	-5.02217208750572	4.48537980713837	-5.02217208750572	-5.02217208750572	-5.02217208750572	9.44450725896161	-5.02217208750572	10.9953185004626	-5.02217208750572	9.34744252523278	-5.02217208750572	10.3774259589919	7.84651378603831	-5.02217208750572	6.64193680219854	9.89995232768899	-5.02217208750572	10.57999510903	11.1964963260903	8.04755182667434	-5.02217208750572	-5.02217208750572	-5.02217208750572	-5.02217208750572	8.3509204358241	-5.02217208750572	-5.02217208750572	8.89927472034962	-5.02217208750572	9.93622311430061	6.4286758256563	9.14567772888196	-5.02217208750572	8.73650459218653	-5.02217208750572	-5.02217208750572	-5.02217208750572	-5.02217208750572	-5.02217208750572	-5.02217208750572	7.42873123436287	-5.02217208750572	-5.02217208750572	2.95063869661568	-5.02217208750572	5.60453102671239	4.95971066245778	-5.02217208750572	6.98056576143863	3.64705525976602	-5.02217208750572	-5.02217208750572	2.72326352276866	-5.02217208750572	2.44004285226247	-5.02217208750572	5.23341495753732	-5.02217208750572	6.15920300855607	-5.02217208750572	6.5031857739575	-5.02217208750572	-5.02217208750572	7.22004442715956	-5.02217208750572	-5.02217208750572	-5.02217208750572	-5.02217208750572	-5.02217208750572	-5.02217208750572	-5.02217208750572	-5.02217208750572	7.22360673024649	9.25341233738959	11.4323780142014	8.88356392675709	8.93485626173277	6.9802593438258	-5.02217208750572	9.59270474798988	4.21685291833037	-5.02217208750572	-5.02217208750572	-5.02217208750572	-5.02217208750572	12.1931899801746	5.27271545481374	4.76202504383908	-5.02217208750572	-5.02217208750572	-5.02217208750572	6.71510419973378	7.217146728318	6.15557430434684	-5.02217208750572	-5.02217208750572	-5.02217208750572	-5.02217208750572	-5.02217208750572	-5.02217208750572	6.05860029234982	-5.02217208750572	-5.02217208750572	-5.02217208750572	4.28991226835375	-5.02217208750572	-5.02217208750572	-5.02217208750572	-5.02217208750572	-5.02217208750572	5.13560878533683	-5.02217208750572	-5.02217208750572	3.84440956579828	-5.02217208750572	-5.02217208750572	-5.02217208750572	6.44272842044939	7.1672680007426
PSM7J158	6.05326410497995	-6.45827281826655	6.24803254376844	-6.45827281826655	6.65599991798928	4.29003094648505	4.98220022644426	2.07302049752847	8.52672809952448	-6.45827281826655	7.4172984378332	-6.45827281826655	6.43934823045987	5.64349986013645	-6.45827281826655	7.3271609333152	-6.45827281826655	8.06316836277018	10.3645967104945	4.37127756329244	10.4015582999024	9.65776181024339	8.54606878399078	-6.45827281826655	-6.45827281826655	-6.45827281826655	-6.45827281826655	7.5400266872476	-6.45827281826655	-6.45827281826655	7.61685284406981	-6.45827281826655	9.30661487181573	6.44561360231424	8.06751781050462	7.63876415490686	8.72029955306363	-6.45827281826655	2.21438447577376	3.35260590253692	-6.45827281826655	5.86403054759065	-6.45827281826655	-6.45827281826655	4.16137018287845	-6.45827281826655	3.98698654692559	-6.45827281826655	3.12714218049373	5.52316140919264	-6.45827281826655	-6.45827281826655	-6.45827281826655	2.94111643125302	-6.45827281826655	7.60911723052294	4.77442273777694	1.87523789071639	5.28346808242733	-6.45827281826655	-6.45827281826655	6.85234614139213	-6.45827281826655	4.56999821668475	7.83637515364225	0.311369158585955	-6.45827281826655	-6.45827281826655	2.25135726368474	5.95526511439124	-6.45827281826655	-6.45827281826655	2.38836799483394	-6.45827281826655	4.33003543867425	-6.45827281826655	5.42020506896734	1.83602679059069	6.67864611124697	-6.45827281826655	-6.45827281826655	3.93382542346441	-6.45827281826655	4.30495627845255	-6.45827281826655	-6.45827281826655	-6.45827281826655	3.49309972699015	6.76440818075265	6.22291847745674	-6.45827281826655	6.07854498112343	7.51360966501734	-6.45827281826655	-6.45827281826655	7.91548745211959	6.61005878168381	5.85175886130472	4.9322703004149	-6.45827281826655	4.12833683118244	-6.45827281826655	3.96552523404679	8.15796092989528	-6.45827281826655	7.65413794431756	3.56126293263225	-6.45827281826655	-6.45827281826655	-6.45827281826655	-6.45827281826655	-6.45827281826655	-6.45827281826655	4.17664468825483	-6.45827281826655	-6.45827281826655	1.31700302822032	-6.45827281826655	-6.45827281826655	-6.45827281826655	-6.45827281826655	-6.45827281826655
PSM7J15M	-3.6435216096725	-3.6435216096725	10.3996431114838	-3.6435216096725	-3.6435216096725	-3.6435216096725	-3.6435216096725	-3.6435216096725	6.06886596825809	-3.6435216096725	-3.6435216096725	-3.6435216096725	-3.6435216096725	-3.6435216096725	-3.6435216096725	-3.6435216096725	-3.6435216096725	-3.6435216096725	-3.6435216096725	-3.6435216096725	-3.6435216096725	-3.6435216096725	-3.6435216096725	-3.6435216096725	-3.6435216096725	-3.6435216096725	-3.6435216096725	-3.6435216096725	-3.6435216096725	-3.6435216096725	-3.6435216096725	-3.6435216096725	-3.6435216096725	-3.6435216096725	-3.6435216096725	-3.6435216096725	-3.6435216096725	-3.6435216096725	-3.6435216096725	-3.6435216096725	6.27194391962303	-3.6435216096725	-3.6435216096725	-3.6435216096725	8.36848680291895	-3.6435216096725	-3.6435216096725	-3.6435216096725	-3.6435216096725	-3.6435216096725	-3.6435216096725	12.0906513696572	-3.6435216096725	9.33342516787324	-3.6435216096725	-3.6435216096725	-3.6435216096725	7.9945464098045	10.1952082810162	-3.6435216096725	-3.6435216096725	-3.6435216096725	7.41764870510872	-3.6435216096725	11.0842318989418	-3.6435216096725	-3.6435216096725	6.41015162962751	-3.6435216096725	8.95645287970131	-3.6435216096725	6.77311885638871	-3.6435216096725	-3.6435216096725	11.3097934240653	-3.6435216096725	-3.6435216096725	-3.6435216096725	10.0142831230841	13.0980067150427	11.0237074517936	7.71777831794631	-3.6435216096725	-3.6435216096725	6.65608753596864	-3.6435216096725	8.70396812945314	8.93807570224254	14.0551208151414	11.3548538398069	-3.6435216096725	-3.6435216096725	-3.6435216096725	-3.6435216096725	-3.6435216096725	-3.6435216096725	-3.6435216096725	9.66759426827487	-3.6435216096725	7.97052439494778	8.47345202673422	3.4390269596828	8.66651006989876	-3.6435216096725	7.83513327002028	-3.6435216096725	-3.6435216096725	-3.6435216096725	-3.6435216096725	9.96513819555422	8.77374750413526	9.68522321666557	7.38831501146182	-3.6435216096725	-3.6435216096725	-3.6435216096725	-3.6435216096725	11.062835094915	9.82282997426966	-3.6435216096725	-3.6435216096725	-3.6435216096725
PSM7J15U	-3.85654707645027	-3.85654707645027	9.90109175450316	-3.85654707645027	-3.85654707645027	-3.85654707645027	-3.85654707645027	-3.85654707645027	-3.85654707645027	-3.85654707645027	-3.85654707645027	-3.85654707645027	-3.85654707645027	-3.85654707645027	-3.85654707645027	-3.85654707645027	-3.85654707645027	-3.85654707645027	-3.85654707645027	-3.85654707645027	-3.85654707645027	5.82260871913484	-3.85654707645027	-3.85654707645027	-3.85654707645027	-3.85654707645027	-3.85654707645027	-3.85654707645027	-3.85654707645027	-3.85654707645027	-3.85654707645027	-3.85654707645027	-3.85654707645027	-3.85654707645027	-3.85654707645027	-3.85654707645027	-3.85654707645027	-3.85654707645027	7.14856489041192	7.31432460400084	9.48572422326196	7.81356160840321	-3.85654707645027	-3.85654707645027	9.10963255584944	-3.85654707645027	-3.85654707645027	-3.85654707645027	-3.85654707645027	-3.85654707645027	-3.85654707645027	10.980918242981	-3.85654707645027	9.32965645328889	-3.85654707645027	-3.85654707645027	-3.85654707645027	8.52675501639578	9.28100240613828	-3.85654707645027	-3.85654707645027	-3.85654707645027	6.66107150521639	-3.85654707645027	9.42107665058426	-3.85654707645027	-3.85654707645027	5.66721621146984	-3.85654707645027	7.9730924254295	-3.85654707645027	8.27593823060371	-3.85654707645027	-3.85654707645027	10.5178481451003	-3.85654707645027	11.9468160486092	-3.85654707645027	9.49708832652829	13.6865301170554	11.5943792290666	-3.85654707645027	-3.85654707645027	-3.85654707645027	7.7615578877953	-3.85654707645027	8.69184141280851	7.07335834520548	13.2582226698721	11.2961860263042	-3.85654707645027	-3.85654707645027	-3.85654707645027	-3.85654707645027	-3.85654707645027	-3.85654707645027	-3.85654707645027	8.27070419860369	-3.85654707645027	-3.85654707645027	9.60700738627521	6.12579786616335	6.43529333458406	-3.85654707645027	9.56250915410907	-3.85654707645027	-3.85654707645027	-3.85654707645027	-3.85654707645027	9.44510158627077	7.77523640173643	9.44922226956093	6.7783704300711	-3.85654707645027	-3.85654707645027	-3.85654707645027	-3.85654707645027	8.6075766991881	7.71361846569203	-3.85654707645027	-3.85654707645027	-3.85654707645027
PSM7J161	-0.396840899499434	-0.396840899499434	-0.396840899499434	-0.396840899499434	-0.396840899499434	-0.396840899499434	-0.396840899499434	-0.396840899499434	-0.396840899499434	-0.396840899499434	-0.396840899499434	-0.396840899499434	-0.396840899499434	-0.396840899499434	-0.396840899499434	-0.396840899499434	-0.396840899499434	-0.396840899499434	-0.396840899499434	-0.396840899499434	-0.396840899499434	-0.396840899499434	-0.396840899499434	-0.396840899499434	-0.396840899499434	-0.396840899499434	-0.396840899499434	-0.396840899499434	-0.396840899499434	7.74667650629805	-0.396840899499434	-0.396840899499434	-0.396840899499434	-0.396840899499434	-0.396840899499434	-0.396840899499434	-0.396840899499434	-0.396840899499434	6.78170458426426	-0.396840899499434	-0.396840899499434	-0.396840899499434	-0.396840899499434	-0.396840899499434	-0.396840899499434	-0.396840899499434	-0.396840899499434	-0.396840899499434	-0.396840899499434	-0.396840899499434	-0.396840899499434	-0.396840899499434	-0.396840899499434	-0.396840899499434	-0.396840899499434	-0.396840899499434	-0.396840899499434	-0.396840899499434	-0.396840899499434	-0.396840899499434	-0.396840899499434	-0.396840899499434	-0.396840899499434	-0.396840899499434	-0.396840899499434	-0.396840899499434	-0.396840899499434	-0.396840899499434	-0.396840899499434	-0.396840899499434	-0.396840899499434	-0.396840899499434	-0.396840899499434	-0.396840899499434	-0.396840899499434	-0.396840899499434	-0.396840899499434	-0.396840899499434	-0.396840899499434	-0.396840899499434	-0.396840899499434	-0.396840899499434	-0.396840899499434	-0.396840899499434	-0.396840899499434	-0.396840899499434	-0.396840899499434	-0.396840899499434	-0.396840899499434	-0.396840899499434	-0.396840899499434	-0.396840899499434	-0.396840899499434	-0.396840899499434	-0.396840899499434	-0.396840899499434	-0.396840899499434	-0.396840899499434	-0.396840899499434	-0.396840899499434	-0.396840899499434	-0.396840899499434	-0.396840899499434	-0.396840899499434	-0.396840899499434	-0.396840899499434	-0.396840899499434	-0.396840899499434	-0.396840899499434	-0.396840899499434	-0.396840899499434	-0.396840899499434	-0.396840899499434	-0.396840899499434	-0.396840899499434	-0.396840899499434	-0.396840899499434	16.5480828572128	7.8059154821562	7.54800581150256	-0.396840899499434	-0.396840899499434
PSM7J16Y	-5.85586464994525	-5.85586464994525	5.16817605377583	-5.85586464994525	-5.85586464994525	4.7322589661324	-5.85586464994525	-5.85586464994525	10.154594675441	-5.85586464994525	-5.85586464994525	-5.85586464994525	7.81405465819727	7.78743427330328	-5.85586464994525	7.59462336245591	-5.85586464994525	7.19500487397942	-5.85586464994525	6.72080901996651	10.6236028671227	10.8518870841303	-5.85586464994525	9.62571194927238	-5.85586464994525	-5.85586464994525	-5.85586464994525	8.95129306098155	7.79741046774615	9.90936749857989	8.59874917259268	-5.85586464994525	10.1437482080837	7.26295445393556	9.0079612478877	-5.85586464994525	-5.85586464994525	-5.85586464994525	-5.85586464994525	3.3625430931087	-5.85586464994525	3.00364083457389	-5.85586464994525	5.96145987673164	-5.85586464994525	3.5200749026805	3.68600720176098	-5.85586464994525	7.25858953207089	4.56227121058054	5.42891728462239	-5.85586464994525	4.59981117469751	6.25188377812915	-5.85586464994525	6.26378371894543	-5.85586464994525	-5.85586464994525	-5.85586464994525	6.62700984246543	5.0652239591615	7.00388903287608	5.21406516461972	6.64303058292135	-5.85586464994525	5.01974561342351	8.09297940606371	-5.85586464994525	-5.85586464994525	5.20718917059599	-5.85586464994525	-5.85586464994525	-5.85586464994525	-5.85586464994525	1.38907689639176	5.17338007911585	8.27461794871799	-5.85586464994525	8.2879642777504	4.61353312466042	4.74975460122229	-5.85586464994525	7.08756582269305	-5.85586464994525	-5.85586464994525	5.04181867433856	-5.85586464994525	2.052890088838	9.14175063948389	-5.85586464994525	-5.85586464994525	-5.85586464994525	8.50577747683851	-5.85586464994525	6.90446947475843	-5.85586464994525	8.3869970924504	6.33920265840825	-5.85586464994525	-5.85586464994525	-5.85586464994525	-5.85586464994525	-5.85586464994525	7.85517499654603	-5.85586464994525	-5.85586464994525	8.50925234050222	-5.85586464994525	-5.85586464994525	-5.85586464994525	-5.85586464994525	-5.85586464994525	-5.85586464994525	4.9579156826614	-5.85586464994525	4.08013849426756	6.61041994548428	-5.85586464994525	-5.85586464994525	-5.85586464994525	-5.85586464994525	9.95774465769848
PSM7J177	0	0	0	0	0	0	0	0	0	0	0	0	0	0	0	0	0	0	0	0	0	0	0	0	0	0	0	0	0	0	0	0	0	0	0	0	0	0	0	0	0	0	0	0	0	0	0	0	0	0	0	0	0	0	0	0	0	0	0	0	0	0	0	0	0	0	0	0	0	0	0	0	0	0	0	0	0	0	0	0	0	0	0	0	0	0	0	0	0	0	0	0	0	0	0	0	0	0	0	0	0	0	0	0	0	0	0	0	0	0	0	0	0	0	0	0	0	0	0	0	0	0
PSM7J17F	-0.122716350139335	-0.122716350139335	-0.122716350139335	-0.122716350139335	-0.122716350139335	-0.122716350139335	-0.122716350139335	-0.122716350139335	-0.122716350139335	-0.122716350139335	-0.122716350139335	-0.122716350139335	-0.122716350139335	-0.122716350139335	-0.122716350139335	-0.122716350139335	-0.122716350139335	-0.122716350139335	-0.122716350139335	-0.122716350139335	-0.122716350139335	-0.122716350139335	-0.122716350139335	-0.122716350139335	-0.122716350139335	-0.122716350139335	-0.122716350139335	-0.122716350139335	-0.122716350139335	-0.122716350139335	-0.122716350139335	-0.122716350139335	-0.122716350139335	-0.122716350139335	-0.122716350139335	-0.122716350139335	-0.122716350139335	-0.122716350139335	-0.122716350139335	-0.122716350139335	-0.122716350139335	-0.122716350139335	-0.122716350139335	-0.122716350139335	-0.122716350139335	-0.122716350139335	-0.122716350139335	-0.122716350139335	-0.122716350139335	-0.122716350139335	-0.122716350139335	-0.122716350139335	-0.122716350139335	-0.122716350139335	-0.122716350139335	-0.122716350139335	-0.122716350139335	-0.122716350139335	-0.122716350139335	-0.122716350139335	-0.122716350139335	-0.122716350139335	-0.122716350139335	-0.122716350139335	-0.122716350139335	-0.122716350139335	-0.122716350139335	-0.122716350139335	-0.122716350139335	-0.122716350139335	-0.122716350139335	-0.122716350139335	-0.122716350139335	-0.122716350139335	-0.122716350139335	-0.122716350139335	-0.122716350139335	-0.122716350139335	-0.122716350139335	-0.122716350139335	-0.122716350139335	-0.122716350139335	-0.122716350139335	-0.122716350139335	-0.122716350139335	-0.122716350139335	-0.122716350139335	-0.122716350139335	-0.122716350139335	-0.122716350139335	-0.122716350139335	-0.122716350139335	-0.122716350139335	-0.122716350139335	-0.122716350139335	-0.122716350139335	-0.122716350139335	-0.122716350139335	-0.122716350139335	-0.122716350139335	-0.122716350139335	-0.122716350139335	-0.122716350139335	-0.122716350139335	-0.122716350139335	-0.122716350139335	-0.122716350139335	-0.122716350139335	-0.122716350139335	-0.122716350139335	-0.122716350139335	-0.122716350139335	-0.122716350139335	-0.122716350139335	-0.122716350139335	-0.122716350139335	-0.122716350139335	14.8486783668595	-0.122716350139335	-0.122716350139335	-0.122716350139335	-0.122716350139335
PSM7J17L	-5.18851612597772	-5.18851612597772	7.57565973555607	-5.18851612597772	2.23862800743089	3.69206939712477	4.51719099470191	-5.18851612597772	10.5631472758438	-5.18851612597772	-5.18851612597772	-5.18851612597772	-5.18851612597772	-5.18851612597772	-5.18851612597772	9.10109030158331	-5.18851612597772	9.41601572422044	11.9514450655502	8.01397180190478	10.3095603079513	11.3198146433324	9.44215170161116	-5.18851612597772	-5.18851612597772	-5.18851612597772	-5.18851612597772	9.63951891703981	-5.18851612597772	-5.18851612597772	-5.18851612597772	-5.18851612597772	10.6193370019314	5.94067147550409	9.44437535315168	-5.18851612597772	9.73622382586407	-5.18851612597772	7.85053303152121	7.68433662388996	5.2754725367661	5.69594441923909	-5.18851612597772	5.27375829961022	3.07533200539119	-5.18851612597772	2.04204702743157	-5.18851612597772	4.55368702883025	2.12537070565574	-5.18851612597772	-5.18851612597772	-5.18851612597772	-5.18851612597772	-5.18851612597772	8.8430416638797	3.24985028489255	-5.18851612597772	5.21122133887201	-5.18851612597772	-5.18851612597772	8.7101593374471	-5.18851612597772	-5.18851612597772	8.3012379757615	-5.18851612597772	-5.18851612597772	-5.18851612597772	-5.18851612597772	6.53321864412356	3.22575801143067	2.29641415731194	5.38051614000473	-5.18851612597772	4.46014369097757	-5.18851612597772	-5.18851612597772	-5.18851612597772	-5.18851612597772	-5.18851612597772	5.80102181051436	-5.18851612597772	-5.18851612597772	-5.18851612597772	-5.18851612597772	-5.18851612597772	-5.18851612597772	-5.18851612597772	10.7167947606939	8.22197072644594	-5.18851612597772	5.50117625186938	5.96388413516419	-5.18851612597772	-5.18851612597772	-5.18851612597772	8.89986561267425	1.06723391577565	3.63188793950792	-5.18851612597772	4.8914844799443	-5.18851612597772	4.2964970638566	6.69335568040025	-5.18851612597772	9.21620841112424	-5.18851612597772	-5.18851612597772	4.66373076236481	-5.18851612597772	-5.18851612597772	4.6419167456525	-5.18851612597772	7.44256605169056	-5.18851612597772	6.12022246902779	-5.18851612597772	-5.18851612597772	7.93284875309302	-5.18851612597772	3.80751654334665	-5.18851612597772
PSM7J17X	-3.11049476224497	-3.11049476224497	11.2710231142361	-3.11049476224497	-3.11049476224497	-3.11049476224497	-3.11049476224497	-3.11049476224497	-3.11049476224497	-3.11049476224497	-3.11049476224497	-3.11049476224497	-3.11049476224497	-3.11049476224497	-3.11049476224497	-3.11049476224497	-3.11049476224497	-3.11049476224497	-3.11049476224497	-3.11049476224497	-3.11049476224497	-3.11049476224497	-3.11049476224497	-3.11049476224497	-3.11049476224497	-3.11049476224497	-3.11049476224497	-3.11049476224497	-3.11049476224497	-3.11049476224497	-3.11049476224497	-3.11049476224497	-3.11049476224497	-3.11049476224497	-3.11049476224497	-3.11049476224497	-3.11049476224497	-3.11049476224497	7.60372298650482	5.67382058765768	8.56566287780292	-3.11049476224497	-3.11049476224497	-3.11049476224497	10.7648975534452	-3.11049476224497	-3.11049476224497	-3.11049476224497	-3.11049476224497	-3.11049476224497	-3.11049476224497	12.6699048435438	-3.11049476224497	9.51698523581411	7.82530500720203	-3.11049476224497	-3.11049476224497	-3.11049476224497	11.7383607644071	-3.11049476224497	-3.11049476224497	-3.11049476224497	10.4139961597938	-3.11049476224497	-3.11049476224497	-3.11049476224497	-3.11049476224497	-3.11049476224497	-3.11049476224497	8.45938742956108	-3.11049476224497	8.21839968563627	7.33418271703856	-3.11049476224497	10.6346587799247	-3.11049476224497	-3.11049476224497	-3.11049476224497	-3.11049476224497	14.8816348963039	-3.11049476224497	-3.11049476224497	-3.11049476224497	-3.11049476224497	9.00942613670745	-3.11049476224497	-3.11049476224497	-3.11049476224497	-3.11049476224497	11.9014958997426	-3.11049476224497	-3.11049476224497	-3.11049476224497	-3.11049476224497	-3.11049476224497	-3.11049476224497	-3.11049476224497	9.62497302143487	-3.11049476224497	9.3707862313025	9.84819843499147	10.1447215276683	-3.11049476224497	-3.11049476224497	11.2261645521264	-3.11049476224497	-3.11049476224497	-3.11049476224497	8.14509676492316	11.7889241765014	10.5610080024626	9.51521213330756	9.70670394206708	-3.11049476224497	-3.11049476224497	-3.11049476224497	-3.11049476224497	11.5920923179731	11.2692671087021	-3.11049476224497	-3.11049476224497	-3.11049476224497
PSM7J193	-2.68194557396811	-2.68194557396811	5.63459914396128	-2.68194557396811	-2.68194557396811	-2.68194557396811	-2.68194557396811	-2.68194557396811	12.0751339130701	-2.68194557396811	-2.68194557396811	-2.68194557396811	-2.68194557396811	-2.68194557396811	-2.68194557396811	8.01183855562677	-2.68194557396811	14.2704860510541	-2.68194557396811	14.4075500512525	-2.68194557396811	14.616240381246	8.8715554551609	-2.68194557396811	-2.68194557396811	-2.68194557396811	-2.68194557396811	-2.68194557396811	-2.68194557396811	-2.68194557396811	-2.68194557396811	-2.68194557396811	-2.68194557396811	-2.68194557396811	12.49157071836	-2.68194557396811	-2.68194557396811	-2.68194557396811	-2.68194557396811	-2.68194557396811	-2.68194557396811	-2.68194557396811	-2.68194557396811	-2.68194557396811	-2.68194557396811	-2.68194557396811	-2.68194557396811	-2.68194557396811	-2.68194557396811	9.00754323439372	-2.68194557396811	-2.68194557396811	-2.68194557396811	-2.68194557396811	-2.68194557396811	-2.68194557396811	-2.68194557396811	6.79620574081744	5.9433842760527	-2.68194557396811	-2.68194557396811	-2.68194557396811	7.49275162245126	-2.68194557396811	-2.68194557396811	-2.68194557396811	9.68743993581022	-2.68194557396811	-2.68194557396811	-2.68194557396811	-2.68194557396811	-2.68194557396811	-2.68194557396811	-2.68194557396811	-2.68194557396811	-2.68194557396811	9.77919942997029	11.7290282195992	9.35340399163266	11.4037226470415	10.8308247713483	-2.68194557396811	-2.68194557396811	-2.68194557396811	-2.68194557396811	-2.68194557396811	-2.68194557396811	-2.68194557396811	12.8390529842533	10.7214694430698	-2.68194557396811	-2.68194557396811	-2.68194557396811	-2.68194557396811	-2.68194557396811	-2.68194557396811	-2.68194557396811	-2.68194557396811	5.03273189983281	-2.68194557396811	-2.68194557396811	6.89380150887025	-2.68194557396811	-2.68194557396811	-2.68194557396811	-2.68194557396811	-2.68194557396811	-2.68194557396811	5.95764222566173	-2.68194557396811	-2.68194557396811	-2.68194557396811	-2.68194557396811	8.17283299162679	-2.68194557396811	5.76073956527306	-2.68194557396811	-2.68194557396811	7.9119604395567	-2.68194557396811	9.09212032997751	-2.68194557396811
PSM7J19B	-5.39028516168156	-5.39028516168156	6.46871627605258	-5.39028516168156	1.23112049008258	3.72255262893338	4.32813707338955	0.785582108424202	9.35982784067017	-5.39028516168156	-5.39028516168156	-5.39028516168156	-5.39028516168156	0.498592796651321	-5.39028516168156	3.55491710227774	-5.39028516168156	9.19666652555896	10.8539453070607	9.46719360940449	11.4597475690491	11.9384771695415	8.71741056456246	-5.39028516168156	-5.39028516168156	-5.39028516168156	-5.39028516168156	9.30641979404731	-5.39028516168156	-0.0869802536224835	-5.39028516168156	5.75347337265291	9.87175865777927	6.80533807847847	8.67713598016089	-5.39028516168156	8.67499607804433	-5.39028516168156	4.84254210857324	6.56264209466707	-5.39028516168156	-5.39028516168156	-5.39028516168156	5.12625061215889	2.63947335875926	-5.39028516168156	-5.39028516168156	-5.39028516168156	-5.39028516168156	3.36450660201847	-5.39028516168156	-5.39028516168156	-5.39028516168156	-5.39028516168156	-5.39028516168156	5.48834676552243	5.99799502621897	-5.39028516168156	3.15860047646717	-5.39028516168156	-5.39028516168156	7.6042925703467	-5.39028516168156	-5.39028516168156	7.71416065057999	4.35485123469919	-5.39028516168156	-5.39028516168156	3.34861054325248	5.95091441362808	3.24575716357306	4.4577425336502	-5.39028516168156	-5.39028516168156	3.87463808806491	-5.39028516168156	-5.39028516168156	8.14705923690602	3.34056674183767	-5.39028516168156	-5.39028516168156	4.62568250193857	-5.39028516168156	-5.39028516168156	3.35659015788847	-5.39028516168156	-5.39028516168156	6.23669194148796	9.26813263196859	8.79647235087799	-5.39028516168156	3.9109008935942	4.92666873684822	-5.39028516168156	-5.39028516168156	7.10909495403938	8.7664726429476	6.16398376182293	3.1910089551412	-5.39028516168156	-5.39028516168156	-5.39028516168156	3.86129311831087	7.24533038143581	-5.39028516168156	10.1966462646064	-5.39028516168156	-5.39028516168156	-5.39028516168156	-5.39028516168156	-5.39028516168156	-5.39028516168156	-5.39028516168156	7.51556513418052	-5.39028516168156	5.87316561022807	4.69473196744831	-5.39028516168156	-5.39028516168156	-5.39028516168156	4.46930274856455	4.96653660416692
PSM7J19J	-4.72130819322047	-4.72130819322047	8.75681310778794	-4.72130819322047	2.94772009536921	5.30576773356027	6.46811456598321	-4.72130819322047	10.5113413515653	-4.72130819322047	-4.72130819322047	-4.72130819322047	-4.72130819322047	-4.72130819322047	-4.72130819322047	8.3308708889477	-4.72130819322047	10.5188543262577	12.6388710614136	8.48141968622988	11.4546422235129	11.4045632477721	8.44868467503253	-4.72130819322047	-4.72130819322047	-4.72130819322047	-4.72130819322047	9.64988528623143	-4.72130819322047	-4.72130819322047	-4.72130819322047	5.78214160014791	11.3613665800569	6.92772908223063	9.57783211036295	-4.72130819322047	9.42738419390693	-4.72130819322047	8.91921901731094	8.67956683657297	-4.72130819322047	7.62279010559829	-4.72130819322047	3.67281300060577	-4.72130819322047	-4.72130819322047	4.9813475397626	-4.72130819322047	-4.72130819322047	3.16514907775722	-4.72130819322047	-4.72130819322047	-4.72130819322047	-4.72130819322047	-4.72130819322047	10.4258427908439	6.02549071270383	-4.72130819322047	-4.72130819322047	-4.72130819322047	-4.72130819322047	8.29884747099475	-4.72130819322047	-4.72130819322047	9.16394388925346	-4.72130819322047	-4.72130819322047	-4.72130819322047	-4.72130819322047	7.65783922237194	-4.72130819322047	-4.72130819322047	5.24238036200641	-4.72130819322047	5.53498181484051	-4.72130819322047	-4.72130819322047	-4.72130819322047	-4.72130819322047	-4.72130819322047	-4.72130819322047	-4.72130819322047	-4.72130819322047	-4.72130819322047	-4.72130819322047	-4.72130819322047	-4.72130819322047	-4.72130819322047	9.54327661965225	8.6478074438032	-4.72130819322047	5.25315027318623	6.74558380439771	-4.72130819322047	-4.72130819322047	-4.72130819322047	10.0371977325117	5.17922499948922	4.9484171288533	-4.72130819322047	6.16820135666348	-4.72130819322047	2.91929563317316	7.90997009428302	-4.72130819322047	10.6865207710905	-4.72130819322047	-4.72130819322047	-4.72130819322047	-4.72130819322047	-4.72130819322047	-4.72130819322047	-4.72130819322047	7.97399149702318	-4.72130819322047	5.85361759671338	-4.72130819322047	3.7299588480796	6.61465333723224	-4.72130819322047	4.50303369839152	-4.72130819322047
PSM7J1A2	-3.05106318914252	-3.05106318914252	12.0396651866579	-3.05106318914252	-3.05106318914252	-3.05106318914252	-3.05106318914252	-3.05106318914252	-3.05106318914252	-3.05106318914252	-3.05106318914252	-3.05106318914252	-3.05106318914252	-3.05106318914252	-3.05106318914252	-3.05106318914252	-3.05106318914252	-3.05106318914252	-3.05106318914252	-3.05106318914252	-3.05106318914252	4.46155435553199	-3.05106318914252	-3.05106318914252	-3.05106318914252	-3.05106318914252	-3.05106318914252	-3.05106318914252	-3.05106318914252	-3.05106318914252	-3.05106318914252	-3.05106318914252	-3.05106318914252	-3.05106318914252	-3.05106318914252	-3.05106318914252	-3.05106318914252	-3.05106318914252	6.87276606105152	5.96702649496182	8.48929260087573	9.41418016534235	-3.05106318914252	-3.05106318914252	11.3768404637388	-3.05106318914252	-3.05106318914252	-3.05106318914252	-3.05106318914252	-3.05106318914252	-3.05106318914252	-3.05106318914252	-3.05106318914252	-3.05106318914252	-3.05106318914252	-3.05106318914252	-3.05106318914252	-3.05106318914252	13.4919524897181	-3.05106318914252	-3.05106318914252	-3.05106318914252	-3.05106318914252	-3.05106318914252	-3.05106318914252	-3.05106318914252	-3.05106318914252	7.17526844281344	-3.05106318914252	11.9716243343362	-3.05106318914252	13.1595059857498	4.7853065714026	-3.05106318914252	12.2792912649452	-3.05106318914252	-3.05106318914252	-3.05106318914252	-3.05106318914252	-3.05106318914252	-3.05106318914252	8.50751418749664	-3.05106318914252	-3.05106318914252	7.95471321853414	-3.05106318914252	-3.05106318914252	-3.05106318914252	-3.05106318914252	12.4636877761162	-3.05106318914252	-3.05106318914252	13.228042788945	-3.05106318914252	-3.05106318914252	-3.05106318914252	-3.05106318914252	11.9802769034878	-3.05106318914252	12.1913511418678	-3.05106318914252	10.4214512981963	-3.05106318914252	-3.05106318914252	12.310447167781	-3.05106318914252	-3.05106318914252	-3.05106318914252	10.4137559166107	11.5916668581847	10.4563870634447	12.410691736278	9.14814092191804	-3.05106318914252	-3.05106318914252	-3.05106318914252	-3.05106318914252	11.84170696947	10.3958314139404	-3.05106318914252	-3.05106318914252	-3.05106318914252
PSM7J1AU	-2.83171510308598	7.80199862825152	6.41794213126716	7.05315012532206	-2.83171510308598	-2.83171510308598	-2.83171510308598	-2.83171510308598	13.2206382091037	-2.83171510308598	-2.83171510308598	-2.83171510308598	-2.83171510308598	-2.83171510308598	-2.83171510308598	9.89452241930426	-2.83171510308598	13.1578186155719	-2.83171510308598	14.3226886529662	-2.83171510308598	14.6650897391893	-2.83171510308598	-2.83171510308598	-2.83171510308598	-2.83171510308598	-2.83171510308598	-2.83171510308598	-2.83171510308598	-2.83171510308598	-2.83171510308598	-2.83171510308598	-2.83171510308598	-2.83171510308598	11.6281414962086	-2.83171510308598	-2.83171510308598	-2.83171510308598	-2.83171510308598	-2.83171510308598	-2.83171510308598	-2.83171510308598	-2.83171510308598	-2.83171510308598	-2.83171510308598	-2.83171510308598	-2.83171510308598	-2.83171510308598	-2.83171510308598	7.27189299360682	-2.83171510308598	-2.83171510308598	-2.83171510308598	-2.83171510308598	-2.83171510308598	-2.83171510308598	-2.83171510308598	8.59271788861282	-2.83171510308598	-2.83171510308598	-2.83171510308598	-2.83171510308598	8.89350325717419	-2.83171510308598	-2.83171510308598	-2.83171510308598	8.5300502059795	-2.83171510308598	-2.83171510308598	-2.83171510308598	-2.83171510308598	-2.83171510308598	-2.83171510308598	-2.83171510308598	-2.83171510308598	-2.83171510308598	11.8836888827558	10.5576647772464	10.6562228983601	10.0967018093489	10.8313212023945	-2.83171510308598	-2.83171510308598	-2.83171510308598	-2.83171510308598	8.90811483206869	-2.83171510308598	-2.83171510308598	12.5211380453419	9.41560024845296	-2.83171510308598	-2.83171510308598	-2.83171510308598	-2.83171510308598	-2.83171510308598	-2.83171510308598	-2.83171510308598	-2.83171510308598	-2.83171510308598	-2.83171510308598	-2.83171510308598	-2.83171510308598	-2.83171510308598	-2.83171510308598	-2.83171510308598	-2.83171510308598	-2.83171510308598	-2.83171510308598	4.10656938093098	6.97751671352443	-2.83171510308598	-2.83171510308598	-2.83171510308598	9.42024349346624	-2.83171510308598	6.75163605344476	-2.83171510308598	-2.83171510308598	5.02421709663264	7.60800262743787	9.97242726611774	-2.83171510308598
PSM7J1BF	-4.57170089347115	-4.57170089347115	5.2925779458397	-4.57170089347115	-4.57170089347115	-4.57170089347115	-4.57170089347115	-4.57170089347115	10.6164996543783	-4.57170089347115	-4.57170089347115	12.4363058254999	-4.57170089347115	-4.57170089347115	-4.57170089347115	9.869775367715	-4.57170089347115	9.78093499901905	-4.57170089347115	7.9033334363825	11.3736057413139	12.1609770253964	-4.57170089347115	10.5481130254162	-4.57170089347115	-4.57170089347115	-4.57170089347115	9.5778510919473	-4.57170089347115	-4.57170089347115	9.27156198165366	-4.57170089347115	-4.57170089347115	-4.57170089347115	9.6942424020899	-4.57170089347115	9.86105857897141	-4.57170089347115	2.86137445542743	4.3349635162989	-4.57170089347115	3.10198723579658	-4.57170089347115	-4.57170089347115	-4.57170089347115	-4.57170089347115	-4.57170089347115	-4.57170089347115	-4.57170089347115	4.87773511603317	5.67328197316852	6.50752972754921	7.43830212210898	6.15751790868013	-4.57170089347115	8.50721412687352	-4.57170089347115	3.49638873280709	2.02271256627863	5.54895237869265	-4.57170089347115	3.73748363421515	6.94582397799397	6.05935942063991	-4.57170089347115	-4.57170089347115	-4.57170089347115	-4.57170089347115	-4.57170089347115	4.93138371654908	-4.57170089347115	4.98583967848122	-4.57170089347115	-4.57170089347115	-4.57170089347115	-4.57170089347115	10.4213905457181	10.6181506174393	7.59251276171107	11.4395109711303	10.7335313989547	-4.57170089347115	-4.57170089347115	-4.57170089347115	-4.57170089347115	-4.57170089347115	-4.57170089347115	-4.57170089347115	10.9531980647392	7.38283515624359	-4.57170089347115	-4.57170089347115	-4.57170089347115	-4.57170089347115	-4.57170089347115	-4.57170089347115	-4.57170089347115	-4.57170089347115	-4.57170089347115	-4.57170089347115	-4.57170089347115	-4.57170089347115	-4.57170089347115	6.53010852688206	-4.57170089347115	10.3306735433993	-4.57170089347115	6.66324197335608	5.89627626491651	8.57383394015161	6.37172762531801	7.32968593179106	5.57241643138646	-4.57170089347115	-4.57170089347115	-4.57170089347115	-4.57170089347115	-4.57170089347115	5.46548678745282	-4.57170089347115	-4.57170089347115	-4.57170089347115
PSM7J1CC	-5.42229211088723	-5.42229211088723	-5.42229211088723	5.96247038280653	7.18121683126325	-5.42229211088723	-5.42229211088723	-5.42229211088723	9.13593691522151	8.067461990852	10.2976934672551	-5.42229211088723	7.16143241610563	6.36402124982907	-5.42229211088723	-5.42229211088723	9.08548574064995	10.0318638379098	-5.42229211088723	8.35260580564091	11.345202103977	11.5556577104484	9.45315262202484	8.49112615946163	-5.42229211088723	-5.42229211088723	-5.42229211088723	8.05071546199359	-5.42229211088723	-5.42229211088723	9.26031515324068	6.05252642044697	9.86636252628714	6.04491397023788	8.84141795988285	-5.42229211088723	-5.42229211088723	-5.42229211088723	-5.42229211088723	-5.42229211088723	5.75894366283818	-5.42229211088723	-5.42229211088723	-5.42229211088723	-5.42229211088723	-5.42229211088723	-5.42229211088723	-5.42229211088723	8.9597366441969	6.54037687640471	-5.42229211088723	3.68944265733483	7.36530038177564	9.63440350664663	-5.42229211088723	5.71362449888461	-5.42229211088723	5.68568311340785	-5.42229211088723	6.82794573441945	5.79895664702493	5.8860784582051	7.13907803033528	7.11764580464914	-5.42229211088723	-5.42229211088723	7.02354912103072	-5.42229211088723	-5.42229211088723	-5.42229211088723	-5.42229211088723	-5.42229211088723	-5.42229211088723	-5.42229211088723	-5.42229211088723	-5.42229211088723	6.39355619376354	6.52255212484823	6.29911798652186	8.73966293793204	8.32016484195992	-5.42229211088723	6.40135545484746	7.25581647235013	2.40614424827036	3.38173279152595	-5.42229211088723	-5.42229211088723	10.9390587689597	-5.42229211088723	-5.42229211088723	-5.42229211088723	-5.42229211088723	-5.42229211088723	7.42663655009497	-5.42229211088723	-5.42229211088723	6.90347729351793	-5.42229211088723	-5.42229211088723	-5.42229211088723	-5.42229211088723	-5.42229211088723	4.20945233299862	-5.42229211088723	-5.42229211088723	-5.42229211088723	5.03107830366842	-5.42229211088723	-5.42229211088723	-5.42229211088723	6.49022122501829	-5.42229211088723	-5.42229211088723	-5.42229211088723	-5.42229211088723	2.47165302734873	4.15345497195113	3.91828673801268	3.13238952494	-5.42229211088723	-5.42229211088723
PSM7J1CU	9.98631851825268	7.74722533992127	9.37965063956301	-3.21389624455441	-3.21389624455441	-3.21389624455441	-3.21389624455441	-3.21389624455441	-3.21389624455441	-3.21389624455441	13.635127369684	-3.21389624455441	11.1493026801936	-3.21389624455441	-3.21389624455441	-3.21389624455441	11.8972235576137	11.4172361733008	11.9688815514524	-3.21389624455441	12.3784514970772	-3.21389624455441	-3.21389624455441	-3.21389624455441	-3.21389624455441	-3.21389624455441	-3.21389624455441	-3.21389624455441	-3.21389624455441	-3.21389624455441	-3.21389624455441	-3.21389624455441	-3.21389624455441	-3.21389624455441	-3.21389624455441	-3.21389624455441	10.6958612008464	-3.21389624455441	-3.21389624455441	-3.21389624455441	-3.21389624455441	-3.21389624455441	-3.21389624455441	-3.21389624455441	-3.21389624455441	-3.21389624455441	-3.21389624455441	-3.21389624455441	12.2755190569119	8.82500549130701	-3.21389624455441	-3.21389624455441	-3.21389624455441	11.3388171346165	-3.21389624455441	-3.21389624455441	-3.21389624455441	10.5876888019854	11.2247901081796	-3.21389624455441	-3.21389624455441	-3.21389624455441	-3.21389624455441	-3.21389624455441	-3.21389624455441	-3.21389624455441	-3.21389624455441	5.97327784938994	-3.21389624455441	-3.21389624455441	-3.21389624455441	4.37746080214415	-3.21389624455441	-3.21389624455441	8.15332113471769	-3.21389624455441	-3.21389624455441	13.4430607896753	10.0324902144161	13.3677460465917	-3.21389624455441	-3.21389624455441	-3.21389624455441	-3.21389624455441	-3.21389624455441	-3.21389624455441	-3.21389624455441	-3.21389624455441	13.2734790463387	8.87159507876497	-3.21389624455441	-3.21389624455441	-3.21389624455441	-3.21389624455441	-3.21389624455441	-3.21389624455441	-3.21389624455441	-3.21389624455441	-3.21389624455441	6.79534674564759	5.16426473816627	7.98693149701625	-3.21389624455441	-3.21389624455441	-3.21389624455441	-3.21389624455441	-3.21389624455441	-3.21389624455441	4.64203595516421	4.96950112544403	-3.21389624455441	4.56974435166685	-3.21389624455441	-3.21389624455441	7.92841471349335	-3.21389624455441	-3.21389624455441	8.40878904490827	-3.21389624455441	-3.21389624455441	-3.21389624455441	-3.21389624455441
PSMA263W	-2.67798695810929	-2.67798695810929	8.26384965430152	-2.67798695810929	-2.67798695810929	-2.67798695810929	-2.67798695810929	-2.67798695810929	-2.67798695810929	-2.67798695810929	-2.67798695810929	-2.67798695810929	-2.67798695810929	-2.67798695810929	-2.67798695810929	-2.67798695810929	-2.67798695810929	14.5161699748841	-2.67798695810929	-2.67798695810929	-2.67798695810929	-2.67798695810929	-2.67798695810929	-2.67798695810929	-2.67798695810929	-2.67798695810929	-2.67798695810929	-2.67798695810929	-2.67798695810929	-2.67798695810929	-2.67798695810929	-2.67798695810929	-2.67798695810929	-2.67798695810929	14.9869707648271	-2.67798695810929	-2.67798695810929	-2.67798695810929	-2.67798695810929	-2.67798695810929	-2.67798695810929	-2.67798695810929	-2.67798695810929	-2.67798695810929	11.0612374109549	-2.67798695810929	-2.67798695810929	-2.67798695810929	-2.67798695810929	-2.67798695810929	-2.67798695810929	-2.67798695810929	-2.67798695810929	10.8570435306059	-2.67798695810929	8.50478029476711	-2.67798695810929	-2.67798695810929	10.9982167039305	-2.67798695810929	-2.67798695810929	-2.67798695810929	-2.67798695810929	12.6672797894527	-2.67798695810929	-2.67798695810929	-2.67798695810929	6.13351629204895	-2.67798695810929	12.111000011864	9.15478036499431	11.153939124842	9.78203386655533	-2.67798695810929	12.3623105785144	-2.67798695810929	-2.67798695810929	-2.67798695810929	-2.67798695810929	-2.67798695810929	-2.67798695810929	-2.67798695810929	-2.67798695810929	-2.67798695810929	-2.67798695810929	-2.67798695810929	-2.67798695810929	-2.67798695810929	-2.67798695810929	11.7127657998236	-2.67798695810929	-2.67798695810929	-2.67798695810929	-2.67798695810929	-2.67798695810929	-2.67798695810929	-2.67798695810929	-2.67798695810929	-2.67798695810929	6.7839677971568	-2.67798695810929	11.3927323244003	-2.67798695810929	-2.67798695810929	-2.67798695810929	-2.67798695810929	-2.67798695810929	-2.67798695810929	9.84817807520793	10.0945948045328	9.48466135141203	11.8704302906987	7.81387042258954	-2.67798695810929	-2.67798695810929	-2.67798695810929	8.15452984574918	11.9920244562683	8.06385140621916	-2.67798695810929	-2.67798695810929	-2.67798695810929
PSMA264Q	7.55870827221348	-3.2859772359029	7.66799971845286	-3.2859772359029	-3.2859772359029	-3.2859772359029	-3.2859772359029	-3.2859772359029	12.6380433759073	-3.2859772359029	-3.2859772359029	-3.2859772359029	-3.2859772359029	-3.2859772359029	11.1075170952406	-3.2859772359029	10.3299488142615	10.4898887590964	10.5564682967265	10.6955993033265	11.5762770631963	12.7962602262753	8.60682882696265	-3.2859772359029	-3.2859772359029	-3.2859772359029	-3.2859772359029	-3.2859772359029	-3.2859772359029	14.6200306765946	-3.2859772359029	-3.2859772359029	-3.2859772359029	-3.2859772359029	11.4296950785096	-3.2859772359029	11.019493365797	-3.2859772359029	-3.2859772359029	-3.2859772359029	6.60801538207142	6.20811248549735	-3.2859772359029	-3.2859772359029	-3.2859772359029	-3.2859772359029	-3.2859772359029	-3.2859772359029	-3.2859772359029	-3.2859772359029	-3.2859772359029	-3.2859772359029	-3.2859772359029	-3.2859772359029	-3.2859772359029	-3.2859772359029	-3.2859772359029	6.90834989890009	7.14404195272083	-3.2859772359029	-3.2859772359029	8.07869181056803	-3.2859772359029	-3.2859772359029	-3.2859772359029	-3.2859772359029	-3.2859772359029	3.64256058226176	-3.2859772359029	6.56152180642437	-3.2859772359029	-3.2859772359029	-3.2859772359029	-3.2859772359029	8.03337561584335	-3.2859772359029	8.17239700179615	11.4456284348033	9.99877876302268	9.23877093432961	9.15097297619453	-3.2859772359029	-3.2859772359029	-3.2859772359029	-3.2859772359029	-3.2859772359029	-3.2859772359029	-3.2859772359029	11.7352379259564	10.3831667671703	-3.2859772359029	-3.2859772359029	-3.2859772359029	-3.2859772359029	-3.2859772359029	-3.2859772359029	-3.2859772359029	7.38879839757711	-3.2859772359029	-3.2859772359029	-3.2859772359029	-3.2859772359029	-3.2859772359029	-3.2859772359029	-3.2859772359029	-3.2859772359029	-3.2859772359029	8.97406736320183	-3.2859772359029	-3.2859772359029	-3.2859772359029	-3.2859772359029	-3.2859772359029	-3.2859772359029	4.97270426036133	-3.2859772359029	-3.2859772359029	-3.2859772359029	-3.2859772359029	-3.2859772359029	-3.2859772359029	-3.2859772359029
PSMA265H	8.53381648254963	-3.78407030909471	9.29747315712052	-3.78407030909471	-3.78407030909471	-3.78407030909471	-3.78407030909471	-3.78407030909471	-3.78407030909471	-3.78407030909471	-3.78407030909471	-3.78407030909471	-3.78407030909471	-3.78407030909471	-3.78407030909471	-3.78407030909471	-3.78407030909471	-3.78407030909471	-3.78407030909471	-3.78407030909471	-3.78407030909471	-3.78407030909471	-3.78407030909471	-3.78407030909471	-3.78407030909471	-3.78407030909471	-3.78407030909471	-3.78407030909471	-3.78407030909471	-3.78407030909471	-3.78407030909471	-3.78407030909471	-3.78407030909471	-3.78407030909471	-3.78407030909471	-3.78407030909471	-3.78407030909471	-3.78407030909471	8.50914745448136	4.58020477589681	8.54214259166552	7.13520935973836	-3.78407030909471	-3.78407030909471	7.78496134965939	-3.78407030909471	-3.78407030909471	-3.78407030909471	-3.78407030909471	-3.78407030909471	-3.78407030909471	11.5673782196465	-3.78407030909471	10.0984360608934	-3.78407030909471	-3.78407030909471	7.07514020455928	8.45224537055639	11.1928836644069	-3.78407030909471	-3.78407030909471	-3.78407030909471	-3.78407030909471	-3.78407030909471	10.5377944908911	-3.78407030909471	-3.78407030909471	4.84305294169372	-3.78407030909471	9.18861138761333	-3.78407030909471	8.00437101922829	-3.78407030909471	-3.78407030909471	10.19040020272	-3.78407030909471	13.6699920211894	9.28337426232176	7.33360272044352	12.1852191381803	9.80161316240982	-3.78407030909471	-3.78407030909471	-3.78407030909471	7.24582302306026	-3.78407030909471	9.44670073667849	8.16233094293417	13.5193509936752	10.8044798181134	-3.78407030909471	-3.78407030909471	-3.78407030909471	-3.78407030909471	-3.78407030909471	-3.78407030909471	-3.78407030909471	7.92039245034278	6.38066550078917	-3.78407030909471	-3.78407030909471	-3.78407030909471	7.25357362296773	-3.78407030909471	6.86873206941455	-3.78407030909471	-3.78407030909471	-3.78407030909471	-3.78407030909471	9.07508504798024	8.00672171338605	8.43571291541865	6.58538147529538	-3.78407030909471	-3.78407030909471	-3.78407030909471	-3.78407030909471	8.43911015953563	5.69484576559351	-3.78407030909471	-3.78407030909471	-3.78407030909471
PSMA265N	-3.89488796719621	-3.89488796719621	11.0181813246422	-3.89488796719621	-3.89488796719621	6.4561978280484	7.1730152199174	-3.89488796719621	10.6394233854231	-3.89488796719621	-3.89488796719621	-3.89488796719621	-3.89488796719621	-3.89488796719621	-3.89488796719621	10.3963541590048	-3.89488796719621	8.28186399773921	12.0444578607261	-3.89488796719621	13.5756629309122	12.8607005481716	9.67624391161853	-3.89488796719621	-3.89488796719621	-3.89488796719621	-3.89488796719621	10.793016188055	-3.89488796719621	3.93752295999171	-3.89488796719621	-3.89488796719621	-3.89488796719621	4.02119012910658	-3.89488796719621	-3.89488796719621	11.5198911703698	-3.89488796719621	-3.89488796719621	-3.89488796719621	-3.89488796719621	7.35837258677161	-3.89488796719621	-3.89488796719621	-3.89488796719621	-3.89488796719621	6.18762404601458	-3.89488796719621	-3.89488796719621	5.92961048908955	-3.89488796719621	-3.89488796719621	-3.89488796719621	-3.89488796719621	-3.89488796719621	7.55116024393189	-3.89488796719621	-3.89488796719621	4.97451019268731	-3.89488796719621	-3.89488796719621	9.21805315989588	-3.89488796719621	-3.89488796719621	8.82008144304681	-3.89488796719621	-3.89488796719621	-3.89488796719621	-3.89488796719621	7.51302136725327	5.54187058862784	-3.89488796719621	5.26531633528618	-3.89488796719621	7.13694865393811	-3.89488796719621	11.8216371320146	-3.89488796719621	6.00011368168962	-3.89488796719621	-3.89488796719621	-3.89488796719621	-3.89488796719621	-3.89488796719621	-3.89488796719621	-3.89488796719621	-3.89488796719621	5.96887074311092	11.1812746441528	9.5438775837754	-3.89488796719621	7.65090151139319	10.8055757913998	-3.89488796719621	-3.89488796719621	-3.89488796719621	8.67095831635744	7.18372528410814	5.88874565686444	-3.89488796719621	-3.89488796719621	-3.89488796719621	-3.89488796719621	9.37201029179137	-3.89488796719621	10.4864709160298	4.41429656049009	-3.89488796719621	-3.89488796719621	-3.89488796719621	-3.89488796719621	-3.89488796719621	-3.89488796719621	-3.89488796719621	-3.89488796719621	-3.89488796719621	-3.89488796719621	-3.89488796719621	6.39695244383812	-3.89488796719621	-3.89488796719621	-3.89488796719621
PSMA265T	-4.60029968730377	-4.60029968730377	-4.60029968730377	-4.60029968730377	-4.60029968730377	4.38451930857224	6.14671433715167	4.6319000190253	12.3052624241487	-4.60029968730377	-4.60029968730377	-4.60029968730377	-4.60029968730377	-4.60029968730377	-4.60029968730377	10.2023033436966	-4.60029968730377	8.70925835399749	11.6862975463406	-4.60029968730377	11.1966937408762	12.4318470293478	9.90644672580119	-4.60029968730377	-4.60029968730377	-4.60029968730377	-4.60029968730377	9.86707292863961	-4.60029968730377	-4.60029968730377	-4.60029968730377	-4.60029968730377	-4.60029968730377	6.79205009620215	-4.60029968730377	-4.60029968730377	9.29820092295125	-4.60029968730377	5.77540778668712	5.7979145944086	5.48970892509006	-4.60029968730377	-4.60029968730377	-4.60029968730377	9.37573917016842	-4.60029968730377	5.45723854005928	-4.60029968730377	-4.60029968730377	5.45638094384875	-4.60029968730377	-4.60029968730377	-4.60029968730377	-4.60029968730377	-4.60029968730377	7.23999239799125	-4.60029968730377	-4.60029968730377	6.7296760235979	-4.60029968730377	-4.60029968730377	7.75751072932937	-4.60029968730377	-4.60029968730377	8.6262453111351	6.50407090113621	-4.60029968730377	4.76712989991518	4.87938056287633	7.76853360850735	5.28558381928399	-4.60029968730377	4.29820252234287	-4.60029968730377	8.37734076236174	-4.60029968730377	11.3212676876248	-4.60029968730377	-4.60029968730377	-4.60029968730377	-4.60029968730377	3.04986901354123	-4.60029968730377	-4.60029968730377	-4.60029968730377	-4.60029968730377	-4.60029968730377	8.47959659314102	7.76316552032727	10.4132071510935	-4.60029968730377	5.62675576937345	9.23129187542023	-4.60029968730377	-4.60029968730377	-4.60029968730377	8.72922581601845	9.88211725330941	6.31079901018421	-4.60029968730377	6.24438582081261	-4.60029968730377	5.31960240650045	8.84961194042536	-4.60029968730377	8.30124493435379	5.28201529999955	-4.60029968730377	-4.60029968730377	-4.60029968730377	-4.60029968730377	-4.60029968730377	-4.60029968730377	-4.60029968730377	-4.60029968730377	-4.60029968730377	7.67399686747099	-4.60029968730377	-4.60029968730377	-4.60029968730377	-4.60029968730377	-4.60029968730377
PSMA265X	-4.24596192817664	-4.24596192817664	8.49689936590667	-4.24596192817664	-4.24596192817664	8.24822144791829	4.5832644265552	-4.24596192817664	-4.24596192817664	-4.24596192817664	-4.24596192817664	-4.24596192817664	-4.24596192817664	-4.24596192817664	-4.24596192817664	11.7681801058664	-4.24596192817664	8.19055157842009	-4.24596192817664	9.39485113582584	12.3997091422211	13.4275244681889	-4.24596192817664	-4.24596192817664	-4.24596192817664	-4.24596192817664	-4.24596192817664	-4.24596192817664	-4.24596192817664	-4.24596192817664	9.82947993701342	-4.24596192817664	-4.24596192817664	-4.24596192817664	9.82683927596266	-4.24596192817664	10.1813724079345	-4.24596192817664	-4.24596192817664	-4.24596192817664	-4.24596192817664	-4.24596192817664	-4.24596192817664	9.10627589714785	-4.24596192817664	-4.24596192817664	-4.24596192817664	3.54597402876141	8.34765283054925	7.2774186906972	5.55499443571182	-4.24596192817664	8.70190757602473	8.77876877451877	8.8315316902176	7.7776951561413	-4.24596192817664	6.29492222314811	3.85298482076669	9.4452329276542	-4.24596192817664	-4.24596192817664	8.14401851540136	-4.24596192817664	5.99866552191109	-4.24596192817664	9.53159854903898	-4.24596192817664	-4.24596192817664	4.43860837264772	-4.24596192817664	-4.24596192817664	-4.24596192817664	-4.24596192817664	5.95803754124936	-4.24596192817664	9.73057930238028	-4.24596192817664	-4.24596192817664	9.21848789663336	5.58231704676173	-4.24596192817664	-4.24596192817664	-4.24596192817664	-4.24596192817664	-4.24596192817664	6.21973803814217	-4.24596192817664	11.8782769146795	9.79498634748854	-4.24596192817664	4.04583517687209	-4.24596192817664	-4.24596192817664	-4.24596192817664	-4.24596192817664	7.78974342279443	5.03957867636247	7.56098298558797	-4.24596192817664	-4.24596192817664	-4.24596192817664	-4.24596192817664	7.91814744682549	-4.24596192817664	-4.24596192817664	-4.24596192817664	-4.24596192817664	-4.24596192817664	-4.24596192817664	-4.24596192817664	-4.24596192817664	-4.24596192817664	-4.24596192817664	7.15021621460079	-4.24596192817664	5.82053693261894	5.10683241159447	4.64155266921218	-4.24596192817664	-4.24596192817664	-4.24596192817664
PSMA266C	0	0	0	0	0	0	0	0	0	0	0	0	0	0	0	0	0	0	0	0	0	0	0	0	0	0	0	0	0	0	0	0	0	0	0	0	0	0	0	0	0	0	0	0	0	0	0	0	0	0	0	0	0	0	0	0	0	0	0	0	0	0	0	0	0	0	0	0	0	0	0	0	0	0	0	0	0	0	0	0	0	0	0	0	0	0	0	0	0	0	0	0	0	0	0	0	0	0	0	0	0	0	0	0	0	0	0	0	0	0	0	0	0	0	0	0	0	0	0	0	0	0
PSMA266I	6.92569438800761	-5.462495626805	6.98836855244353	-5.462495626805	6.82599075943084	-5.462495626805	-5.462495626805	-5.462495626805	-5.462495626805	-5.462495626805	11.9416223181413	8.75174474131953	-5.462495626805	-5.462495626805	-5.462495626805	9.61011163828628	-5.462495626805	8.54029169063292	-5.462495626805	-5.462495626805	11.5155803072694	2.47165960673133	-5.462495626805	9.70803557791604	-5.462495626805	-5.462495626805	-5.462495626805	8.949056871758	-5.462495626805	-5.462495626805	8.7796810347961	6.79394213248633	10.5600414234951	5.97851484429133	8.31965564622351	-5.462495626805	-5.462495626805	-5.462495626805	-5.462495626805	-5.462495626805	-5.462495626805	-5.462495626805	-5.462495626805	4.50401367214729	-5.462495626805	4.27144838129639	-5.462495626805	-5.462495626805	-5.462495626805	5.73092680672361	6.07922135582797	5.08864475495887	-5.462495626805	7.39764807567827	4.25412003183836	7.28764687818202	-5.462495626805	5.05512295486167	6.014709391924	8.21553403521846	5.63961544812585	7.13795084534347	5.7568772344817	7.21707765132097	7.07140845953495	-5.462495626805	8.42706525879444	-5.462495626805	-5.462495626805	-5.462495626805	-5.462495626805	-5.462495626805	-5.462495626805	-5.462495626805	4.14802926883543	-5.462495626805	6.96139038983441	-5.462495626805	-5.462495626805	-5.462495626805	2.42019657948403	-5.462495626805	7.01368430539794	-5.462495626805	2.73476774460934	5.88745197984632	5.09386383728918	5.47632711955112	10.1250224418075	8.13646335495692	7.05831841309518	-5.462495626805	-5.462495626805	-5.462495626805	-5.462495626805	5.21482007177322	6.2645003536904	6.48552494339153	-5.462495626805	-5.462495626805	-5.462495626805	-5.462495626805	-5.462495626805	8.18453828968726	-5.462495626805	-5.462495626805	-5.462495626805	-5.462495626805	-5.462495626805	-5.462495626805	-5.462495626805	-5.462495626805	-5.462495626805	6.71157538519938	-5.462495626805	6.17221374852695	3.8648274606568	5.44072266483912	2.94955924648794	3.53848081726535	8.29590581022206	-5.462495626805
PSMA266Q	-4.34288396075432	-4.34288396075432	6.24195649245904	-4.34288396075432	6.30446765063346	-4.34288396075432	-4.34288396075432	-4.34288396075432	-4.34288396075432	-4.34288396075432	13.0013338073809	11.1670802466682	-4.34288396075432	-4.34288396075432	-4.34288396075432	11.8343708623027	-4.34288396075432	9.61243288642786	-4.34288396075432	-4.34288396075432	12.3668277358817	4.06471755403182	-4.34288396075432	9.77992819195992	-4.34288396075432	-4.34288396075432	-4.34288396075432	10.1026800790402	-4.34288396075432	-4.34288396075432	8.53130263224084	5.44972789543587	11.0773254982468	5.61324347910598	9.47502471941492	-4.34288396075432	-4.34288396075432	-4.34288396075432	-4.34288396075432	-4.34288396075432	-4.34288396075432	-4.34288396075432	-4.34288396075432	7.65647811929919	-4.34288396075432	-4.34288396075432	-4.34288396075432	-4.34288396075432	-4.34288396075432	-4.34288396075432	7.12254100806705	9.01595924320077	-4.34288396075432	7.16523999539971	8.78534418522515	-4.34288396075432	-4.34288396075432	6.90530743397553	7.56842157260084	8.5462628019513	5.51565852573864	8.61543226118603	8.51397883909028	8.19887847250661	3.97853762614355	-4.34288396075432	8.52688388238887	-4.34288396075432	-4.34288396075432	-4.34288396075432	-4.34288396075432	-4.34288396075432	-4.34288396075432	-4.34288396075432	-4.34288396075432	-4.34288396075432	8.13241779372538	-4.34288396075432	-4.34288396075432	-4.34288396075432	-4.34288396075432	-4.34288396075432	8.91751987812682	-4.34288396075432	-4.34288396075432	7.44297281717177	-4.34288396075432	-4.34288396075432	11.8450213879975	8.71928557703359	4.59577891291179	-4.34288396075432	-4.34288396075432	-4.34288396075432	-4.34288396075432	-4.34288396075432	5.93323554279473	7.4311819431913	-4.34288396075432	-4.34288396075432	-4.34288396075432	-4.34288396075432	-4.34288396075432	9.52586494874681	-4.34288396075432	-4.34288396075432	-4.34288396075432	-4.34288396075432	-4.34288396075432	-4.34288396075432	-4.34288396075432	-4.34288396075432	-4.34288396075432	7.69276210144484	-4.34288396075432	7.56949524688413	-4.34288396075432	9.0636518374733	-4.34288396075432	-4.34288396075432	9.82418517484008	-4.34288396075432
PSMA2675	6.55767787198843	-4.08681802245899	8.57570114360344	-4.08681802245899	-4.08681802245899	7.59154560689358	-4.08681802245899	-4.08681802245899	-4.08681802245899	-4.08681802245899	-4.08681802245899	-4.08681802245899	-4.08681802245899	-4.08681802245899	-4.08681802245899	10.9123629336664	-4.08681802245899	9.06902074916216	-4.08681802245899	10.2666240526776	12.4173479341395	12.9246960110982	-4.08681802245899	-4.08681802245899	-4.08681802245899	-4.08681802245899	-4.08681802245899	-4.08681802245899	-4.08681802245899	-4.08681802245899	9.39654433674315	-4.08681802245899	-4.08681802245899	-4.08681802245899	10.4424954107685	-4.08681802245899	10.6851154880604	-4.08681802245899	6.97199291032929	-4.08681802245899	-4.08681802245899	-4.08681802245899	-4.08681802245899	7.5323665543106	-4.08681802245899	-4.08681802245899	-4.08681802245899	-4.08681802245899	9.92036275703913	5.15898601379276	-4.08681802245899	-4.08681802245899	9.94538411755737	8.58785414201526	7.54238712647832	8.35658111923508	-4.08681802245899	4.70967218487459	3.54412855843147	9.34866269098323	-4.08681802245899	-4.08681802245899	7.20310138174477	-4.08681802245899	1.85598135266771	-4.08681802245899	10.3032594251853	-4.08681802245899	-4.08681802245899	-4.08681802245899	-4.08681802245899	-4.08681802245899	-4.08681802245899	-4.08681802245899	2.7811563865113	-4.08681802245899	9.88821533107307	-4.08681802245899	8.0320668668913	11.0327869262328	8.6433054075964	-4.08681802245899	-4.08681802245899	-4.08681802245899	-4.08681802245899	-4.08681802245899	-4.08681802245899	-4.08681802245899	13.2267670807324	8.66373066698197	-4.08681802245899	9.24825223316116	-4.08681802245899	-4.08681802245899	-4.08681802245899	-4.08681802245899	9.96885130348191	-4.08681802245899	6.3879597628582	-4.08681802245899	-4.08681802245899	-4.08681802245899	-4.08681802245899	7.02579404154268	-4.08681802245899	-4.08681802245899	-4.08681802245899	7.59492996257037	-4.08681802245899	-4.08681802245899	-4.08681802245899	3.18627457354054	-4.08681802245899	4.4659353443558	7.44748725676648	-4.08681802245899	-4.08681802245899	-4.08681802245899	3.61889480143544	-4.08681802245899	-4.08681802245899	-4.08681802245899
PSMA267J	6.09712705708109	-3.61647036916113	8.00334344373658	-3.61647036916113	-3.61647036916113	-3.61647036916113	-3.61647036916113	-3.61647036916113	11.2611617146105	-3.61647036916113	-3.61647036916113	-3.61647036916113	-3.61647036916113	-3.61647036916113	11.2325203579668	-3.61647036916113	10.8018583131388	9.92885874968616	10.123854251238	10.0537612055069	11.6764726295173	11.9107297694327	7.29005425712008	-3.61647036916113	-3.61647036916113	-3.61647036916113	-3.61647036916113	-3.61647036916113	-3.61647036916113	14.3850379643926	-3.61647036916113	-3.61647036916113	-3.61647036916113	-3.61647036916113	10.5133040638114	-3.61647036916113	9.83718183417226	-3.61647036916113	-3.61647036916113	-3.61647036916113	4.59988796322503	3.77432815257455	-3.61647036916113	-3.61647036916113	-3.61647036916113	-3.61647036916113	-3.61647036916113	-3.61647036916113	10.0311787783402	-3.61647036916113	-3.61647036916113	7.75938602440015	-3.61647036916113	4.78441369985473	-3.61647036916113	-3.61647036916113	-3.61647036916113	-3.61647036916113	-3.61647036916113	-3.61647036916113	-3.61647036916113	6.24207211733183	-3.61647036916113	-3.61647036916113	-3.61647036916113	-3.61647036916113	-3.61647036916113	-3.61647036916113	-3.61647036916113	5.13199326078093	-3.61647036916113	-3.61647036916113	-3.61647036916113	2.63927967259224	5.95649719691312	-3.61647036916113	7.86919694503824	9.58984989168014	9.560515654184	8.38356777695135	9.84725470054174	3.35049676945285	-3.61647036916113	-3.61647036916113	-3.61647036916113	-3.61647036916113	7.17657372004652	-3.61647036916113	12.2961756408997	9.55628379549368	-3.61647036916113	-3.61647036916113	-3.61647036916113	5.370851443689	-3.61647036916113	-3.61647036916113	-3.61647036916113	-3.61647036916113	-3.61647036916113	-3.61647036916113	-3.61647036916113	-3.61647036916113	6.02766338291008	-3.61647036916113	-3.61647036916113	-3.61647036916113	-3.61647036916113	3.98493196542261	-3.61647036916113	-3.61647036916113	-3.61647036916113	-3.61647036916113	-3.61647036916113	-3.61647036916113	6.66240101944471	-3.61647036916113	-3.61647036916113	-3.61647036916113	4.97043543466641	5.10301039168994	-3.61647036916113	-3.61647036916113
PSMA267P	8.81520041620046	-4.10281908341542	6.16742739834679	-4.10281908341542	-4.10281908341542	-4.10281908341542	-4.10281908341542	-4.10281908341542	11.0776322111981	-4.10281908341542	-4.10281908341542	-4.10281908341542	-4.10281908341542	-4.10281908341542	10.0922170429761	-4.10281908341542	10.1927883699766	9.12242754375579	9.44341366651854	10.8167359819638	11.1273864431898	10.964188213142	5.76819692897374	-4.10281908341542	-4.10281908341542	-4.10281908341542	-4.10281908341542	-4.10281908341542	-4.10281908341542	13.9316049002347	-4.10281908341542	-4.10281908341542	-4.10281908341542	-4.10281908341542	10.5093293737853	-4.10281908341542	10.6151554559542	-4.10281908341542	-4.10281908341542	3.26929894492237	-4.10281908341542	-4.10281908341542	-4.10281908341542	-4.10281908341542	-4.10281908341542	-4.10281908341542	-4.10281908341542	-4.10281908341542	2.94556732530646	-4.10281908341542	-4.10281908341542	5.27227272416125	-4.10281908341542	5.88367600810431	-4.10281908341542	2.67823854252076	-4.10281908341542	5.30317030556558	1.20048582464366	-4.10281908341542	-4.10281908341542	6.91139047166699	-4.10281908341542	-4.10281908341542	-4.10281908341542	2.67823854252076	-4.10281908341542	-4.10281908341542	-4.10281908341542	5.09757195770709	-4.10281908341542	4.84498700964163	5.0499981023171	0.978585281569043	6.32867564109546	-4.10281908341542	7.44035426671253	10.0004017966016	9.33877009062451	9.16563572801968	9.1942217086311	5.40844036404454	-4.10281908341542	-4.10281908341542	-4.10281908341542	7.13053797081322	3.31835844517997	-4.10281908341542	10.6604076149851	9.11456534108931	-4.10281908341542	-4.10281908341542	-4.10281908341542	-4.10281908341542	-4.10281908341542	-4.10281908341542	-4.10281908341542	5.91001602595599	-4.10281908341542	-4.10281908341542	-4.10281908341542	-4.10281908341542	5.27312046921033	-4.10281908341542	-4.10281908341542	-4.10281908341542	-4.10281908341542	7.25719992735771	6.03972473889497	-4.10281908341542	3.04474018777403	4.17383004200644	-4.10281908341542	-4.10281908341542	-4.10281908341542	-4.10281908341542	-4.10281908341542	-4.10281908341542	6.3608840771281	-4.10281908341542	-4.10281908341542	-4.10281908341542
PSMA269W	6.72390240730495	-5.18235485395016	7.11703052326696	-5.18235485395016	-5.18235485395016	6.66726425170102	-5.18235485395016	2.23282025566313	-5.18235485395016	-5.18235485395016	-5.18235485395016	-5.18235485395016	-5.18235485395016	-5.18235485395016	-5.18235485395016	11.6884325339709	-5.18235485395016	7.65467302896684	-5.18235485395016	7.73782134537995	11.246985404729	11.9684123730386	-5.18235485395016	-5.18235485395016	-5.18235485395016	-5.18235485395016	-5.18235485395016	-5.18235485395016	-5.18235485395016	-5.18235485395016	8.36824048863624	-5.18235485395016	-5.18235485395016	-5.18235485395016	9.00206124830143	-5.18235485395016	10.009596932057	-5.18235485395016	3.1366312714419	5.52807720462395	-5.18235485395016	3.9893486344111	-5.18235485395016	7.87711345111451	7.52601011003774	-5.18235485395016	-5.18235485395016	7.13158965117222	8.42252232317803	5.85222831149827	-5.18235485395016	-5.18235485395016	7.43141706873948	8.39689018501983	6.16841632091562	6.77288824572462	-5.18235485395016	4.89218263534185	5.95064166205584	7.36741741900634	-5.18235485395016	-5.18235485395016	6.63776850493728	-5.18235485395016	-5.18235485395016	-5.18235485395016	5.9706188756882	-5.18235485395016	-5.18235485395016	5.5614275234322	1.54027494090528	-5.18235485395016	-5.18235485395016	-5.18235485395016	7.26368306110402	-5.18235485395016	7.87955976117353	-5.18235485395016	4.14674585374686	-5.18235485395016	4.21786179922408	4.24559377784155	-5.18235485395016	-5.18235485395016	3.74176903773585	-5.18235485395016	4.12701604148897	-5.18235485395016	11.3930992494379	9.12247225733764	-5.18235485395016	7.91723312183975	-5.18235485395016	-5.18235485395016	-5.18235485395016	-5.18235485395016	7.52185627283799	9.35022007465086	3.82354104414429	3.18192023104136	-5.18235485395016	-5.18235485395016	-5.18235485395016	7.8859556354145	-5.18235485395016	-5.18235485395016	-5.18235485395016	7.97626523290058	-5.18235485395016	-5.18235485395016	-5.18235485395016	7.90944827993765	-5.18235485395016	-5.18235485395016	4.92452242141331	-5.18235485395016	5.7101347134117	5.37322348215554	6.76287886319572	6.53677957826736	-5.18235485395016	-5.18235485395016
PSMA26A3	9.00346001657602	-4.02287912614747	7.72116599626258	-4.02287912614747	-4.02287912614747	7.52310386774476	-4.02287912614747	-4.02287912614747	-4.02287912614747	-4.02287912614747	-4.02287912614747	-4.02287912614747	-4.02287912614747	-4.02287912614747	-4.02287912614747	11.5160819028061	-4.02287912614747	9.03281225588075	-4.02287912614747	8.62932380971671	12.2219267938772	13.4180190435005	-4.02287912614747	-4.02287912614747	-4.02287912614747	-4.02287912614747	-4.02287912614747	-4.02287912614747	-4.02287912614747	-4.02287912614747	7.79459290294503	-4.02287912614747	-4.02287912614747	-4.02287912614747	9.54130828921221	-4.02287912614747	10.3715965230241	-4.02287912614747	-4.02287912614747	-4.02287912614747	-4.02287912614747	-4.02287912614747	-4.02287912614747	6.36244798386855	5.90143993596859	-4.02287912614747	-4.02287912614747	-4.02287912614747	9.08414926915501	6.80904509680637	-4.02287912614747	-4.02287912614747	9.06582611822831	10.2472237901317	-4.02287912614747	6.94378350209802	-4.02287912614747	5.67426053499185	4.13219576166397	9.16208527165148	-4.02287912614747	-4.02287912614747	7.28106453491464	-4.02287912614747	-4.02287912614747	-4.02287912614747	9.11659895559714	-4.02287912614747	-4.02287912614747	-4.02287912614747	-4.02287912614747	-4.02287912614747	-4.02287912614747	-4.02287912614747	7.2472229026792	-4.02287912614747	10.8156796631124	-4.02287912614747	9.15395539094111	10.5133650824999	8.36556090845967	-4.02287912614747	-4.02287912614747	-4.02287912614747	-4.02287912614747	-4.02287912614747	5.88315518065523	-4.02287912614747	13.1389332844417	9.09320658789639	-4.02287912614747	4.96693925521945	-4.02287912614747	-4.02287912614747	-4.02287912614747	-4.02287912614747	8.71532358333561	4.38472238863867	6.3753351555649	-4.02287912614747	-4.02287912614747	-4.02287912614747	-4.02287912614747	6.29440539461635	-4.02287912614747	-4.02287912614747	-4.02287912614747	8.50143268202852	-4.02287912614747	-4.02287912614747	-4.02287912614747	4.39802340495048	-4.02287912614747	-4.02287912614747	7.53865553423738	-4.02287912614747	-4.02287912614747	7.93665978819428	-4.02287912614747	-4.02287912614747	-4.02287912614747	-4.02287912614747
PSMB4MBK	8.49683323613497	-5.35404543091709	7.11416453025271	-5.35404543091709	6.584742363893	-5.35404543091709	-5.35404543091709	-5.35404543091709	9.88275518271674	-5.35404543091709	-5.35404543091709	-5.35404543091709	-5.35404543091709	-5.35404543091709	9.11782435289593	-5.35404543091709	9.18034876544533	7.00745279569397	8.71564289649578	8.66946336492277	9.38692212009596	10.4945329638168	5.55960563710203	-5.35404543091709	-5.35404543091709	-5.35404543091709	-5.35404543091709	-5.35404543091709	-5.35404543091709	10.2126423299623	-5.35404543091709	-5.35404543091709	-5.35404543091709	-5.35404543091709	8.71440123968692	-5.35404543091709	9.45355733913759	-5.35404543091709	2.87306280343105	-5.35404543091709	-5.35404543091709	-5.35404543091709	-5.35404543091709	-5.35404543091709	-5.35404543091709	-5.35404543091709	-5.35404543091709	-5.35404543091709	8.91922599357455	6.71930121186076	-5.35404543091709	8.03862138140443	-5.35404543091709	9.14351142011744	-5.35404543091709	2.70775684362125	-5.35404543091709	5.86747102519372	2.049015660173	-5.35404543091709	-5.35404543091709	8.55115134013763	3.88206014894511	-5.35404543091709	-5.35404543091709	6.48408185460625	-5.35404543091709	1.91208334863936	-5.35404543091709	5.78638053976743	-5.35404543091709	4.81644943657963	3.50546005360204	5.71572863496364	8.07508326989902	-5.35404543091709	10.4858194760738	10.831896794781	6.85512740405586	6.60459737439785	9.45600902786362	8.18029646288851	-5.35404543091709	-5.35404543091709	-5.35404543091709	8.62954491626476	5.723486505403	4.9179319936023	11.7004490619587	10.1522490820602	-5.35404543091709	-5.35404543091709	-5.35404543091709	6.12770923323975	-5.35404543091709	-5.35404543091709	-5.35404543091709	7.41038792955951	-5.35404543091709	4.89519261039954	6.092002780211	-5.35404543091709	7.28293587279967	-5.35404543091709	-5.35404543091709	-5.35404543091709	-5.35404543091709	9.59317074086389	-5.35404543091709	3.6844384341129	-5.35404543091709	-5.35404543091709	-5.35404543091709	-5.35404543091709	7.10624686309642	-5.35404543091709	-5.35404543091709	-5.35404543091709	5.41635351579512	-5.35404543091709	-5.35404543091709	-5.35404543091709
PSMB4MC5	4.9758384479299	-3.52542859293607	8.63413403690921	-3.52542859293607	-3.52542859293607	4.56742243460231	-3.52542859293607	-3.52542859293607	-3.52542859293607	-3.52542859293607	-3.52542859293607	-3.52542859293607	-3.52542859293607	-3.52542859293607	-3.52542859293607	11.7334112184707	-3.52542859293607	8.9182071408861	-3.52542859293607	9.45820361066859	11.5349023315475	13.9973223459227	-3.52542859293607	-3.52542859293607	-3.52542859293607	-3.52542859293607	-3.52542859293607	-3.52542859293607	-3.52542859293607	-3.52542859293607	8.32754129223226	-3.52542859293607	-3.52542859293607	-3.52542859293607	9.80325114946811	-3.52542859293607	10.6950342750112	-3.52542859293607	-3.52542859293607	-3.52542859293607	-3.52542859293607	-3.52542859293607	-3.52542859293607	4.79111612499332	-3.52542859293607	-3.52542859293607	-3.52542859293607	-3.52542859293607	8.9159572524314	7.92616387437879	6.41780837911734	-3.52542859293607	9.78887823534764	10.0394014786208	-3.52542859293607	10.9209446156361	-3.52542859293607	6.77753952936096	-3.52542859293607	11.3480670318733	-3.52542859293607	-3.52542859293607	7.38603512800872	-3.52542859293607	-3.52542859293607	-3.52542859293607	11.0738698037623	-3.52542859293607	-3.52542859293607	-3.52542859293607	-3.52542859293607	-3.52542859293607	-3.52542859293607	-3.52542859293607	-3.52542859293607	-3.52542859293607	11.4362554089754	-3.52542859293607	6.69290619512448	12.3597586099109	8.70465838642495	-3.52542859293607	-3.52542859293607	-3.52542859293607	-3.52542859293607	-3.52542859293607	-3.52542859293607	-3.52542859293607	13.377911580929	9.05815883084184	-3.52542859293607	-3.52542859293607	-3.52542859293607	-3.52542859293607	-3.52542859293607	-3.52542859293607	12.0083995735344	-3.52542859293607	3.48758719670356	-3.52542859293607	-3.52542859293607	-3.52542859293607	-3.52542859293607	-3.52542859293607	-3.52542859293607	-3.52542859293607	-3.52542859293607	6.56706644898458	3.469421392897	-3.52542859293607	-3.52542859293607	6.19539734499299	-3.52542859293607	-3.52542859293607	7.81909005465869	-3.52542859293607	-3.52542859293607	-3.52542859293607	7.5046268242815	-3.52542859293607	-3.52542859293607	-3.52542859293607
