feature	metadata	value	coef	stderr	N	N.not.0	pval	qval
C18n_QI6575	diagnosis	UC	12.798161844978	1.58371730783378	388	203	1.61019690805003e-12	8.11391015967423e-10
C18n_QI3061	diagnosis	UC	13.1684757040985	1.63288888948348	388	216	1.62278203193485e-12	8.11391015967423e-10
HILn_QI1058	diagnosis	UC	13.9588782857453	1.77039605585438	388	176	3.86854047136862e-12	1.28951349045621e-09
C18n_QI3676	diagnosis	UC	12.9884297685723	1.72647275864543	388	135	2.24665892427877e-11	5.61664731069693e-09
C18n_QI201	diagnosis	UC	13.5464154752444	1.81807767933631	388	197	3.39134944593471e-11	6.78269889186942e-09
HILp_QI8712	diagnosis	UC	15.3065681278269	2.09283512728611	388	223	7.15603882928433e-11	1.19267313821406e-08
HILn_QI999	diagnosis	UC	13.7598233124307	1.9125868801628	388	155	1.13744548134981e-10	1.47829627980974e-08
HILp_QI4857	diagnosis	UC	11.8644825568595	1.64971126747654	388	147	1.18263702384779e-10	1.47829627980974e-08
HILp_QI1201	diagnosis	UC	14.3776185983125	2.01495054456463	388	137	1.49522711587549e-10	1.66136346208388e-08
HILn_QI1296	diagnosis	UC	14.2706932254968	2.03203847138819	388	163	2.59985183522338e-10	2.59985183522338e-08
HILp_QI9491	diagnosis	UC	11.5472240647803	1.64650998682499	388	153	2.91214500798122e-10	2.6474045527102e-08
HILp_QI8656	diagnosis	UC	13.6334365896202	1.95695953946269	388	156	3.53566040281891e-10	2.94638366901576e-08
HILp_QI8713	diagnosis	UC	13.8761518434477	1.99510671900704	388	177	3.84402126047761e-10	2.95693943113663e-08
HILp_QI9439	diagnosis	UC	13.1557862873563	1.90179334160489	388	136	4.48289840046506e-10	3.20207028604647e-08
HILn_QI1278	diagnosis	UC	11.5340261936436	1.67458284451251	388	141	5.61410036237961e-10	3.30241197787036e-08
C18n_QI1037	diagnosis	UC	11.6673033894745	1.69817456950161	388	199	5.46670501726031e-10	3.30241197787036e-08
C18n_QI6117	diagnosis	UC	11.7640135482772	1.71010449439012	388	155	5.2233264024745e-10	3.30241197787036e-08
C18n_QI728	diagnosis	UC	12.809171706029	1.8731313349225	388	209	6.47324614100368e-10	3.59624785611315e-08
HILp_QI25039	diagnosis	UC	10.834513770188	1.59850844875789	388	117	9.13430275814021e-10	4.80752776744221e-08
HILn_QI1323	diagnosis	UC	11.7608621853744	1.74485869606453	388	142	1.01719338835955e-09	4.86793440593924e-08
HILp_QI8769	diagnosis	UC	11.0273776682431	1.63066567367766	388	185	1.03104509192343e-09	4.86793440593924e-08
HILn_QI2332	diagnosis	UC	10.7309706118742	1.5890331842488	388	195	1.07094556930663e-09	4.86793440593924e-08
HILn_QI1119	diagnosis	UC	14.3756452573067	2.14822027285849	388	143	1.29882409940401e-09	5.64706130175654e-08
C18n_QI3804	diagnosis	UC	11.3177172434818	1.69463305541018	388	291	1.39878415107617e-09	5.82826729615072e-08
HILp_QI15737	diagnosis	UC	12.0960770727884	1.81342857584442	388	310	1.58992873359901e-09	5.88862493925559e-08
C18n_QI5195	diagnosis	UC	12.0234058113877	1.80586180737441	388	178	1.51775867901247e-09	5.88862493925559e-08
HILp_QI10719	diagnosis	UC	11.8040411066792	1.77345185919167	388	135	1.53389109107424e-09	5.88862493925559e-08
HILp_QI10676	diagnosis	UC	11.8109882196969	1.78921708245368	388	146	1.9756224288326e-09	7.05579438868784e-08
HILp_TF16	diagnosis	UC	15.7255324555534	2.40164861533533	388	123	2.54359671470237e-09	8.7710231541461e-08
C18n_QI8349	diagnosis	UC	11.8547829778089	1.81727918564111	388	152	2.88279661151128e-09	9.60932203837092e-08
HILp_QI13140	diagnosis	UC	11.5076151245307	1.76937437950762	388	132	3.22097628018977e-09	1.03902460651283e-07
HILp_QI13144	diagnosis	UC	11.185715477126	1.72637386931426	388	118	3.53306784876327e-09	1.10408370273852e-07
HILp_QI18406	diagnosis	UC	12.2990325639086	1.91120444410901	388	185	4.3398362020774e-09	1.23607086365471e-07
HILp_QI8849	diagnosis	UC	12.5170678369492	1.94111567974962	388	172	4.15332206163919e-09	1.23607086365471e-07
HILp_QI25015	diagnosis	UC	11.2873824723726	1.75664972757906	388	159	4.6452288491328e-09	1.23607086365471e-07
HILn_QI1847	diagnosis	UC	11.3698762332399	1.76905965080851	388	193	4.58338033853068e-09	1.23607086365471e-07
C18n_QI1744	diagnosis	UC	10.9661098495967	1.70841686693282	388	217	4.69877633549555e-09	1.23607086365471e-07
HILp_QI13839	diagnosis	UC	11.066036306091	1.72631623164945	388	137	4.82067636825338e-09	1.23607086365471e-07
HILp_QI25040	diagnosis	UC	10.5880866971715	1.64598906057756	388	160	4.62659640302879e-09	1.23607086365471e-07
HILp_QI16668	diagnosis	UC	10.8219061143477	1.68878733038623	388	126	5.36110088591217e-09	1.34027522147804e-07
HILp_QI13142	diagnosis	UC	11.3893972690019	1.78621064072561	388	124	5.72809857743372e-09	1.39709721400822e-07
HILp_QI19842	diagnosis	UC	9.94605446203695	1.56636807434889	388	226	5.98705179743861e-09	1.42548852319967e-07
HILp_QI9441	diagnosis	UC	11.2588566891096	1.78343806230004	388	200	7.54376380414095e-09	1.75436367538162e-07
C18n_QI12808	diagnosis	UC	10.5920848821293	1.67853172304384	388	158	8.10644985540015e-09	1.8423749671364e-07
HILp_QI13199	diagnosis	UC	11.4481649476969	1.82514003581164	388	122	9.24062159288789e-09	1.96791398135021e-07
HILp_QI9316	diagnosis	UC	10.9820128194093	1.74892450548725	388	120	9.00451459715938e-09	1.96791398135021e-07
C18n_QI9442	diagnosis	UC	10.0177049741724	1.5962254126292	388	203	9.24919571234601e-09	1.96791398135021e-07
C18n_QI5741	diagnosis	UC	11.2864266426192	1.82212390266337	388	176	1.28580568476102e-08	2.67876184325212e-07
HILn_QI1184	diagnosis	UC	11.4215917334484	1.85126760626979	388	207	1.44985025119858e-08	2.95887806367057e-07
HILp_QI13561	diagnosis	UC	10.2400794186028	1.66577297804659	388	176	1.64917907238216e-08	3.29835814476432e-07
HILp_QI13680	diagnosis	UC	10.5267689637414	1.71555130767355	388	145	1.7450669410036e-08	3.42169988432079e-07
HILp_QI12706	diagnosis	UC	10.0538258362755	1.6630230060768	388	108	2.67954901623783e-08	5.15297887738044e-07
HILp_QI13141	diagnosis	UC	10.9433118288699	1.82300854745738	388	130	3.17087941539258e-08	5.9586148577915e-07
HILp_QI13845	diagnosis	UC	9.7889840069253	1.6299254603744	388	187	3.21765202320741e-08	5.9586148577915e-07
C18n_QI2510	diagnosis	UC	10.4199327680984	1.73754794689928	388	142	3.2776150717808e-08	5.95930013051055e-07
HILn_QI1931	diagnosis	UC	11.1167046188451	1.86196040713361	388	262	3.62157338014354e-08	6.46709532168489e-07
HILp_QI14988	diagnosis	UC	10.6170596200067	1.78460043982835	388	121	4.06658160863314e-08	7.01134760109162e-07
HILp_QI13563	diagnosis	UC	10.0324308140147	1.68372685527227	388	191	4.00987588642949e-08	7.01134760109162e-07
C18n_QI6244	diagnosis	UC	10.8887014192803	1.84208343236728	388	212	4.84818479407767e-08	8.21726236284351e-07
HILn_QI1484	diagnosis	UC	11.9050218926698	2.01694871995585	388	175	5.06316509638474e-08	8.30027064981105e-07
HILp_QI12520	diagnosis	UC	9.73964829321821	1.64880615843471	388	190	5.00401935184398e-08	8.30027064981105e-07
HILp_QI21861	diagnosis	UC	11.0254106410622	1.87392611319031	388	193	5.55975380617717e-08	8.96734484867286e-07
C18n_QI7175	diagnosis	UC	10.3151488471192	1.76496925039125	388	169	6.54507961713889e-08	1.02266869017795e-06
HILn_QI1552	diagnosis	UC	10.1613009692418	1.73933095832661	388	142	6.52709851096508e-08	1.02266869017795e-06
HILp_QI13846	diagnosis	UC	9.49672952402071	1.62746745848806	388	272	7.63669417280149e-08	1.17487602658484e-06
HILp_QI15496	diagnosis	UC	10.3907061412237	1.80413008342879	388	259	9.83857089188063e-08	1.49069255937585e-06
HILp_QI21301	diagnosis	UC	9.60663429510156	1.67322716573966	388	220	1.07054055697406e-07	1.59782172682695e-06
HILn_QI2110	diagnosis	UC	10.1841983036708	1.78651511928236	388	166	1.19574217353385e-07	1.75844437284389e-06
HILp_QI11502	diagnosis	UC	9.98834883445367	1.75436251556079	388	165	1.2932384828066e-07	1.8742586707342e-06
HILp_QI12781	diagnosis	UC	9.4296007797466	1.68531267488727	388	228	1.84820060328963e-07	2.64028657612805e-06
HILp_QI10272	diagnosis	UC	9.45857699402577	1.68703840795433	388	259	1.92075003867612e-07	2.70528174461425e-06
HILn_QI4812	diagnosis	UC	9.46896288780583	1.7115983708991	388	156	2.56669948310439e-07	3.56486039320054e-06
HILp_QI16416	diagnosis	UC	8.77246497627752	1.60503986044121	388	217	3.49214969942145e-07	4.78376671153623e-06
HILn_QI2407	diagnosis	UC	10.0059308041164	1.85061384635909	388	257	4.33680619807847e-07	5.86054891632226e-06
C18n_QI7890	diagnosis	UC	9.53906516695723	1.77776570883581	388	148	5.19846947364465e-07	6.9312926315262e-06
C18n_QI1615	diagnosis	UC	9.19839702851345	1.71647418893434	388	182	5.48330854530966e-07	7.21487966488113e-06
HILp_QI20983	diagnosis	UC	8.57747324285785	1.60504165979652	388	247	5.80328896382128e-07	7.53673891405362e-06
C18n_QI8686	diagnosis	UC	9.42607795111152	1.77020909356867	388	158	6.36021389181901e-07	8.15412037412694e-06
HILn_QI957	diagnosis	UC	9.3777499722717	1.76452430358658	388	138	6.49492943197369e-07	8.2214296607262e-06
HILp_QI25047	diagnosis	UC	8.97065187799856	1.71704016507917	388	222	9.28094337096643e-07	1.1601179213708e-05
HILp_QI24700	diagnosis	UC	9.24015612876908	1.77255279514575	388	210	9.79467291027987e-07	1.20921887781233e-05
HILp_QI9838	diagnosis	UC	9.19969892006037	1.76932754697151	388	207	1.11437889350441e-06	1.35899865061514e-05
HILp_QI23754	diagnosis	UC	-8.83040909945002	1.70983621684263	388	255	1.22481576613504e-06	1.47568164594584e-05
HILp_QI13201	diagnosis	UC	9.74190802717363	1.89343692076018	388	194	1.34989524293846e-06	1.60701814635531e-05
HILn_QI1737	diagnosis	UC	8.52644163868177	1.66392822840154	388	290	1.42115530811314e-06	1.67194742130957e-05
HILp_QI16779	diagnosis	UC	-8.43236654122204	1.65048045560232	388	259	1.55133601237041e-06	1.80387908415164e-05
C18n_QI8998	diagnosis	UC	8.46454850327143	1.66892825146961	388	188	1.86952130601425e-06	2.14887506438419e-05
C18n_QI8685	diagnosis	UC	9.80689095658634	1.9423538298873	388	170	2.04663415974532e-06	2.32572063607423e-05
HILp_QI22783	diagnosis	UC	-9.10091602649322	1.8165609752822	388	272	2.29682200890206e-06	2.5806988864068e-05
HILn_QI10169	diagnosis	UC	8.56934456860791	1.71105317667413	388	185	2.36792631244981e-06	2.63102923605534e-05
HILp_QI16119	diagnosis	UC	7.94267815578104	1.60117334419422	388	196	2.84270538903879e-06	3.12385207586681e-05
HILp_QI17840	diagnosis	UC	7.81774259707653	1.63302475329953	388	208	5.92655108629365e-06	6.44190335466702e-05
HILp_QI16121	diagnosis	UC	7.91069029401873	1.6671816417493	388	211	6.96767518510921e-06	7.49212385495614e-05
HILp_QI22834	diagnosis	UC	-8.73647223392807	1.86047373627355	388	159	8.33439522156411e-06	8.86637789528097e-05
HILp_QI25047	diagnosis	CD	7.21492395859387	1.539759202853	388	222	8.91529576494834e-06	9.32338776630984e-05
HILp_QI17840	diagnosis	CD	6.87056367988651	1.46400976828489	388	208	8.95045225565744e-06	9.32338776630984e-05
HILp_QI24700	diagnosis	CD	7.39413031264035	1.5919245368317	388	210	1.04885786610097e-05	0.000108129676917626
HILn_QI1107	diagnosis	UC	-8.5634619004515	1.85034364608583	388	168	1.07960286528997e-05	0.00011016355768265
HILp_QI16121	diagnosis	CD	6.91109977690419	1.49731348386806	388	211	1.19948885853546e-05	0.000121160490761157
HILp_QI11151	diagnosis	UC	8.12093474863773	1.76687153324429	388	255	1.27513580888487e-05	0.000127374109187668
HILp_QI22235	diagnosis	UC	-7.97164414613727	1.7389572070474	388	311	1.28647850279545e-05	0.000127374109187668
HILn_QI10465	diagnosis	UC	-7.73307624013044	1.68859435328086	388	235	1.37369460625023e-05	0.000134675941789238
HILp_QI22834	diagnosis	CD	-7.55289289335063	1.67689197455193	388	159	1.81039599663121e-05	0.00017576660161468
HILp_QI9317	diagnosis	UC	7.99218543565149	1.77927044496945	388	273	1.92205155962413e-05	0.000184812649963859
C18n_QI6575	diagnosis	CD	6.38665201812108	1.42577441717628	388	203	2.04649320667536e-05	0.000194904114921463
C18n_QI3061	diagnosis	CD	6.54581455791837	1.47240381740181	388	216	2.2953708265885e-05	0.000216544417602689
HILp_QI24957	diagnosis	UC	7.64719562914634	1.72983273521463	388	246	2.4074375075276e-05	0.000224994159582019
C8p_QI21966	diagnosis	CD	-6.69464933624754	1.5398630451762	388	227	3.42787417625786e-05	0.000317395757060913
HILp_QI22835	diagnosis	UC	-8.61023493254762	1.99120367024178	388	183	3.57741427722708e-05	0.000328203144699732
HILp_QI16779	diagnosis	CD	-6.41041093467592	1.48113407129634	388	259	3.65155070177036e-05	0.000331959154706397
HILp_QI12078	diagnosis	UC	8.03507915205736	1.87121384432191	388	274	4.14330034978248e-05	0.000373270301782205
HILp_QI25167	diagnosis	CD	6.28095849483231	1.47286248618729	388	284	4.48742616165551e-05	0.000400663050147813
C18n_QI201	diagnosis	CD	6.98127781754801	1.63783401107086	388	197	4.6510794711944e-05	0.000411599953203044
HILp_QI21470	diagnosis	UC	-8.21734056252959	1.93254450490105	388	320	4.70663250885972e-05	0.000412862500777168
HILp_QI15013	diagnosis	CD	6.30719269492389	1.50898864746195	388	184	6.38189011132409e-05	0.000554946966202095
HILp_QI6290	diagnosis	UC	8.59477759992463	2.06632123733712	388	241	6.64799028439628e-05	0.000573102610723818
HILp_QI8712	diagnosis	CD	7.79022417741463	1.88156581104783	388	223	7.47516018556521e-05	0.000633488151319085
HILp_QI7320	diagnosis	UC	7.50824396053448	1.8179014572773	388	254	7.44043980847236e-05	0.000633488151319085
HILp_QI19842	diagnosis	CD	5.78086760211743	1.4051785289543	388	226	8.02545463849362e-05	0.00067440795281459
HILp_QI22739	diagnosis	UC	-7.74429636247113	1.89067734372791	388	173	8.43291647598175e-05	0.000702743039665146
HILp_QI22739	diagnosis	CD	-6.90183671324655	1.70355913897542	388	173	0.000100505826852791	0.000830626668204887
HILp_QI22559	diagnosis	UC	-7.32104795512679	1.81526842455208	388	252	0.000106224054757228	0.000870688973419898
HILp_QI11297	diagnosis	UC	7.82109871478723	1.94607361437043	388	196	0.000112498487619004	0.000914621850561009
HILp_QI22553	diagnosis	CD	-6.33840267686208	1.57529020059466	388	230	0.000114105633844749	0.000920206724554429
HILp_QI21407	diagnosis	CD	-6.40032002543915	1.59386831739678	388	238	0.000116584486248302	0.000932675889986418
HILp_QI14161	diagnosis	UC	8.43234975737104	2.10626598234542	388	197	0.000118982923743639	0.000936873415304243
HILp_QI22833	diagnosis	UC	-7.39646019520331	1.84721624571912	388	271	0.000118246634659053	0.000936873415304243
HILp_QI22784	diagnosis	UC	-8.03065055176755	2.02844462298862	388	179	0.000139680566060307	0.00108279508573881
HILp_QI22835	diagnosis	CD	-7.11568745884955	1.79608260233735	388	183	0.000139283357443181	0.00108279508573881
C8p_QI28764	diagnosis	CD	6.07110998881464	1.54175501525754	388	192	0.000155293205350561	0.00119456311808124
HILp_QI21407	diagnosis	UC	-6.96722407749788	1.77401611944556	388	238	0.000157979744291977	0.00120595224650364
HILp_QI25157	diagnosis	CD	5.62461355712557	1.45258630281056	388	227	0.000195888427557613	0.00148400323907283
HILp_QI22152	diagnosis	UC	-7.38408357047864	1.917883785858	388	177	0.000208308871269247	0.00156623211480637
C8p_QI22888	diagnosis	UC	-7.27177516212674	1.89679710146542	388	202	0.000219014962113693	0.00163444001577383
HILp_QI22784	diagnosis	CD	-6.95097249626158	1.82803873035692	388	179	0.000246681722730284	0.00182413578373434
C18n_QI4015	diagnosis	CD	-6.65103127717376	1.75133135649714	388	236	0.000249906602371604	0.00182413578373434
HILp_QI25167	diagnosis	UC	6.2388414028264	1.6454433242575	388	284	0.000249602687547586	0.00182413578373434
C8p_QI20218	diagnosis	UC	-6.75714255995902	1.79323219050011	388	244	0.000275485493998855	0.00198715604827813
HILp_QI22151	diagnosis	UC	-6.58970858500243	1.74875474515542	388	325	0.00027621469071066	0.00198715604827813
C18n_QI4015	diagnosis	UC	-7.31225662100661	1.9443696825328	388	236	0.000282081484059301	0.00201486774328072
HILp_QI24957	diagnosis	CD	5.82409434883906	1.55113029927537	388	246	0.000289326710340921	0.00205196248468738
HILp_QI13194	diagnosis	CD	5.36963037573179	1.42935167570271	388	164	0.000294181767473593	0.0020717025878422
HILp_QI25157	diagnosis	UC	6.07662428395285	1.62655154766242	388	227	0.000310001704579402	0.00215608567607583
HILp_QI22151	diagnosis	CD	-5.8760192975991	1.5719124459016	388	325	0.000310476337354919	0.00215608567607583
HILp_QI22783	diagnosis	CD	-6.04798046813914	1.63309070532192	388	272	0.000349529867287279	0.00241055080887779
HILn_QI1107	diagnosis	CD	-6.15104776360229	1.66592914133125	388	168	0.000360858273549427	0.00247163201061251
C8p_QI27013	diagnosis	CD	-5.93877950406981	1.60890922768134	388	167	0.000365354909234426	0.00248540754581242
HILn_QI1220	diagnosis	UC	-7.19905643801038	1.96271960775343	388	195	0.000395721279669055	0.00267379243019632
HILn_QI2809	diagnosis	UC	7.71834975617826	2.10864556687258	388	154	0.000406892242948532	0.00273082042247337
C8p_QI18724	diagnosis	UC	-6.18090174836717	1.71032322165481	388	220	0.00046911715758776	0.00312744771725173
C18n_QI12808	diagnosis	CD	5.45641315081498	1.51056894278918	388	158	0.000485620374697303	0.00321602897150532
HILp_QI21468	diagnosis	CD	-6.13566170912171	1.71164282260046	388	205	0.00052598923937847	0.00346045552222678
C8p_QI27013	diagnosis	UC	-6.39611186163291	1.78822449984456	388	167	0.000535392177193838	0.00349929527577672
HILp_QI25304	diagnosis	CD	5.49658462554422	1.53676048850024	388	193	0.000544144508565479	0.00353340589977583
HILp_QI22179	diagnosis	UC	7.13196533464185	1.9986273926761	388	192	0.000550917463527055	0.00355430621630358
HILp_QI20437	diagnosis	UC	-7.04509722872556	1.98593081016496	388	186	0.000591461241017179	0.00379141821164858
HILp_QI15013	diagnosis	UC	5.94942971815358	1.68134904605788	388	184	0.000611857405257755	0.00389718092520863
HILp_QI22738	diagnosis	CD	-6.71046858836093	1.9028840000327	388	206	0.000636222975120737	0.00402672769063758
HILp_QI21480	diagnosis	UC	-5.988822225579	1.70069074759356	388	236	0.000643794044910353	0.00404901915037958
HILn_QI2121	diagnosis	UC	6.46966046731478	1.83944575930799	388	197	0.000655496592732811	0.00407140740827833
C18n_QI13593	diagnosis	CD	-5.84857246132883	1.66149261160446	388	203	0.000652837268058843	0.00407140740827833
HILp_QI8769	diagnosis	CD	5.15984893162328	1.46575532047209	388	185	0.000665684829393326	0.00410916561353905
C18n_QI728	diagnosis	CD	5.92534637221037	1.68751161607205	388	209	0.000675541621244226	0.0041444271241977
HILp_QI21470	diagnosis	CD	-6.0617426885325	1.74104852501544	388	320	0.000740229008481738	0.00451359151513255
HILp_QI24513	diagnosis	CD	-5.50530983489975	1.58431380360331	388	249	0.000757306924162925	0.00458737570323115
HILp_QI21468	diagnosis	UC	-6.59718645060144	1.89993048050572	388	205	0.00076150436673637	0.00458737570323115
HILp_QI20455	diagnosis	CD	-5.63597051269932	1.62574922800811	388	184	0.000780869617062965	0.00464811243164051
HILp_QI4857	diagnosis	CD	5.15447751682992	1.4865349258332	388	147	0.000780882888515606	0.00464811243164051
HILp_QI21620	diagnosis	UC	-6.70706072423877	1.93814381451379	388	305	0.00078758710411069	0.00465806257726536
C18n_QI8539	diagnosis	CD	-6.43770277509041	1.86046782261257	388	234	0.000791870638135111	0.00465806257726536
HILp_QI20437	diagnosis	CD	-6.17648153828286	1.78897661846984	388	186	0.000817781966267628	0.00478235067992765
C18n_QI9051	diagnosis	CD	-6.43501471015932	1.86767285582517	388	257	0.000831100212384931	0.00483197797898216
HILn_QI999	diagnosis	CD	5.91038369586804	1.72419964784796	388	155	0.00088711977650391	0.00512785997979139
HILn_QI1296	diagnosis	CD	6.24751245674781	1.83096104156098	388	163	0.000934699547314863	0.00537183647882105
HILp_QI10676	diagnosis	CD	5.49782030977487	1.61182402355638	388	146	0.000940992926260966	0.00537710243577695
HILp_QI22740	diagnosis	CD	-5.90624439432361	1.73396329682198	388	208	0.000949525893006084	0.00539503348298911
C18n_QI6117	diagnosis	CD	5.24960588284417	1.54340932581755	388	155	0.000967621357481117	0.00546678733040179
HILn_QI740	diagnosis	CD	-5.78181149879801	1.70223017223296	388	151	0.000981837017521496	0.00551593830068256
C8p_QI22888	diagnosis	CD	-5.78607683816134	1.70719728233851	388	202	0.00100575029323366	0.00561871672197576
HILp_QI22152	diagnosis	CD	-5.84581717542482	1.72580188611063	388	177	0.00101781038022241	0.0056232617691846
HILp_QI23754	diagnosis	CD	-5.20508840535735	1.53611231250923	388	255	0.00101422842453843	0.0056232617691846
HILp_QI25076	diagnosis	UC	-5.991854167749	1.77317301178424	388	195	0.00103501600509981	0.00568690112692206
HILp_QI20455	diagnosis	UC	-6.09100965921797	1.80604345991335	388	184	0.001056517842004	0.00577332154100546
HILp_QI22553	diagnosis	UC	-5.90581430127957	1.75410860178802	388	230	0.00108387514122614	0.00589062576753335
HILp_QI8713	diagnosis	CD	6.0212192847409	1.79459495233001	388	177	0.00113429011118275	0.00609833393109006
HILp_QI7610	diagnosis	CD	-5.7818788193264	1.72371813333437	388	222	0.00113365833228232	0.00609833393109006
HILp_QI22689	diagnosis	UC	-6.80845838833776	2.03516869582281	388	303	0.00114972491218377	0.00614826156248008
HILp_QI21620	diagnosis	CD	-5.82550944220603	1.7460375729257	388	305	0.0011903576895203	0.00633168983787394
C18n_QI3676	diagnosis	CD	5.18706358254484	1.55716542641006	388	135	0.00121373972900249	0.0064219033280555
C8p_QI20628	diagnosis	UC	-5.64010656175447	1.7034762185218	388	214	0.00129467045836014	0.00681405504400074
C8p_QI26266	diagnosis	CD	-4.96347783288033	1.49807483813283	388	176	0.00130381233483343	0.00682624259075092
HILn_QI1847	diagnosis	CD	5.27020668831273	1.59247611154033	388	193	0.00131274615900137	0.00683721957813215
C8p_QI26870	diagnosis	CD	5.46281812246056	1.65422849490828	388	168	0.00133687901616719	0.00692217459042931
C18n_QI8349	diagnosis	CD	5.40690548278868	1.63771596915621	388	152	0.00134290187054329	0.00692217459042931
HILp_QI22833	diagnosis	CD	-5.46523831495714	1.66366891364525	388	271	0.00140551361961029	0.00720776215184766
C8p_QI28764	diagnosis	UC	5.63299045696159	1.71676672695981	388	192	0.00142725855004618	0.00728193137778661
HILp_QI9317	diagnosis	CD	5.25385538026602	1.60076569914241	388	273	0.00143573025920579	0.00728797085891262
HILp_QI7610	diagnosis	UC	-6.2489337915809	1.91541028060012	388	222	0.00151243989597193	0.00763858533319158
HILp_QI22235	diagnosis	CD	-5.09671092878033	1.5648116703493	388	311	0.00153466569604778	0.0077118879198381
HILp_QI22738	diagnosis	UC	-6.81558967745152	2.11132212075369	388	206	0.00167558408300614	0.0083779204150307
HILp_QI8849	diagnosis	CD	5.64995636340215	1.74956009133681	388	172	0.00169166934037753	0.00841626537501257
HILp_QI25298	diagnosis	CD	4.77054109004849	1.48001516834611	388	186	0.00172497618302334	0.00849741962080463
HILn_QI1737	diagnosis	CD	4.81839817560786	1.49508604887522	388	290	0.00171727991016814	0.00849741962080463
HILp_TF20	diagnosis	CD	-8.14593195874064	2.53694030537385	388	295	0.00176922661168142	0.00867267946902659
HILp_TF5	diagnosis	UC	-6.67848419501817	2.08015596386193	388	310	0.00178306680245088	0.0086978868412238
HILp_QI21861	diagnosis	CD	5.39710669382321	1.68612240259334	388	193	0.00185690297944896	0.00901409213324737
C18n_QI9442	diagnosis	CD	4.58026401753119	1.43233787613122	388	203	0.0018759582184169	0.00906260008897053
HILp_QI25201	diagnosis	UC	-5.8999295777845	1.85042529388172	388	257	0.00189657611655242	0.00907913742017954
HILp_QI13784	diagnosis	CD	4.67570182448693	1.46420116106857	388	204	0.00189753972081752	0.00907913742017954
HILp_QI1201	diagnosis	CD	5.79198131267889	1.81835760515006	388	137	0.00193015297203219	0.00919120462872471
HILn_QI4140	diagnosis	UC	6.46832227972789	2.03351388463371	388	224	0.00195254456869859	0.00925376572842932
C8p_QI10754	diagnosis	CD	-5.45231727942795	1.71781443165346	388	210	0.00199618079753895	0.00941594715820259
HILp_QI13680	diagnosis	CD	4.86197140218421	1.54279008837714	388	145	0.00216256062092322	0.0101528667648978
HILp_QI20983	diagnosis	CD	4.5254843916002	1.43889277445612	388	247	0.00220957590735938	0.010325121062427
HILp_QI22689	diagnosis	CD	-5.74302261325562	1.83110413627079	388	303	0.00224631666381421	0.0104479844828568
C18n_QI3804	diagnosis	CD	4.76241067650333	1.52368212222645	388	291	0.00234073328945284	0.0108367281919113
HILp_QI24228	diagnosis	CD	-4.77371812441637	1.53323698212252	388	226	0.00240626557574897	0.0110887814550644
HILp_QI14988	diagnosis	CD	4.9873063370046	1.60453493754588	388	121	0.00247118287493292	0.0112696823760413
HILp_QI10806	diagnosis	UC	5.3920999435995	1.73588221175172	388	231	0.00247493449941868	0.0112696823760413
HILn_QI1323	diagnosis	CD	4.88859688652413	1.57425445528444	388	142	0.00247933012272909	0.0112696823760413
C18n_QI9052	diagnosis	CD	-5.74203989382833	1.85610643015611	388	258	0.0025638255709032	0.0116010206828199
HILp_QI22455	diagnosis	UC	5.93097969868585	1.91890480684004	388	279	0.00257667223141329	0.0116066316730328
C18n_QI1744	diagnosis	CD	4.73252180095761	1.53779275299105	388	217	0.00271045844873809	0.0121545221916506
HILp_QI25304	diagnosis	UC	5.24357369413482	1.71655856494663	388	193	0.00288272196527477	0.0128555790671518
C18n_QI13593	diagnosis	UC	-5.63738045003062	1.84649521605868	388	203	0.00289250529010915	0.0128555790671518
HILp_QI14363	diagnosis	UC	5.01326673865953	1.64220676075382	388	261	0.00291564968922938	0.012901104819599
HILp_QI15737	diagnosis	CD	4.96346468564481	1.62928211302873	388	310	0.00300413645693377	0.0131299515605064
HILp_QI17886	diagnosis	CD	5.01319313346707	1.64561948818817	388	164	0.00298416647124775	0.0131299515605064
HILp_QI22234	diagnosis	CD	-5.56077638360876	1.82896553762707	388	300	0.00300675890735598	0.0131299515605064
HILp_QI22740	diagnosis	UC	-5.84200509539583	1.92429262510745	388	208	0.00304474602904686	0.0131807187404626
HILn_QI10169	diagnosis	CD	4.67261606336077	1.53709952051919	388	185	0.00303960138518609	0.0131807187404626
HILp_QI13199	diagnosis	CD	4.98589623701077	1.64482460168651	388	122	0.00311630756514546	0.0133175536972028
C8p_QI18724	diagnosis	CD	-4.65672093079292	1.53595443625496	388	220	0.00309646761100867	0.0133175536972028
C18n_QI2510	diagnosis	CD	4.7485979767783	1.56578441351878	388	142	0.00310552349875044	0.0133175536972028
HILp_QI9316	diagnosis	CD	4.76696901759577	1.57518482277379	388	120	0.00316641316021492	0.013474098554106
HILn_QI803	diagnosis	UC	5.62547377022436	1.86823038525958	388	161	0.00332906340301009	0.0141062008602122
HILp_QI25298	diagnosis	UC	4.94922998494932	1.6533838730537	388	186	0.00347011658519367	0.0146418421316189
HILp_QI22234	diagnosis	UC	-6.05656703646529	2.02910291188439	388	300	0.00354369640843722	0.0148894807077194
HILp_TF5	diagnosis	CD	-5.55543479289609	1.86536615143236	388	310	0.00366544350231145	0.0153365836916797
HILp_TF24	diagnosis	CD	5.68179287562079	1.91458785770573	388	205	0.00378761119847897	0.0157817133269957
HILn_QI2110	diagnosis	CD	4.75765770015403	1.60862276900578	388	166	0.00387953359047229	0.0160976497529971
HILn_QI1119	diagnosis	CD	5.71889848652937	1.9362197461515	388	143	0.003930349081601	0.0161742760559712
C18n_QI1037	diagnosis	CD	4.52183642278823	1.53063200291113	388	199	0.00391877447774602	0.0161742760559712
HILn_QI1414	diagnosis	CD	-4.85912478769809	1.64774037698018	388	180	0.0039849559539652	0.0162651263427151
HILp_QI12520	diagnosis	CD	4.37440543400906	1.48180697644448	388	190	0.0039688532318135	0.0162651263427151
C18n_QI8686	diagnosis	CD	4.6899694888638	1.59158858730829	388	158	0.00402832285725873	0.0163752961677184
C18n_QI13828	diagnosis	CD	5.60180808738101	1.91125012293082	388	244	0.00420143679698537	0.0168685962785684
HILn_QI1058	diagnosis	CD	4.67539235094813	1.59477226072596	388	176	0.00418794083495066	0.0168685962785684
HILp_QI13503	diagnosis	CD	4.44342367057925	1.51599920966988	388	220	0.00421714906964211	0.0168685962785684
HILp_QI13144	diagnosis	CD	4.55922447897141	1.55568315346105	388	118	0.00420870519742251	0.0168685962785684
HILp_QI10719	diagnosis	CD	4.67441943798609	1.59768340964542	388	135	0.00426937498682529	0.0170094620989055
HILp_QI9439	diagnosis	CD	5.01384712362659	1.71503839434255	388	136	0.00429793238711789	0.0170552872504678
HILp_QI14726	diagnosis	UC	5.09041412114123	1.74198366458575	388	201	0.00435704155044595	0.0171537068915195
C18n_QI4492	diagnosis	UC	-5.8720749661042	2.01321729462672	388	232	0.00435160921013306	0.0171537068915195
HILp_QI13616	diagnosis	CD	-4.76212889626099	1.63344491744912	388	255	0.00437490335560118	0.0171564837474556
HILp_QI12706	diagnosis	CD	4.35299230451946	1.4949467826079	388	108	0.00446829270738765	0.017454268388233
HILp_QI25076	diagnosis	CD	-4.59806496089755	1.59286889807788	388	195	0.00478887492182296	0.0185615307047401
HILn_QI2332	diagnosis	CD	4.12694371732595	1.42821816941692	388	195	0.00478399643287932	0.0185615307047401
HILp_QI16679	diagnosis	UC	-4.77248954604249	1.65365282805529	388	279	0.00482397163918606	0.0186253731242705
HILn_QI1447	diagnosis	CD	-4.66462166017775	1.61997693738576	388	179	0.00489847412643682	0.0188402851016801
HILp_QI9441	diagnosis	CD	4.6180777292918	1.60612012730955	388	200	0.00494917540413095	0.0189623578702335
C18n_QI8998	diagnosis	CD	4.28073084277695	1.49874762425002	388	188	0.00526401715937366	0.0200916685472277
HILp_TF39	diagnosis	UC	6.84251391674541	2.40149870336759	388	190	0.00531569943793146	0.0202117849351006
HILp_QI11558	diagnosis	CD	4.221985384765	1.48374012166702	388	229	0.00541154009917276	0.020498257951412
C18n_QI7175	diagnosis	CD	4.47635652434643	1.58781790832386	388	169	0.00584055957639657	0.0220398474581003
HILp_QI13142	diagnosis	CD	4.53211712675902	1.60935309801332	388	124	0.00588037415458066	0.0221066697540626
HILp_QI6290	diagnosis	CD	5.22377656088052	1.85972339020255	388	241	0.005976879374888	0.0223853160108165
HILp_QI10345	diagnosis	UC	4.59278972424523	1.63728734843632	388	245	0.00605971279589071	0.0226108686413832
HILp_TF23	diagnosis	CD	5.04203038436182	1.8014264269736	388	271	0.00622907395401389	0.0231037422914981
HILp_QI19473	diagnosis	UC	-5.12713774253404	1.83492828497372	388	257	0.00623801041870447	0.0231037422914981
C18n_QI13912	diagnosis	CD	4.72604618038006	1.69463324933939	388	206	0.00635198058876252	0.0234390427629613
C18n_QI6244	diagnosis	CD	4.62110325516593	1.65774366697493	388	212	0.00639179576159479	0.0234992491235103
HILp_QI20959	diagnosis	UC	4.33652754527126	1.55701467183019	388	174	0.00642464237058605	0.0235334885369452
C18n_QI9051	diagnosis	UC	-5.72141543347222	2.06923318411881	388	257	0.00675241944327656	0.0242892785729373
HILp_QI13140	diagnosis	CD	4.41011017260877	1.59251639385169	388	132	0.00673339477571878	0.0242892785729373
HILp_QI25201	diagnosis	CD	-4.60328449900716	1.66388045480095	388	257	0.00674516199635897	0.0242892785729373
HILn_QI4049	diagnosis	CD	-4.38099030450019	1.58308762790885	388	104	0.00670841894528011	0.0242892785729373
C8p_QI25895	diagnosis	UC	-4.72350418699953	1.70561558544845	388	195	0.00665829209695187	0.0242892785729373
HILn_QI740	diagnosis	UC	-5.22140658743062	1.8900582770911	388	151	0.00681056747920579	0.0243287399170003
C8p_QI20218	diagnosis	CD	-4.45534787601964	1.61221094853495	388	244	0.00681204717676007	0.0243287399170003
HILp_TF16	diagnosis	CD	5.96912841504771	2.16494025564091	388	123	0.00695053150823303	0.0246472748518902
HILp_QI11066	diagnosis	CD	3.89663654312792	1.41317595697614	388	219	0.00693969279101717	0.0246472748518902
HILp_QI18095	diagnosis	UC	-4.73892498078068	1.72712069542816	388	218	0.00718220512649435	0.0253788167013935
HILp_QI24483	diagnosis	CD	-4.5768336682331	1.66900541353787	388	245	0.00727345932581195	0.0256107722739857
HILp_TF39	diagnosis	CD	5.885850539777	2.15122100775148	388	190	0.00739285076285981	0.0258491285414679
C18n_QI13335	diagnosis	CD	-4.94492943854112	1.80719647648283	388	185	0.00736831554783371	0.0258491285414679
C18n_QI5741	diagnosis	CD	4.46659230944324	1.64270889383072	388	176	0.00773028225525303	0.0269347813771883
C18n_QI13355	diagnosis	CD	-5.0063041343398	1.84802355623989	388	186	0.007954110285617	0.0275228729606125
C18n_QI5195	diagnosis	CD	4.40259508642603	1.62453251263968	388	178	0.00794587023301119	0.0275228729606125
HILn_QI10465	diagnosis	CD	-4.09973835565288	1.5148091934291	388	235	0.00806569939300084	0.0278127565275891
HILp_QI22455	diagnosis	CD	4.6620930968976	1.72587679432054	388	279	0.00812452440553343	0.0279193278540668
HILp_QI25112	diagnosis	CD	-4.2431257827265	1.57185127131662	388	148	0.00817167443372021	0.02798518641685
C8p_QI25726	diagnosis	UC	-4.83435435828802	1.80110990784923	388	249	0.00847716838088128	0.0289323152931102
HILn_QI2231	diagnosis	CD	-4.39205167129446	1.63755592074631	388	213	0.00857918197404689	0.0291808910681867
HILp_QI13141	diagnosis	CD	4.39129263215356	1.64148164600846	388	130	0.00875999953392621	0.029594593020021
HILp_QI25040	diagnosis	CD	3.96067499526497	1.47941754083982	388	160	0.00874081922368518	0.029594593020021
HILp_QI18406	diagnosis	CD	4.59286412400822	1.72083247530635	388	185	0.00890956171432433	0.0299985242906543
C18n_QI3961	diagnosis	CD	-5.28503547845779	1.98575864995911	388	174	0.00904981059510039	0.0303684919298671
HILp_TF33	diagnosis	UC	5.87420560628319	2.20835733859757	388	155	0.00913042456032008	0.030536536991037
C8p_QI21966	diagnosis	UC	-4.54298031682284	1.71464234309413	388	227	0.00938917437938009	0.031297247931267
HILp_QI8656	diagnosis	CD	4.66922011112171	1.76379792356632	388	156	0.00945582719981287	0.0314147083050262
HILp_QI11297	diagnosis	CD	4.60576497327737	1.7508061050847	388	196	0.00988177280172732	0.0327211019924746
C18n_QI13367	diagnosis	CD	-4.67604295034941	1.78322874441027	388	177	0.0101120422478387	0.0333730767255403
C18n_QI13811	diagnosis	CD	5.200282001234	1.98562059905859	388	163	0.0102161633471789	0.0336058004841412
C18n_QI13694	diagnosis	CD	4.51733189265657	1.72787139983209	388	195	0.0103481619779132	0.0339283999275844
HILn_QI1184	diagnosis	CD	4.35807078307031	1.66889238600418	388	207	0.010422891870451	0.0340617381387287
C8p_QI25594	diagnosis	CD	-4.87312198040815	1.86734934335945	388	237	0.0104807005998345	0.0341390899017411
HILn_QI1484	diagnosis	CD	4.72861700561683	1.81529878946097	388	175	0.010642026235251	0.0345520332313345
HILp_QI13606	diagnosis	CD	-3.80007333415638	1.45891779602092	388	279	0.0106818426526121	0.0345690700731784
C18n_QI9052	diagnosis	UC	-5.33965439636155	2.05766527301925	388	258	0.0108602705830475	0.0350331309130566
HILp_QI24045	diagnosis	CD	-3.73342916252652	1.43873577791245	388	172	0.0109128705058634	0.0350896157744804
HILp_QI13528	diagnosis	CD	4.46189137662528	1.72370523800095	388	230	0.011073378898095	0.0354915990323559
C8p_QI25102	diagnosis	CD	-4.45657079864713	1.72250897411092	388	199	0.011159979680461	0.0356548871580225
C8p_QI25726	diagnosis	CD	-4.17643184776972	1.61927254348374	388	249	0.0113513120462597	0.0361506753065594
C18n_QI4492	diagnosis	CD	-4.67552087614756	1.81601065187925	388	232	0.011494123524532	0.0364892810302603
HILp_QI11502	diagnosis	CD	4.05916854884638	1.57667238287484	388	165	0.0115687608916143	0.0366100028215642
HILn_QI15054	diagnosis	UC	-4.5769621272255	1.78737218836608	388	221	0.0119394016490107	0.0376637275994027
HILp_QI16668	diagnosis	CD	3.88949841302038	1.51789666363746	388	126	0.0119780170558615	0.0376667203014512
HILp_QI21301	diagnosis	CD	3.83261284332528	1.50165056799889	388	220	0.0123076953541104	0.0385821170975248
C18n_QI8539	diagnosis	UC	-5.2410097625961	2.06059238109616	388	234	0.0124750531172025	0.0389845409912579
HILp_QI22559	diagnosis	CD	-4.15379268071931	1.63350928353305	388	252	0.0125248594042385	0.0390182535957586
HILp_TF24	diagnosis	UC	5.41238317350786	2.13861090779442	388	205	0.0129466240104482	0.0402069068647458
HILp_QI22688	diagnosis	UC	-4.53242740574603	1.79643503805655	388	247	0.0131891813522866	0.0408333787996488
HILp_QI22688	diagnosis	CD	-4.06609097201672	1.61326742710438	388	247	0.0133254025944705	0.0411277857854029
HILp_QI13606	diagnosis	UC	-4.10303166700267	1.63056611060425	388	279	0.0134828105340573	0.0413583145216483
HILp_QI18825	diagnosis	UC	4.41128805430292	1.75257953985897	388	204	0.013443467744602	0.0413583145216483
HILp_QI13846	diagnosis	CD	3.66304657255061	1.46114721406166	388	272	0.0139501807916796	0.0426611033384696
HILp_QI14161	diagnosis	CD	4.73656275590296	1.89520725138524	388	197	0.0140865719012264	0.0429379524053058
C18n_QI8685	diagnosis	CD	4.36812268614432	1.74747273659658	388	170	0.0141265863413456	0.0429379524053058
HILn_QI24618	diagnosis	CD	4.10339533905163	1.64634297659794	388	240	0.0144833881319933	0.0438890549454344
HILn_QI4812	diagnosis	CD	3.81349825728116	1.5409684912322	388	156	0.0150610891730237	0.0455017799789235
C8p_QI26482	diagnosis	CD	5.04613230801686	2.04172594063601	388	191	0.0151808757181609	0.0455882153698525
HILp_QI10272	diagnosis	CD	3.75207408104162	1.51727570079346	388	259	0.0151741495836745	0.0455882153698525
HILp_QI20255	diagnosis	CD	4.10365391424002	1.66219477304085	388	240	0.0152503706968419	0.0456597925055146
HILp_QI21690	diagnosis	UC	3.62501471051876	1.47153365177755	388	126	0.0156349616416207	0.04667152728842
HILn_QI2121	diagnosis	CD	4.06796114951969	1.65493226670887	388	197	0.0157121896122758	0.0467624690841542
C18n_QI13911	diagnosis	CD	4.46224757850543	1.8164702373486	388	190	0.0157690535494307	0.0467924437668567
HILp_TF23	diagnosis	UC	4.94034513209021	2.01354524832939	388	271	0.0159300249495213	0.0471302513299447
C18n_QI7890	diagnosis	CD	3.90736479285121	1.59881323683473	388	148	0.0163163295391563	0.0481307656022311
C8p_QI21828	diagnosis	UC	4.15947527201237	1.71183435469664	388	247	0.0168232298623899	0.0493349849336946
HILp_QI25039	diagnosis	CD	3.49893965934952	1.43766881097928	388	117	0.0167938316524565	0.0493349849336946
C8p_QI26993	diagnosis	CD	3.77918293336236	1.55521722581485	388	164	0.0169171261111056	0.0494652810266247
C8p_QI7039	diagnosis	CD	-3.99116050221185	1.6507882863547	388	240	0.0174611807809025	0.0507592464561119
HILp_QI17087	diagnosis	UC	-3.89434336961921	1.61076202277886	388	195	0.0174283552270052	0.0507592464561119
C18n_QI13911	diagnosis	UC	4.87617295461944	2.02167370662207	388	190	0.0176622726016468	0.0511949930482516
HILn_QI1278	diagnosis	CD	3.62282697646033	1.50738481172105	388	141	0.0181793917222675	0.0525415945730274
C18n_QI13828	diagnosis	UC	5.07172875158412	2.12706771499312	388	244	0.0189755017935333	0.0546619078058287
HILp_QI25015	diagnosis	CD	3.76595029889937	1.57884218014219	388	159	0.0190223439164284	0.0546619078058287
HILp_QI12803	diagnosis	CD	-3.45997484603358	1.45295332867249	388	269	0.0191664083980942	0.0549180756392385
HILp_QI22179	diagnosis	CD	4.27542239495115	1.79826059274869	388	192	0.0193513588519029	0.0552895967197227
HILp_QI24865	diagnosis	CD	4.64894644019486	1.96196704868519	388	202	0.0197515634574409	0.0562722605625096
HILp_QI17209	diagnosis	UC	-3.48412111548911	1.47390036538372	388	245	0.0200637869915452	0.0569993948623442
HILn_QI15054	diagnosis	CD	-3.78679195833891	1.60465903999346	388	221	0.0202784632914181	0.0574460716470768
C18n_QI13897	diagnosis	CD	4.16423520280019	1.76802907918769	388	141	0.0204910593063342	0.057819265462847
HILn_QI2542	diagnosis	CD	-4.1583415143098	1.76680983664299	388	230	0.0205258392393107	0.057819265462847
HILn_QI3392	diagnosis	CD	-4.30128441906873	1.82837220349	388	308	0.0207102477322701	0.0581748531805341
C8p_QI27147	diagnosis	CD	3.51787714274204	1.50447606565807	388	176	0.0214002898161856	0.0599447894010801
HILp_TF4	diagnosis	UC	4.40584567716733	1.88938081932408	388	349	0.0216434316460867	0.0604565129778958
HILp_QI20096	diagnosis	CD	3.75358533598911	1.61963732652821	388	244	0.0225162515252184	0.0627193635799955
HILp_QI9491	diagnosis	CD	3.42902158731039	1.48127126962455	388	153	0.0227309030733737	0.0631413974260382
C18n_QI13819	diagnosis	CD	4.05581491485539	1.7591369234196	388	190	0.0232322688820679	0.0643553154627921
HILn_QI957	diagnosis	CD	3.66032657289254	1.58891102279705	388	138	0.0233495923564392	0.0645016363437548
HILp_TF4	diagnosis	CD	3.90909409195848	1.69978358317496	388	349	0.023515358823588	0.0646026341307361
HILn_QI1460	diagnosis	CD	-3.47535479897684	1.51046933340667	388	178	0.0235123698729228	0.0646026341307361
C18n_QI13334	diagnosis	CD	-4.02874178312257	1.75524972605572	388	206	0.0238751333338037	0.065411324202202
HILn_QI7647	diagnosis	CD	-3.5980763647275	1.57010088267493	388	263	0.0240716376018488	0.0657695016443955
C8p_QI26573	diagnosis	CD	4.24616278364053	1.86362719857101	388	208	0.0248989389607874	0.0674767993517275
HILp_QI20661	diagnosis	UC	-3.88358540157924	1.70402136344132	388	237	0.0248126544701529	0.0674767993517275
HILn_QI1552	diagnosis	CD	3.57024754304352	1.56687136918795	388	142	0.0248694804095765	0.0674767993517275
HILp_QI14551	diagnosis	UC	-3.72166717231385	1.63535606940859	388	211	0.0249914425446004	0.0675444393097308
HILp_QI22414	diagnosis	UC	-3.90841754344191	1.72626455391802	388	239	0.0257404452442241	0.0693812540275583
C8p_QI16430	diagnosis	UC	-4.18050554150717	1.84966491357752	388	245	0.0259640672840212	0.0697958797957558
HILp_QI11549	diagnosis	CD	-3.34815578145371	1.48247647429745	388	241	0.0260875750100307	0.0699398793834604
C18n_QI13819	diagnosis	UC	4.42055890645321	1.95863371378211	388	190	0.02616045020088	0.0699477278098397
HILn_QI2423	diagnosis	CD	-3.9204414356896	1.74098463235069	388	223	0.026603095251297	0.0709415873367921
HILn_QI2732	diagnosis	CD	-4.06260359992117	1.8201875899901	388	235	0.0279723856405605	0.0741600665634557
C8p_QI15972	diagnosis	UC	-3.71227997460882	1.66409542344997	388	230	0.0279055000632407	0.0741600665634557
C18n_QI8237	diagnosis	CD	-3.71946916460991	1.66802040433107	388	211	0.0280325051609863	0.0741600665634557
HILp_QI12781	diagnosis	CD	3.37736964590623	1.5159678237845	388	228	0.0281275878451295	0.0742152713591808
C8p_QI17020	diagnosis	UC	-4.07798470019377	1.83292916888124	388	253	0.0283182153772569	0.074521619413834
C18n_QI13324	diagnosis	CD	-3.82394120196338	1.72072913003728	388	199	0.0285942807740616	0.0750506057061984
C8p_QI16401	diagnosis	UC	-4.14863722958512	1.87418356800405	388	253	0.0291085424649649	0.0762003729449343
HILp_QI10124	diagnosis	CD	3.31244252991964	1.50000749922339	388	237	0.0295818253372684	0.0772371418727635
C8p_QI24569	diagnosis	UC	-4.05513994990209	1.84837884698221	388	252	0.0305333338498198	0.0795138902339058
HILp_QI25216	diagnosis	CD	-2.9158057212755	1.3301003736579	388	172	0.0308768611407238	0.0801996393265553
HILn_QI4086	diagnosis	CD	3.11628566666759	1.43057855226046	388	240	0.0318263882973272	0.0824517831536975
HILp_QI13616	diagnosis	UC	-3.9433197192181	1.81563945186429	388	255	0.0321514508631199	0.0830786844008267
HILn_QI3368	diagnosis	CD	-4.06649402219415	1.87718858319272	388	302	0.0328199513976686	0.0845875036022387
HILp_QI15496	diagnosis	CD	3.499091157199	1.62332176897525	388	259	0.0336404025728674	0.0862880248253321
HILp_QI20959	diagnosis	CD	2.99918371877309	1.39121445698916	388	174	0.0336523296818795	0.0862880248253321
HILn_QI2248	diagnosis	CD	-4.03802385517021	1.88602712252403	388	223	0.0347823897717268	0.0887794452222586
HILp_QI22384	diagnosis	CD	-2.77068427587263	1.29277399830646	388	187	0.0348015425271254	0.0887794452222586
HILn_QI2677	diagnosis	CD	-3.82046427071331	1.78750454575671	388	230	0.0351111872448824	0.0893414433712022
HILp_QI22465	diagnosis	CD	3.44198631703685	1.61235877806162	388	300	0.0352853862761767	0.0895568179598392
C18n_QI6982	diagnosis	CD	-3.54808999241642	1.66650192785562	388	191	0.0357521825003633	0.0900558753157766
HILn_QI1477	diagnosis	CD	-3.14902588567034	1.4787026718921	388	180	0.0357065649394498	0.0900558753157766
C18n_QI1615	diagnosis	CD	3.2911662469005	1.5448023807252	388	182	0.0356682155856247	0.0900558753157766
C18n_QI13354	diagnosis	CD	-3.50469007209606	1.65216982164593	388	214	0.0364411849108087	0.0915607661075594
HILp_QI20096	diagnosis	UC	3.81564530965037	1.8022637534823	388	244	0.0366714371821686	0.0919083638650842
HILn_QI17883	diagnosis	CD	3.67906183898519	1.73909803809503	388	297	0.0369461785183749	0.0923654462959374
C18n_QI8082	diagnosis	CD	-3.30300930756303	1.56329677390783	388	311	0.0372368682036574	0.0928600204579986
C18n_QI3961	diagnosis	UC	-4.6372598771094	2.19905765853987	388	174	0.0374090681671811	0.0930573835004504
HILp_QI24483	diagnosis	UC	-3.9122221550368	1.85783867794955	388	245	0.0377497899971613	0.0934400742503993
HILp_QI15503	diagnosis	UC	-3.18465037492023	1.51150916091085	388	235	0.0376663016102013	0.0934400742503993
HILp_QI18825	diagnosis	CD	3.30851456632834	1.57272976831645	388	204	0.038022123221068	0.0936505498055863
C18n_QI13333	diagnosis	CD	-3.35929679113229	1.59686422939205	388	165	0.0379889316201716	0.0936505498055863
C8p_QI8747	diagnosis	CD	-3.67891930685362	1.75133781003437	388	230	0.0382800164745231	0.0938235697904979
HILp_QI16269	diagnosis	CD	2.93964868892399	1.39911904592689	388	187	0.0382649190023478	0.0938235697904979
HILn_QI12440	diagnosis	CD	4.04252623673029	1.92633781654954	388	163	0.0384893311184682	0.0941018053610463
C8p_QI8858	diagnosis	CD	-3.69288223717119	1.76303779972652	388	229	0.0388231851058573	0.0941018053610463
HILp_QI16421	diagnosis	UC	-3.47374136001544	1.65973164106567	388	226	0.0388640456141121	0.0941018053610463
HILp_QI13194	diagnosis	UC	3.34364401345489	1.5967285034366	388	164	0.0387755322437464	0.0941018053610463
HILp_QI11443	diagnosis	CD	2.97004203138093	1.41700647382136	388	176	0.0386900502083505	0.0941018053610463
HILp_QI25216	diagnosis	UC	-3.12339040691086	1.49256214464112	388	172	0.038996419402019	0.0941942497633309
HILn_QI2717	diagnosis	CD	-3.79593423533652	1.81587862298826	388	235	0.0392625890363292	0.0946086482803114
HILn_QI2754	diagnosis	CD	-3.7651919677072	1.80387032167752	388	234	0.0395229632631174	0.0946461124901936
HILp_QI17131	diagnosis	CD	-3.6018797227372	1.72684740047955	388	255	0.0395620750209009	0.0946461124901936
HILp_QI16416	diagnosis	CD	3.00851411445519	1.44030320433053	388	217	0.0393855635481667	0.0946461124901936
C18n_QI7821	diagnosis	CD	-3.61843398500239	1.73715708567176	388	218	0.0398398051099803	0.0950830670882584
C8p_QI17050	diagnosis	UC	-3.78358832489363	1.82023065551052	388	240	0.040182542849997	0.0956727210714214
HILn_QI1220	diagnosis	CD	-3.67454947668685	1.76887611864481	388	195	0.0404019988829501	0.0957393338458533
C8p_QI13856	diagnosis	CD	-3.35832328647054	1.61643632801406	388	264	0.0403658329734602	0.0957393338458533
HILp_QI20255	diagnosis	UC	3.82814263611746	1.84960496329272	388	240	0.0409912348590728	0.0969059925746402
C8p_QI25015	diagnosis	UC	-3.74857721894457	1.81296879266739	388	246	0.0412273564128526	0.0972343311623881
HILn_QI2616	diagnosis	CD	-4.08694668953404	1.97863611286875	388	238	0.0415758449608456	0.0978255175549308
HILn_QI2647	diagnosis	CD	-4.05766664475793	1.96809684183891	388	241	0.0419609889385709	0.0984999740342041
HILp_QI15946	diagnosis	CD	-2.66369105165289	1.30380574064246	388	239	0.043839378187731	0.102668332992344
HILp_QI21566	diagnosis	CD	3.12292741338327	1.53158057077781	388	110	0.0442040193894811	0.103280419134302
C18n_QI13912	diagnosis	UC	3.84355112052573	1.88894334478744	388	206	0.0444862049390884	0.103697447410463
HILp_QI17063	diagnosis	UC	-3.73382774677733	1.83875736856997	388	218	0.0449416754988981	0.104515524416042
HILn_QI2569	diagnosis	CD	-3.30893929541146	1.62953558792634	388	217	0.045065375691205	0.104560036406508
HILp_QI11558	diagnosis	UC	3.3588591418088	1.65690306701703	388	229	0.0452959289821154	0.1048516874586
HILp_TF33	diagnosis	CD	4.00844806946813	1.97765876857332	388	155	0.0454901835628722	0.105039316695724
C8p_QI26211	diagnosis	CD	-3.33535519376248	1.64707078838954	388	259	0.045587063445944	0.105039316695724
HILn_QI2903	diagnosis	CD	-3.88732804412002	1.92757284045288	388	260	0.0465777500380892	0.107075287443883
HILp_QI19385	diagnosis	UC	-3.46462815092633	1.72241841071218	388	232	0.0469782199526388	0.107748210900548
C18n_QI10462	diagnosis	CD	-3.27856961184257	1.63037415024607	388	220	0.0471053083030861	0.107792467512783
HILp_QI10806	diagnosis	CD	3.12442667261353	1.55488519111803	388	231	0.0473218688628591	0.107794689892617
HILp_QI18482	diagnosis	UC	3.20801229002889	1.59707889117872	388	141	0.0472950518523956	0.107794689892617
HILp_QI12250	diagnosis	CD	-3.10607037773695	1.55101397053348	388	197	0.0479867117494589	0.108567221152622
C18n_QI10062	diagnosis	CD	-3.23692445635313	1.61612642743794	388	221	0.0479754995969055	0.108567221152622
C18n_QI8202	diagnosis	CD	-3.105586487535	1.54890189087126	388	239	0.0477754214903772	0.108567221152622
HILp_QI24513	diagnosis	UC	-3.52005625271024	1.76530627672978	388	249	0.0487962153033964	0.110149470210827
C8p_QI11993	diagnosis	CD	3.16437546652637	1.58905175169721	388	192	0.0494160004836368	0.11104719209806
HILp_QI14980	diagnosis	CD	-2.70603141599488	1.35899374719576	388	228	0.0493695031730803	0.11104719209806
HILp_QI13774	diagnosis	UC	-3.41255626075231	1.71854182398683	388	264	0.0497565529473286	0.111561777908808
C18n_QI9999	diagnosis	CD	-3.17581858616775	1.60252697434782	388	215	0.0503302050847844	0.112595537102426
C8p_QI19537	diagnosis	CD	-3.08862217614705	1.56099852545682	388	185	0.050717224136034	0.113208089589362
HILp_QI14410	diagnosis	CD	3.22207751321552	1.63466245960816	388	256	0.0515235825279346	0.114751854182482
C18n_QI13829	diagnosis	CD	3.07568597604996	1.56353956652239	388	354	0.0520871216916952	0.115749159314878
HILp_QI13774	diagnosis	CD	-3.02367615263507	1.5400695725718	388	264	0.0524300875273115	0.116252965692487
HILp_QI16119	diagnosis	CD	2.81452973502411	1.43494456893921	388	196	0.0526687498090131	0.116523782763303
HILp_TF52	diagnosis	CD	4.38346869179614	2.24190506404212	388	280	0.0533734535533247	0.117822193274447
HILp_QI24045	diagnosis	UC	-3.14201758357502	1.60945285124781	388	172	0.0536568535669676	0.118186902129885
C8p_QI26495	diagnosis	CD	-2.64947824561624	1.3604874654053	388	185	0.0543809451132497	0.119518560688461
HILp_QI11943	diagnosis	CD	-2.89796214389459	1.49596178353213	388	195	0.0556591015891314	0.122059433309499
HILp_QI21690	diagnosis	CD	2.52950643594316	1.30858554672876	388	126	0.0564931307909406	0.123617354028316
C8p_QI10754	diagnosis	UC	-3.66527395803359	1.90666151607745	388	210	0.0573449925172104	0.125207407242818
C8p_QI26128	diagnosis	CD	3.77623237229735	1.9656680724641	388	202	0.0576486964955194	0.125596288661262
C8p_QI26266	diagnosis	UC	-3.19735183273879	1.67159474390669	388	176	0.058679503270619	0.127564137544824
HILp_QI10124	diagnosis	UC	3.19380841577767	1.67376921086161	388	237	0.0592350880714334	0.128492598853435
C18n_TF5	diagnosis	CD	-2.69470547118219	1.42242655528714	388	309	0.0613315925429211	0.132752364811518
HILn_QI14750	diagnosis	UC	-3.21941600663817	1.70460172254051	388	134	0.0619146271648963	0.133724896684441
C18n_QI13811	diagnosis	UC	4.16914593123407	2.21398525489509	388	163	0.0625545121223428	0.13481575888436
HILp_QI17063	diagnosis	CD	-3.09665444908236	1.65120444972327	388	218	0.0637311972068955	0.136781421016485
HILn_TF6	diagnosis	UC	-2.50101306009174	1.33226963770191	388	134	0.0637401421936819	0.136781421016485
C8p_QI8940	diagnosis	CD	-3.18685396945511	1.70081660109277	388	210	0.0639688649376018	0.136978297510925
C18n_QI8145	diagnosis	CD	-3.01970282659334	1.61607650985733	388	291	0.0647905705479356	0.138441390059691
HILp_QI13201	diagnosis	CD	3.17037894729264	1.70533835300943	388	194	0.0660331603333829	0.140270023729575
HILp_QI22779	diagnosis	CD	2.80830872588441	1.50997360185885	388	314	0.0658957914387109	0.140270023729575
HILp_QI14093	diagnosis	CD	2.84342238616291	1.53044816895582	388	163	0.0661432610461625	0.140270023729575
C18n_QI8876	diagnosis	CD	-2.88147254994621	1.55040685712919	388	275	0.0662074512003596	0.140270023729575
HILp_QI10795	diagnosis	CD	2.8663212509228	1.54519398617335	388	127	0.0667201570296002	0.141057414438901
HILn_QI1414	diagnosis	UC	-3.38686661725422	1.83632533351452	388	180	0.0680556480224321	0.143577316503021
C18n_QI13897	diagnosis	UC	3.62618077792607	1.97069181672907	388	141	0.0686840191309623	0.144294157838156
HILp_QI19473	diagnosis	CD	-3.03316344595218	1.647291905133	388	257	0.0686288179511683	0.144294157838156
HILn_QI28561	diagnosis	UC	-3.2098759946626	1.75098749476371	388	220	0.0696375980356501	0.144476344472303
C8p_QI25709	diagnosis	CD	2.91858653161816	1.59108199673221	388	187	0.0695969454279902	0.144476344472303
C8p_QI27060	diagnosis	CD	2.92443510253598	1.59120490023264	388	190	0.0690876434540982	0.144476344472303
C18n_QI6872	diagnosis	CD	-2.96535365340321	1.61472564207103	388	319	0.0694790271711281	0.144476344472303
C18n_QI8931	diagnosis	CD	-2.90160876851249	1.58010010907562	388	271	0.0694502128494655	0.144476344472303
HILp_QI21908	diagnosis	CD	3.0659167803579	1.67029984398518	388	223	0.0694381023454656	0.144476344472303
HILp_QI22384	diagnosis	UC	-2.66398746262406	1.45321992518637	388	187	0.0699341635136882	0.144791228806808
HILp_QI13839	diagnosis	CD	2.83308962090003	1.55575311822274	388	137	0.0716401828712872	0.148016906758858
HILp_QI9050	diagnosis	CD	-2.58890246998234	1.42236719945261	388	271	0.0718665071618214	0.148178365282106
C18n_QI8425	diagnosis	CD	-3.10004070240516	1.70641831729006	388	292	0.07241671760628	0.149005591782469
C18n_QI10508	diagnosis	CD	-3.00036898228991	1.66097190515038	388	228	0.0739452268709159	0.151838248194899
HILp_QI14363	diagnosis	CD	2.65174257542079	1.47136885432079	388	261	0.0746741802898124	0.153020861249616
HILp_TF52	diagnosis	UC	4.48483630921481	2.49531140143171	388	280	0.0752571838992068	0.153273286963761
C18n_QI11997	diagnosis	CD	-2.9595642679886	1.64459099156699	388	230	0.07496904876384	0.153273286963761
HILn_QI4049	diagnosis	UC	-3.16434418925859	1.76065477651214	388	104	0.0751772047790131	0.153273286963761
HILp_QI13528	diagnosis	UC	3.43278286781816	1.91610917949409	388	230	0.0761644086879193	0.154805708715283
HILp_QI3084	diagnosis	UC	-3.86043716935295	2.16233233637708	388	148	0.0772281516550766	0.156649394837884
C18n_QI13910	diagnosis	CD	3.23553373759167	1.81663846469375	388	271	0.0780636016189637	0.158023485058631
HILp_QI25051	diagnosis	CD	-2.56730005599625	1.44366091271951	388	206	0.0784102271727201	0.158404499338828
HILn_QI1447	diagnosis	UC	-3.20145793485452	1.80680526619087	388	179	0.0794437095469367	0.159846498082368
HILp_QI12250	diagnosis	UC	-3.07032366915706	1.73250774776269	388	197	0.0793688947052211	0.159846498082368
C8p_QI11909	diagnosis	CD	-2.84897675869686	1.61117978280702	388	220	0.0802146607894793	0.161073616043131
C18n_QI6993	diagnosis	CD	-2.90536904590366	1.65835462133245	388	275	0.0829885201201129	0.165977040240226
C18n_QI8357	diagnosis	CD	-2.85248304731183	1.62764435587232	388	331	0.0828848337120443	0.165977040240226
C8p_QI7663	diagnosis	CD	-2.73702180096717	1.56478453970678	388	181	0.0834078438828824	0.166482722321122
HILp_QI24228	diagnosis	UC	-2.98416700774347	1.70862334086733	388	226	0.0836747726795923	0.166682814102774
HILp_TF20	diagnosis	UC	-4.89610331765827	2.81622005428095	388	295	0.0850749901813021	0.16879958369306
C8p_QI26495	diagnosis	UC	-2.65339477414786	1.52575202010046	388	185	0.0850665629128869	0.16879958369306
HILp_QI9838	diagnosis	CD	2.75359746295972	1.59011917113485	388	207	0.0865993130168667	0.171483788152211
HILp_QI2003	diagnosis	UC	-3.45061611160157	2.00701943945513	388	193	0.0886270418214618	0.175152256564154
HILp_QI25294	diagnosis	CD	2.74327632965691	1.61168680407486	388	215	0.0919366583304702	0.181334631815523
C18n_QI13335	diagnosis	UC	-3.41362112029224	2.00941363418083	388	185	0.0924269091451372	0.181942734537672
C18n_QI13367	diagnosis	UC	-3.35145472326596	1.98232015598298	388	177	0.0939692227712927	0.184390958804576
C18n_QI13915	diagnosis	CD	-2.62703080521839	1.55355520045242	388	143	0.0940393889903336	0.184390958804576
C18n_QI13355	diagnosis	UC	-3.46501174048477	2.05477269112231	388	186	0.0948130272794063	0.185544084695511
HILp_QI3864	diagnosis	UC	-3.65125804862337	2.16652670409726	388	143	0.0950309182968847	0.185607262298603
HILp_QI20426	diagnosis	CD	-3.03315627446088	1.80143037986063	388	233	0.0953749360597853	0.185916054697437
C18n_QI13683	diagnosis	CD	2.8154012623271	1.67566991164031	388	244	0.0960722657603585	0.186911022880075
HILn_QI1864	diagnosis	CD	-2.77268751646295	1.65679595023121	388	194	0.0974548475492138	0.188865983622507
HILp_QI22010	diagnosis	CD	2.70483115638039	1.6157713331177	388	216	0.0973859587508788	0.188865983622507
HILp_QI20421	diagnosis	CD	-2.58371093940042	1.54685413500622	388	236	0.098144923206878	0.189835441405954
HILp_QI11487	diagnosis	CD	2.52627187523988	1.51882644817635	388	213	0.0994292349217784	0.191948329964823
HILp_QI9474	diagnosis	CD	-2.59978253321176	1.56703265550444	388	273	0.100404941413347	0.192926148146306
C18n_QI5197	diagnosis	UC	2.847075524734	1.7173410322542	388	243	0.100514523184225	0.192926148146306
C18n_QI13920	diagnosis	CD	-2.57950104333601	1.55571772307193	388	135	0.100506822068226	0.192926148146306
C8p_QI25895	diagnosis	CD	-2.53163181838396	1.53030207866017	388	195	0.101182795480642	0.193836772951422
HILp_QI13103	diagnosis	CD	-2.51553040044111	1.53383609884912	388	182	0.104230022966576	0.199292586934179
HILp_QI12078	diagnosis	CD	2.75569344629255	1.68479193428379	388	274	0.105203253498403	0.200387149520767
HILp_QI10262	diagnosis	CD	2.43008960893542	1.48519606159532	388	184	0.105066985712009	0.200387149520767
C8p_QI7916	diagnosis	CD	-2.54126078732729	1.56534468298034	388	179	0.107716805330498	0.204784801008552
HILp_QI9474	diagnosis	UC	-2.83098862372324	1.74915129840976	388	273	0.10876242190798	0.206380307225769
C8p_QI11976	diagnosis	UC	2.78945217003266	1.73269623177204	388	247	0.110705000508882	0.209668561569852
HILp_QI18210	diagnosis	UC	-2.82791644930101	1.75876611943848	388	246	0.111008884869089	0.209846663268599
HILn_QI1931	diagnosis	CD	2.6931260528047	1.67809909655311	388	262	0.111728399609471	0.210808301149946
C18n_QI13913	diagnosis	CD	2.56309865402458	1.6047779356906	388	135	0.11343230165166	0.21321861212718
C8p_QI28181	diagnosis	UC	-2.84801873523911	1.78314636748025	388	217	0.113366250797215	0.21321861212718
HILp_QI23693	diagnosis	UC	-2.94904941242084	1.86083550822507	388	207	0.116229867426279	0.217252088647251
C8p_QI28687	diagnosis	UC	2.68349838589622	1.69310206162239	388	186	0.116050757344661	0.217252088647251
HILp_QI8083	diagnosis	UC	-3.19029106327273	2.01219822286374	388	165	0.116022892496817	0.217252088647251
HILn_TF19	diagnosis	UC	-3.26041463062938	2.06460275383301	388	270	0.117541642773154	0.219294109651406
C8p_QI7774	diagnosis	CD	-2.49266601534576	1.58090382541967	388	181	0.11807639373058	0.219881552570912
C18n_QI13846	diagnosis	CD	2.55551985720328	1.62900631697085	388	232	0.119932588997804	0.222509441554367
HILp_QI12657	diagnosis	UC	-2.57014501161012	1.63675343841105	388	236	0.119716961622722	0.222509441554367
C8p_QI17020	diagnosis	CD	-2.57749871753676	1.6462146387383	388	253	0.120631891733283	0.223290311644917
HILp_QI14149	diagnosis	UC	-2.49271261828432	1.59226259165043	388	192	0.1208000585999	0.223290311644917
C8p_QI8017	diagnosis	CD	-2.47027919122231	1.58020933537681	388	180	0.121215227875219	0.223644331873098
HILp_QI17886	diagnosis	UC	2.85099253922857	1.83810248288411	388	164	0.124037621967375	0.22801033449885
HILp_QI13563	diagnosis	CD	2.35192863955042	1.51508776243949	388	191	0.123877984214015	0.22801033449885
HILp_QI20012	diagnosis	CD	-2.47187249149311	1.59396419074912	388	219	0.124271559990746	0.228021210992195
C18n_QI13830	diagnosis	CD	2.84629024587469	1.8376453958419	388	154	0.124606336161123	0.22821673289583
HILn_QI2178	diagnosis	UC	-2.52560254007895	1.63255069842076	388	175	0.124987866633204	0.22849701395467
HILp_TF26	diagnosis	CD	2.66341988833907	1.72620526822473	388	286	0.125990507287483	0.229864104340092
C8p_QI18814	diagnosis	CD	-2.55642316990899	1.65864252598782	388	292	0.126425257387051	0.229864104340092
C18n_TF5	diagnosis	UC	-2.45490557710583	1.59209117871217	388	309	0.126409939453126	0.229864104340092
HILp_QI12657	diagnosis	CD	-2.25398214199828	1.46327278679358	388	236	0.126969426032042	0.230434530003705
C8p_QI24569	diagnosis	CD	-2.54667772834828	1.66001257145048	388	252	0.128205966285238	0.232257185299344
C18n_QI13742	diagnosis	CD	-2.93631516079698	1.9237814849622	388	184	0.130156769155535	0.235364862849068
HILp_QI25203	diagnosis	UC	-2.98452777718627	1.96568644788477	388	259	0.132030489598502	0.237892774051354
C8p_QI21184	diagnosis	CD	2.46764968959151	1.62398783608434	388	190	0.131808828395933	0.237892774051354
HILp_QI10340	diagnosis	CD	-2.53819796070464	1.6788367707553	388	197	0.133817435169965	0.240678840233749
C8p_QI25850	diagnosis	UC	-2.70782799324027	1.79908712424619	388	236	0.135347526927949	0.242887102919448
HILp_QI10345	diagnosis	CD	2.20434777549641	1.4642533267777	388	245	0.135531003429052	0.242887102919448
C18n_QI13749	diagnosis	CD	-2.80313818827312	1.88047325297425	388	177	0.13927913305943	0.249157662002558
HILp_QI18095	diagnosis	CD	-2.28898743437553	1.54585085097687	388	218	0.141890591357543	0.253376055995613
HILp_QI2003	diagnosis	CD	-2.67122265852548	1.81002996188444	388	193	0.143156489253443	0.255180907760147
HILp_QI23683	diagnosis	CD	2.47262309581088	1.6799573646003	388	243	0.144242794285346	0.256659776308445
HILp_QI12803	diagnosis	UC	-2.38245778092551	1.62351297944858	388	269	0.145313031002161	0.258104850803129
HILp_QI20978	diagnosis	CD	2.73766906087655	1.86741781428549	388	112	0.146214047385394	0.259244764867719
HILp_QI21862	diagnosis	CD	2.3061241706182	1.57869691611055	388	272	0.147226359771225	0.260577627913673
HILp_QI24865	diagnosis	UC	3.18439700225443	2.18311769874604	388	202	0.147751692081353	0.261045392369882
HILp_QI13784	diagnosis	UC	2.37911549688209	1.63431499128947	388	204	0.148595379729741	0.262072980122999
C18n_QI13715	diagnosis	CD	2.40000014910763	1.65289294947272	388	202	0.149697856639267	0.263552564505752
C8p_QI11993	diagnosis	UC	2.56118207728109	1.77461014148364	388	192	0.152241860138782	0.265692600591243
C8p_QI16401	diagnosis	CD	-2.43298516155496	1.68410254324825	388	253	0.151724671079422	0.265692600591243
HILp_QI14980	diagnosis	UC	-2.19911308702052	1.52363238952043	388	228	0.152116607131716	0.265692600591243
HILp_QI14149	diagnosis	CD	-2.05720612940336	1.42339477054403	388	192	0.151815179474982	0.265692600591243
HILp_QI11549	diagnosis	UC	-2.39029836468426	1.6549183624061	388	241	0.151661461122063	0.265692600591243
HILp_QI7592	diagnosis	CD	-2.46199988387012	1.70764620401744	388	249	0.152537233554208	0.265744309327888
C8p_QI20826	diagnosis	CD	2.00795106360503	1.39387472981349	388	230	0.153015753466362	0.266114353854542
C18n_QI12734	diagnosis	CD	-2.09387183835808	1.4549700965179	388	138	0.153323004397437	0.266185771523328
HILn_QI1554	diagnosis	CD	-2.3797635001463	1.65873993652018	388	179	0.154608741990349	0.267376565555521
HILp_QI14410	diagnosis	UC	2.61232525867592	1.82218748918008	388	256	0.154758814972822	0.267376565555521
HILp_QI11151	diagnosis	CD	2.27788300047007	1.5884808936711	388	255	0.154811031456647	0.267376565555521
C18n_QI13755	diagnosis	CD	-2.56733167424136	1.79685179632004	388	167	0.156258164527642	0.269410628495935
HILn_QI4086	diagnosis	UC	2.27867725527208	1.60212261977448	388	240	0.158049449467794	0.27203003350739
HILp_QI19289	diagnosis	UC	2.38875934632087	1.68188765090709	388	123	0.158885878089027	0.272999790530975
C8p_QI26211	diagnosis	UC	-2.59681098334525	1.83522376817551	388	259	0.160155160963351	0.274238289320806
C8p_QI25015	diagnosis	CD	-2.30538204353404	1.62881137243584	388	246	0.160112419673794	0.274238289320806
C18n_QI13732	diagnosis	CD	-2.5521483225309	1.81472432734753	388	173	0.162796342816573	0.277863060240257
HILn_QI1532	diagnosis	CD	-2.28655766577702	1.6257972432066	388	179	0.16282775330079	0.277863060240257
HILp_QI18155	diagnosis	UC	2.21203208709671	1.5862329655387	388	229	0.166287696877067	0.283283981051221
C8p_QI28181	diagnosis	CD	-2.22063665382689	1.60128119916805	388	217	0.1686627451338	0.286841403288776
C8p_QI25594	diagnosis	UC	-2.86585666197651	2.08082270217599	388	237	0.171469038854995	0.289837346452077
C18n_TF1	diagnosis	CD	-2.29005537640604	1.66183845868035	388	244	0.171583709099629	0.289837346452077
HILp_QI22779	diagnosis	UC	2.32660115589732	1.68668947798041	388	314	0.170794122925444	0.289837346452077
HILp_QI13845	diagnosis	CD	2.01761713072597	1.46360865944463	388	187	0.171260838695493	0.289837346452077
HILn_QI1415	diagnosis	CD	2.22269829180229	1.61726417483812	388	198	0.172467925324904	0.290350042634518
C8p_QI7039	diagnosis	UC	-2.52780293579284	1.83906888949564	388	240	0.172325849079446	0.290350042634518
HILp_QI19733	diagnosis	CD	-2.35109882856432	1.71248870629425	388	261	0.172832721610539	0.290475162370653
C18n_QI13879	diagnosis	CD	-2.15746890544924	1.57627352735997	388	165	0.174246568827701	0.292360014811578
HILn_TF2	diagnosis	CD	-2.14484715330544	1.56858833591515	388	280	0.174745451254593	0.292705948500156
HILp_QI16949	diagnosis	CD	1.73492209092236	1.26917707994536	388	108	0.175438517811996	0.293375447846147
HILp_QI12797	diagnosis	CD	-1.97196316901686	1.45233326903979	388	226	0.177725603523206	0.296703845614701
HILp_QI10340	diagnosis	UC	-2.52323090966763	1.86835494178054	388	197	0.179916634415326	0.299861057358876
C8p_QI25102	diagnosis	UC	-2.59072025296966	1.92297595446001	388	199	0.180938751480335	0.300562710100225
HILp_QI8262	diagnosis	CD	2.23781516371548	1.65978075461402	388	178	0.180753720798734	0.300562710100225
C18n_QI13830	diagnosis	UC	2.74307712157705	2.04639811765214	388	154	0.183091448135471	0.303634242347381
C8p_QI16430	diagnosis	CD	-2.22436494827149	1.6621109948469	388	245	0.183896167055135	0.303960606702702
HILp_QI18646	diagnosis	CD	-2.02895065693695	1.51530769803284	388	245	0.183799219113164	0.303960606702702
HILp_QI25051	diagnosis	UC	-2.1566130551492	1.61665387546664	388	206	0.185134050076092	0.305501732798832
C18n_QI13886	diagnosis	CD	-2.08481460623909	1.56355209543028	388	164	0.185532959036841	0.30565561620567
C8p_QI26482	diagnosis	UC	2.99659388526102	2.27517018041857	388	191	0.190795429963468	0.312779393382735
HILp_QI20978	diagnosis	UC	2.75151798665671	2.08676344558487	388	112	0.190619032605359	0.312779393382735
HILp_QI20421	diagnosis	UC	-2.27669178549825	1.72801318954739	388	236	0.190715728980829	0.312779393382735
C18n_QI6486	diagnosis	UC	2.41342779775699	1.8355887645213	388	221	0.191565986369404	0.313528619262526
HILp_QI25203	diagnosis	CD	-2.31860865737229	1.76759573013909	388	259	0.192627349957845	0.314750571826543
HILp_QI22820	diagnosis	CD	-2.31752812651496	1.76849335258006	388	171	0.193397491510522	0.315493460865452
HILp_QI16949	diagnosis	UC	1.85022453542984	1.42806976731376	388	108	0.198621713868759	0.323488133336741
HILp_QI8757	diagnosis	CD	1.9936367833379	1.54171540533732	388	202	0.199036448441378	0.323636501530695
HILn_QI1135	diagnosis	UC	2.6583952298752	2.06863638856161	388	149	0.20166742544896	0.326851580954554
HILp_QI378	diagnosis	UC	-2.62950372710795	2.04542870090448	388	155	0.20154944675569	0.326851580954554
C8p_QI25334	diagnosis	CD	-1.93389588238403	1.50768237042303	388	233	0.202739650958798	0.328057687635596
C18n_QI13156	diagnosis	UC	2.15409667771463	1.68424616731283	388	118	0.203828014872808	0.329285969099852
HILp_QI16819	diagnosis	UC	-2.13558163001165	1.67341150253578	388	279	0.204829113029668	0.330369537144626
HILp_QI13561	diagnosis	CD	1.90236646543993	1.49973618787049	388	176	0.207655461665797	0.334388827159093
HILn_QI28561	diagnosis	CD	-1.98629264782543	1.56791799226678	388	220	0.208144436837247	0.33463735825924
HILp_QI23693	diagnosis	CD	-2.10392515213268	1.66579955591739	388	207	0.20968659113342	0.336575587694094
HILp_QI19705	diagnosis	CD	-2.04276848749187	1.62253390871554	388	117	0.211435722444164	0.338297155910662
C8p_QI17050	diagnosis	CD	-2.05759110970461	1.63502411258338	388	240	0.211205785935635	0.338297155910662
HILp_QI23682	diagnosis	CD	-1.92484101684303	1.53277590744123	388	302	0.212108107875772	0.338344406146619
HILp_QI14193	diagnosis	UC	-2.06952015011537	1.64750246388727	388	206	0.21214194265393	0.338344406146619
HILp_QI21535	diagnosis	CD	1.8645028435482	1.4891700467232	388	133	0.213679651840266	0.340254222675583
HILp_QI18408	diagnosis	UC	1.96395924324043	1.57738354420633	388	190	0.216048521142921	0.343479365886997
HILp_QI11954	diagnosis	UC	-2.24125985099757	1.80441983921979	388	285	0.2170929667355	0.344045906078447
HILp_QI11066	diagnosis	UC	1.96331309327602	1.5799708941193	388	219	0.216834345988664	0.344045906078447
HILp_QI14726	diagnosis	CD	1.93566654475402	1.55970529865555	388	201	0.217802780801805	0.344624653167413
HILn_QI17883	diagnosis	UC	2.38266022728849	1.93468506202685	388	297	0.221019087873174	0.349161276260938
C18n_TF1	diagnosis	UC	-2.28226663573862	1.85769644328527	388	244	0.222300304435392	0.350631395008504
C18n_QI13770	diagnosis	CD	1.98506530932218	1.61910044384518	388	212	0.223055405751994	0.350716046779865
HILp_QI10347	diagnosis	UC	2.0344044418908	1.6577025880952	388	125	0.22271827240446	0.350716046779865
C18n_QI4496	diagnosis	UC	-2.43816878994885	1.99040064814579	388	255	0.223514946572912	0.350886886299705
HILn_QI24618	diagnosis	UC	2.24694502295142	1.83543984240902	388	240	0.223918015243199	0.350968675929778
HILn_QI32559	diagnosis	CD	2.38023537654768	1.94745656146533	388	197	0.224451091799861	0.351253664788515
HILp_QI735	diagnosis	CD	-2.22181652580969	1.8213477619651	388	256	0.225408490286121	0.352200766072065
C18n_QI6566	diagnosis	CD	-2.02758106141535	1.67667604063304	388	267	0.229428565835336	0.35736536734476
HILn_QI1632	diagnosis	CD	-1.90546461343051	1.57437723662393	388	183	0.229118063193479	0.35736536734476
HILp_QI21318	diagnosis	CD	-1.89062945754926	1.57046060937846	388	262	0.231628372423127	0.359274859396251
HILp_QI19125	diagnosis	CD	-1.93497750897019	1.60556222456168	388	206	0.231063046963884	0.359274859396251
C8p_QI5201	diagnosis	UC	2.01996167866434	1.67910789580265	388	246	0.231732284310582	0.359274859396251
HILp_QI16421	diagnosis	CD	-1.77940588774432	1.48393431499453	388	226	0.233404703152637	0.360219301723762
C8p_QI26720	diagnosis	CD	1.90660264998026	1.59026146916974	388	214	0.23340509158958	0.360219301723762
HILp_QI25032	diagnosis	CD	1.74319136869511	1.45381886034159	388	257	0.233422107516998	0.360219301723762
HILp_QI735	diagnosis	UC	-2.41260738680624	2.02240243505556	388	256	0.235687903118839	0.363155474759381
HILn_QI1477	diagnosis	UC	-1.96589689558864	1.65167763457755	388	180	0.236722701606939	0.364188771702982
HILp_QI24490	diagnosis	CD	-1.73045240676062	1.47135309314622	388	192	0.24247983110219	0.37247285883593
C18n_QI8357	diagnosis	UC	-2.12246572762434	1.81253167825373	388	331	0.244427369370536	0.374888603329044
HILp_QI14049	diagnosis	CD	1.86573861071566	1.59827155302621	388	315	0.246041400351171	0.376786217995667
HILp_QI21874	diagnosis	CD	1.88312208855087	1.61655275872303	388	152	0.247229492481324	0.378026746913339
HILp_QI24369	diagnosis	CD	-1.69699433546381	1.46888833003785	388	226	0.250841412276246	0.38296398820801
C18n_QI10062	diagnosis	UC	-2.07511569647458	1.80115256665776	388	221	0.252023087172723	0.384181535324273
C8p_QI20628	diagnosis	CD	-1.74412062704813	1.52438255442596	388	214	0.255396811921424	0.388484525844224
C8p_QI5111	diagnosis	UC	1.89439338886732	1.65720013537333	388	273	0.255622818005499	0.388484525844224
HILp_QI18408	diagnosis	CD	1.60589492150304	1.40863856536467	388	190	0.257143292878927	0.389611049816556
C8p_QI28759	diagnosis	UC	2.00443409911455	1.7572312416638	388	241	0.2567651974707	0.389611049816556
C18n_QI13694	diagnosis	UC	2.18126206632476	1.92622891226392	388	195	0.260145194791003	0.392968572191848
HILn_QI2407	diagnosis	CD	1.88757972740481	1.66565231171922	388	257	0.259865250218818	0.392968572191848
C8p_QI26128	diagnosis	UC	2.47284431122477	2.19099691885064	388	202	0.261745116353435	0.394521371344854
C18n_QI13913	diagnosis	UC	2.01663437574936	1.78771415723724	388	135	0.261962190572983	0.394521371344854
C18n_QI12760	diagnosis	UC	1.9734464203521	1.7572136647964	388	112	0.264078260361572	0.396945956755211
C8p_QI15972	diagnosis	CD	-1.67239112424051	1.48975282431945	388	230	0.26436600719897	0.396945956755211
C18n_QI13745	diagnosis	UC	2.05355899757551	1.83323787752049	388	163	0.265278615916901	0.39771906434318
C18n_QI13760	diagnosis	UC	-2.12595181995297	1.90044439086288	388	230	0.265925055808888	0.398091400911509
HILp_QI18156	diagnosis	UC	1.96109166552796	1.76275186960033	388	259	0.268579776353429	0.401464538644887
C8p_QI11909	diagnosis	UC	-1.99341385359828	1.79497434537205	388	220	0.26947265096593	0.402197986516314
C8p_QI26870	diagnosis	UC	2.04031116323887	1.84807924227626	388	168	0.272182161841487	0.405409253990982
HILp_QI16819	diagnosis	CD	-1.65360253159273	1.49818601901038	388	279	0.27243501868194	0.405409253990982
HILp_QI14055	diagnosis	UC	-1.84193027485686	1.68318275018548	388	194	0.276442683920526	0.40970942869401
C8p_QI5111	diagnosis	CD	-1.62442751754455	1.48476967217187	388	273	0.276553864368457	0.40970942869401
C18n_QI8876	diagnosis	UC	-1.89256890799725	1.7291082383759	388	275	0.276416265055054	0.40970942869401
HILp_QI11443	diagnosis	UC	1.73146880031169	1.58468196561493	388	176	0.277166571443432	0.410009721070165
HILp_QI22456	diagnosis	CD	-1.91935818673152	1.76318101985342	388	243	0.279013682093907	0.41213246985806
HILp_QI17087	diagnosis	CD	-1.56537366482998	1.44013457091157	388	195	0.279766961114205	0.412317352329398
HILp_QI21186	diagnosis	CD	-1.58948301430669	1.46269722302882	388	168	0.279963482231661	0.412317352329398
C8p_QI1909	diagnosis	UC	2.07608585865282	1.91324436056332	388	144	0.280446408091116	0.412421188369289
HILp_TF21	diagnosis	UC	2.48522986739774	2.30506346541712	388	167	0.283575055053006	0.415108778459743
HILp_QI17682	diagnosis	UC	-1.76363825709055	1.63624169366821	388	183	0.283934404466464	0.415108778459743
HILn_QI7647	diagnosis	UC	-1.88813323984649	1.7511349745166	388	263	0.283498802281007	0.415108778459743
C18n_QI8145	diagnosis	UC	-1.94056735718759	1.80099330540494	388	291	0.283925178992101	0.415108778459743
C18n_QI9999	diagnosis	UC	-1.91615024411335	1.78606694713835	388	215	0.285924447572544	0.416799486257352
HILn_QI5070	diagnosis	UC	1.92879335966847	1.79624346453911	388	125	0.285510308885534	0.416799486257352
C18n_QI13760	diagnosis	CD	-1.83222521886042	1.70967275816398	388	230	0.286461214976445	0.416974112047227
HILp_QI10795	diagnosis	UC	1.84566647444397	1.72538872001912	388	127	0.287385479560866	0.41710519529879
C18n_QI8931	diagnosis	UC	-1.88473162819763	1.76143440942101	388	271	0.287263248839033	0.41710519529879
C8p_QI27409	diagnosis	UC	-1.57574100938429	1.47652728149184	388	186	0.288426321040134	0.41800916092773
C18n_QI13334	diagnosis	UC	-2.08101011811674	1.95544813634089	388	206	0.289803131963708	0.418790653126746
C8p_QI19537	diagnosis	UC	-1.85183163789157	1.73973157682029	388	185	0.289716896299586	0.418790653126746
C18n_QI8082	diagnosis	UC	-1.84737186568745	1.74287707454809	388	311	0.291772357868157	0.420788119320351
HILp_QI23305	diagnosis	CD	1.53232376573175	1.44642040075886	388	219	0.292026954808324	0.420788119320351
C8p_QI8940	diagnosis	UC	-2.00236449939462	1.8951479032193	388	210	0.293246397963647	0.421937263257046
HILn_QI3776	diagnosis	CD	1.58098358637419	1.49777669186477	388	275	0.293788016761154	0.422109219484416
HILp_QI25066	diagnosis	UC	-1.89477220325033	1.80384966027143	388	205	0.296090417320413	0.424806911507049
HILn_QI1460	diagnosis	UC	-1.76743272110264	1.68623803037485	388	178	0.297053367487494	0.425577890383229
HILp_QI8083	diagnosis	CD	-1.89532137349092	1.81354427488413	388	165	0.298548461051356	0.427107955724401
C18n_QI13683	diagnosis	UC	1.94497563579756	1.86460106165026	388	244	0.299371967058118	0.427674238654454
HILp_QI3864	diagnosis	CD	-2.03384494292937	1.95527006303985	388	143	0.300779058456387	0.429071410066173
HILn_QI2248	diagnosis	UC	-2.17899084151803	2.10271605436686	388	223	0.302576861833028	0.430669632631961
HILp_QI18210	diagnosis	CD	-1.62921428797441	1.5725027046289	388	246	0.302767306350872	0.430669632631961
C18n_QI13170	diagnosis	UC	1.72874438662569	1.67187365871109	388	109	0.303622091005532	0.430669632631961
HILp_QI21908	diagnosis	UC	1.92118646005327	1.85730381912299	388	223	0.303423195128864	0.430669632631961
HILp_QI14055	diagnosis	CD	-1.54661096303388	1.50726036551723	388	194	0.307400541553883	0.433569170033685
C18n_QI13829	diagnosis	UC	1.78964433813542	1.74346151845611	388	354	0.307189148660048	0.433569170033685
C8p_QI25225	diagnosis	CD	-1.44105032816003	1.40352025404063	388	114	0.307222227581615	0.433569170033685
HILp_QI25032	diagnosis	UC	1.6672738364245	1.62480646038455	388	257	0.307279344367057	0.433569170033685
HILp_QI21186	diagnosis	UC	-1.66736535995236	1.63447062301757	388	168	0.310198932327099	0.436899904686056
HILn_QI1228	diagnosis	CD	-1.59088872022686	1.57350491777847	388	168	0.314527163515287	0.442372944465945
HILn_QI1103	diagnosis	UC	-1.94994752802269	1.93315237144153	388	195	0.315560643991945	0.443020481900177
C8p_QI26993	diagnosis	UC	1.74942882841433	1.73561225014219	388	164	0.315873603594826	0.443020481900177
HILn_QI2647	diagnosis	UC	-2.20222469388519	2.19551503145348	388	241	0.318296906309294	0.445793986427583
C8p_QI8858	diagnosis	UC	-1.96629794091091	1.96571067408598	388	229	0.319590060084547	0.446979105013353
HILn_QI803	diagnosis	CD	1.67275619738728	1.67656144275509	388	161	0.321002969832254	0.44832817015678
C8p_QI5680	diagnosis	CD	-1.6740403660841	1.70059585832444	388	165	0.327368896605833	0.4565814457543
HILn_QI1018	diagnosis	UC	1.86510268449586	1.90960766394025	388	132	0.331045390673497	0.461066003723534
C8p_QI8747	diagnosis	UC	-1.89920951498968	1.95287702426637	388	230	0.3331495960563	0.462707772300416
HILp_QI189	diagnosis	UC	-2.04496995336494	2.10273521970182	388	274	0.333123189619846	0.462707772300416
HILn_QI2616	diagnosis	UC	-2.14079057364142	2.20689416728258	388	238	0.334392396316954	0.463789731368869
HILp_QI3084	diagnosis	CD	-1.8841547699016	1.95048468005705	388	148	0.336399837329816	0.465927752534372
C8p_QI4900	diagnosis	CD	-1.38840892313407	1.43900059657462	388	243	0.33701305099416	0.466131467488465
C8p_QI2112	diagnosis	CD	-1.6014783211618	1.66657937563384	388	149	0.338932332613242	0.468138580957517
C8p_QI26573	diagnosis	UC	1.97575662053543	2.07864997163983	388	208	0.344152098154508	0.473386654958058
HILp_QI24903	diagnosis	UC	1.47488670684614	1.550372152321	388	102	0.343758842131802	0.473386654958058
C8p_QI21828	diagnosis	CD	1.46077709714368	1.53431723614714	388	247	0.343346550840852	0.473386654958058
C18n_QI12685	diagnosis	CD	-1.67252026861499	1.77564787353452	388	229	0.348494779764352	0.477582150049763
HILp_QI25112	diagnosis	UC	-1.64957785093637	1.75191497062511	388	148	0.348634969536327	0.477582150049763
C18n_QI8202	diagnosis	UC	-1.62976716055831	1.72765857261243	388	239	0.347800863541328	0.477582150049763
C18n_QI13404	diagnosis	CD	-1.39596958936883	1.49570010597188	388	171	0.352947390043471	0.482828166954132
HILp_QI20661	diagnosis	CD	-1.42070109232991	1.52355665723479	388	237	0.353443853752405	0.482846794743723
C8p_QI28647	diagnosis	UC	1.42306502875822	1.52987574729465	388	218	0.354652011264994	0.483836304590715
C18n_QI8425	diagnosis	UC	-1.76315118589504	1.90172093419059	388	292	0.356136937011152	0.485200186663695
HILn_QI21	diagnosis	CD	-1.46512476931829	1.5875577162027	388	174	0.358458883116868	0.487036525974005
C18n_QI3158	diagnosis	UC	1.62265679802055	1.75772099719462	388	133	0.358127947855519	0.487036525974005
C18n_QI13324	diagnosis	UC	-1.76229074459104	1.91738324555919	388	199	0.36025714117489	0.488815659667423
HILn_QI1228	diagnosis	UC	1.60989762978748	1.75390223765427	388	168	0.360899271069795	0.489023402533598
C18n_QI6486	diagnosis	CD	-1.50829440988095	1.64593791966879	388	221	0.361730966534888	0.489168476795409
HILp_QI22010	diagnosis	UC	1.64854918938289	1.8000456172227	388	216	0.361984672828602	0.489168476795409
HILn_QI1103	diagnosis	CD	-1.58769765193634	1.73556955284386	388	195	0.362562018464144	0.489287474310586
C18n_QI12685	diagnosis	UC	1.80490887300224	1.97838935147447	388	229	0.363729075223456	0.490200910004657
C8p_QI25225	diagnosis	UC	1.43195554149613	1.5711678341145	388	114	0.364362773340369	0.490394042180847
HILn_TF8	diagnosis	UC	1.69598264947452	1.86849485142511	388	123	0.366250484884924	0.490447035058862
C18n_QI11503	diagnosis	CD	-1.49441683419262	1.64429517397742	388	218	0.365734292123815	0.490447035058862
HILp_QI13103	diagnosis	UC	-1.55615729005214	1.71315924652814	388	182	0.365858362652504	0.490447035058862
HILp_QI21790	diagnosis	CD	1.47521447645585	1.62551613482716	388	156	0.36636393518897	0.490447035058862
HILn_QI1018	diagnosis	CD	-1.54777562478163	1.71461067939862	388	132	0.368885960581378	0.493163048905585
C8p_QI28420	diagnosis	UC	-1.31112816842555	1.45455526642908	388	278	0.369745137030808	0.493651718332187
C18n_QI10508	diagnosis	UC	-1.65794411910472	1.85047751096498	388	228	0.37242364306084	0.495903652544394
HILp_QI19704	diagnosis	CD	-1.43995032856742	1.60672152523514	388	135	0.372384725527744	0.495903652544394
HILn_QI12440	diagnosis	UC	1.91332205601529	2.14765369285504	388	163	0.375155094110315	0.49887645493393
HILp_QI22009	diagnosis	CD	1.68140501654117	1.88937356100688	388	217	0.375703485025483	0.49894221118922
HILp_QI16360	diagnosis	UC	-1.65817733498525	1.86793835496642	388	204	0.37682204840623	0.499102050869179
C8p_QI5201	diagnosis	CD	-1.33607113108769	1.50493410087151	388	246	0.376785290168512	0.499102050869179
HILn_TF14	diagnosis	CD	-1.58011758015486	1.78803719548638	388	205	0.379085875164967	0.500113291774362
HILp_QI19385	diagnosis	CD	-1.3620862987822	1.54010787445295	388	232	0.378690611832688	0.500113291774362
HILn_QI1415	diagnosis	UC	1.59513356452283	1.80478999439104	388	198	0.378880893178242	0.500113291774362
C18n_QI10462	diagnosis	UC	-1.60009638728293	1.81713746337354	388	220	0.380667253474153	0.501537883365155
C8p_QI28924	diagnosis	UC	1.64484861201565	1.87995757719368	388	166	0.3835914077365	0.504725536495395
HILp_TF26	diagnosis	UC	1.68034147963491	1.92446479371776	388	286	0.384602848535853	0.505391390980096
HILn_QI2903	diagnosis	UC	-1.84935307922094	2.14979393429365	388	260	0.391771595623315	0.51372693725854
C18n_QI6566	diagnosis	UC	1.60425507627922	1.86605603232386	388	267	0.391973653128266	0.51372693725854
HILp_QI14049	diagnosis	UC	1.52521566881519	1.78377785118493	388	315	0.394640137500261	0.516544682591965
C18n_QI3158	diagnosis	CD	-1.34243264944255	1.57764814913138	388	133	0.396895675949057	0.518817877057591
C18n_QI6872	diagnosis	UC	-1.51937784097337	1.79914811659596	388	319	0.400490464325028	0.522833504340767
HILp_QI10785	diagnosis	UC	-1.67463551970725	1.99148153615404	388	171	0.402404806989436	0.524647727496005
HILp_QI24354	diagnosis	UC	1.37120182241738	1.6509095970393	388	292	0.408120805795175	0.531407299212467
HILp_QI17524	diagnosis	UC	-1.25865191730099	1.51862577179382	388	111	0.409069686355178	0.531950177314926
HILn_QI25680	diagnosis	CD	-1.13965621686415	1.38526102670613	388	203	0.412616144231174	0.535865122378148
HILn_QI2732	diagnosis	UC	-1.65601884751623	2.03108200308886	388	235	0.416856208884185	0.539969182492468
C8p_QI2112	diagnosis	UC	1.51486505955817	1.85631437485889	388	149	0.416376796784988	0.539969182492468
HILn_QI3368	diagnosis	UC	-1.69996782757382	2.09210788413447	388	302	0.418461677087576	0.541347577086126
HILn_QI2677	diagnosis	UC	-1.6017692439236	1.99310978794681	388	230	0.423520855641494	0.5445449244576
HILp_QI19375	diagnosis	UC	1.27070293822153	1.58253285510091	388	213	0.424200496152471	0.5445449244576
C18n_QI11529	diagnosis	CD	-1.2711024792946	1.58228926365869	388	244	0.423786279412221	0.5445449244576
HILn_QI2203	diagnosis	CD	-1.21314796407098	1.50958510069663	388	257	0.423758391308008	0.5445449244576
HILp_QI18646	diagnosis	UC	1.35748344614802	1.69122485959835	388	245	0.424121168871253	0.5445449244576
HILp_QI8757	diagnosis	UC	1.38581651610515	1.71941453347697	388	202	0.422163183466857	0.5445449244576
HILp_TF49	diagnosis	CD	-1.39739136707422	1.7445409245328	388	241	0.425186148586758	0.5451104469061
C18n_QI12760	diagnosis	CD	-1.23267677935765	1.57355250882881	388	112	0.435307350899402	0.557371768117031
C18n_QI13910	diagnosis	UC	1.57158040157584	2.0265706387849	388	271	0.43989580768056	0.561515475850728
HILn_QI3392	diagnosis	UC	-1.57751072049584	2.03810080995171	388	308	0.440789648542822	0.561515475850728
HILp_QI18482	diagnosis	CD	1.10852158311944	1.42786034733837	388	141	0.439465286304673	0.561515475850728
HILp_QI24490	diagnosis	UC	-1.27255104355454	1.64380327851636	388	192	0.440686666678398	0.561515475850728
HILp_QI17131	diagnosis	UC	-1.46940437432336	1.92078713031537	388	255	0.446043929561647	0.567034383545223
HILp_QI20501	diagnosis	UC	-1.31447923348491	1.71919866383212	388	239	0.446256059850091	0.567034383545223
C18n_QI13915	diagnosis	UC	-1.31595348580964	1.73352145021317	388	143	0.449554778086381	0.570500987419265
HILp_QI24903	diagnosis	CD	-1.03666299485141	1.38153172079761	388	102	0.454889567288279	0.576539375523801
HILp_QI10262	diagnosis	UC	1.24249385147933	1.65914339022398	388	184	0.455696517415858	0.576831034703617
HILn_QI2754	diagnosis	UC	-1.50094734205136	2.0116974844064	388	234	0.457375334219326	0.578224189910652
HILp_QI25294	diagnosis	UC	-1.33597769370774	1.79396847637495	388	215	0.458203638021636	0.578539946997015
HILp_QI18884	diagnosis	CD	-1.1487502920753	1.55866695746053	388	116	0.463105671214134	0.583256512864148
HILp_QI21480	diagnosis	CD	-1.12503358596706	1.52730088966717	388	236	0.463096000710911	0.583256512864148
HILn_TF8	diagnosis	CD	-1.22830288991432	1.67298596608565	388	123	0.464621709528314	0.58369561498532
C18n_QI13333	diagnosis	UC	-1.30659998791167	1.77845855477291	388	165	0.464254834812204	0.58369561498532
C8p_QI24566	diagnosis	CD	1.09108840621473	1.49040382371939	388	162	0.465972890127309	0.584658582342922
HILn_QI2717	diagnosis	UC	-1.46256161777859	2.02656699999197	388	235	0.47220400944743	0.587318419710734
HILn_QI2423	diagnosis	UC	-1.40161270081318	1.94131454626072	388	223	0.471995427062036	0.587318419710734
HILp_QI7320	diagnosis	CD	1.18563353281054	1.63695360426416	388	254	0.470579151947482	0.587318419710734
HILp_QI24879	diagnosis	CD	1.04417795662236	1.43842506145207	388	221	0.46972103026419	0.587318419710734
C18n_QI12734	diagnosis	UC	1.18095141362152	1.62638084310825	388	138	0.469441812015255	0.587318419710734
C8p_QI7663	diagnosis	UC	-1.25998046963293	1.74453004098929	388	181	0.471816507913767	0.587318419710734
C8p_QI4900	diagnosis	UC	1.16076606096229	1.60848086837216	388	243	0.472173719049499	0.587318419710734
HILp_QI18613	diagnosis	UC	1.20165394965397	1.68847547522331	388	150	0.478257837372247	0.593372006665318
HILp_TF37	diagnosis	CD	-1.05096968887382	1.47526942844104	388	337	0.478130719644446	0.593372006665318
HILn_QI1135	diagnosis	CD	-1.31193343597305	1.85901968947738	388	149	0.482015584601265	0.595816544624555
HILp_QI7592	diagnosis	UC	-1.34054820854193	1.89779961559264	388	249	0.481586142170891	0.595816544624555
HILn_QI2178	diagnosis	CD	-1.03325967196622	1.46084011673134	388	175	0.481068054387325	0.595816544624555
C8p_QI7916	diagnosis	UC	-1.18950997591538	1.74517821588435	388	179	0.497058045656945	0.61365190821845
HILp_TF49	diagnosis	UC	1.31454122548015	1.95203127660921	388	241	0.502297334508791	0.619355529603934
C18n_QI13715	diagnosis	UC	1.22690591317967	1.84381663196706	388	202	0.507299226277656	0.624060532155786
HILn_QI2231	diagnosis	UC	-1.21186599920292	1.82147663469018	388	213	0.507361212642654	0.624060532155786
C18n_QI13745	diagnosis	CD	-1.09043087788718	1.64408628618513	388	163	0.508723771605185	0.624200946754828
HILp_QI12797	diagnosis	UC	-1.07727313992499	1.6238223822347	388	226	0.508599901323993	0.624200946754828
C18n_QI6993	diagnosis	UC	-1.2229044817188	1.84864623692684	388	275	0.509827152755408	0.624788177396333
HILp_QI189	diagnosis	CD	-1.25190851359876	1.89573284191459	388	274	0.510543659217936	0.624900439679237
C18n_QI13920	diagnosis	UC	-1.14428262439616	1.73549060212073	388	135	0.511177052356602	0.624910821951836
HILp_QI378	diagnosis	CD	-1.20776279045529	1.84465856962085	388	155	0.514153774270578	0.627782386166762
C18n_QI13170	diagnosis	CD	-0.957351214823547	1.49697607541529	388	109	0.523996470530179	0.639020086012413
HILp_QI24354	diagnosis	CD	0.940661174131464	1.47796681237218	388	292	0.52592976631298	0.640596548493277
C8p_QI27147	diagnosis	UC	1.06255701408673	1.67956726576669	388	176	0.528391552447327	0.642031047931139
HILp_QI7598	diagnosis	CD	-1.10763606015028	1.7495504660649	388	306	0.528103010837813	0.642031047931139
HILp_QI23420	diagnosis	CD	0.923914822547995	1.46473680560959	388	288	0.529635038875218	0.642760969508759
HILp_QI18884	diagnosis	UC	-1.09298351148414	1.74026890807301	388	116	0.531560551002338	0.644315819396773
C8p_QI7774	diagnosis	UC	-1.09948396469984	1.762556814524	388	181	0.534163089378594	0.646686548884496
HILp_QI7598	diagnosis	UC	-1.19984536096864	1.9421343514559	388	306	0.538076561580717	0.650636712915014
HILn_QI3923	diagnosis	UC	-1.03567997811412	1.68800237954552	388	248	0.540873807501146	0.653229236112495
HILp_QI8262	diagnosis	UC	1.13042357265171	1.84981088199104	388	178	0.542536589846045	0.654447032383649
C8p_QI8017	diagnosis	UC	-1.06924475031516	1.76154321586246	388	180	0.545217640737447	0.656888723780057
HILn_QI1864	diagnosis	UC	-1.11667876942248	1.84733898840357	388	194	0.546896910783363	0.656988270054545
C8p_QI1909	diagnosis	CD	-1.03240407835395	1.71870233768852	388	144	0.549424693653729	0.656988270054545
C8p_QI25334	diagnosis	UC	1.01577325973257	1.68619299257351	388	233	0.548293469398289	0.656988270054545
HILp_QI19125	diagnosis	UC	-1.07400864278918	1.79018994853453	388	206	0.549899182035654	0.656988270054545
HILp_QI11487	diagnosis	UC	-1.02277985486805	1.69555600105554	388	213	0.547707801069335	0.656988270054545
C8p_QI28035	diagnosis	UC	0.948235810544316	1.57990088673361	388	225	0.549757040843584	0.656988270054545
HILp_QI16359	diagnosis	UC	-1.06868738557521	1.77797895223537	388	180	0.549167001159276	0.656988270054545
HILp_QI8936	diagnosis	UC	-0.970799119954064	1.62180511141705	388	263	0.550789248808762	0.657266406693033
HILn_QI21	diagnosis	UC	1.05495641644856	1.77333504234426	388	174	0.553304925416812	0.658570553884676
HILn_QI2569	diagnosis	UC	-1.07727464019344	1.8176274205091	388	217	0.554745998930035	0.658570553884676
HILn_QI25680	diagnosis	UC	-0.918086031577561	1.55103031264272	388	203	0.555174976924782	0.658570553884676
HILp_QI20012	diagnosis	UC	-1.05184064714395	1.77615235084131	388	219	0.555077374528861	0.658570553884676
HILp_QI21535	diagnosis	UC	-0.988621615481171	1.66258008147875	388	133	0.553478592698483	0.658570553884676
C18n_QI13354	diagnosis	UC	-1.06790594600418	1.84076122500612	388	214	0.563120935495136	0.667204899875754
C18n_QI13742	diagnosis	UC	-1.23723629121602	2.14398367403133	388	184	0.565177287823871	0.668848861330024
HILp_QI18006	diagnosis	UC	0.955302127930098	1.66852284800846	388	120	0.568378693527067	0.671261597264554
HILp_QI22780	diagnosis	CD	0.833244848229518	1.4564199384898	388	267	0.568558572883078	0.671261597264554
HILn_QI5070	diagnosis	CD	0.919626507737767	1.61157303288888	388	125	0.569568632320563	0.671661123019532
HILn_QI14750	diagnosis	CD	-0.868099625287388	1.52792056168195	388	134	0.571279723358422	0.672885422094726
HILn_QI3776	diagnosis	UC	0.948782018722944	1.67386193537961	388	275	0.572094531622914	0.673052390144604
HILp_QI18006	diagnosis	CD	-0.833293090315033	1.48579362452489	388	120	0.576365996641975	0.674750876150944
C8p_QI28879	diagnosis	UC	1.04183436674786	1.86483938815368	388	192	0.577586749985208	0.674750876150944
C8p_QI28687	diagnosis	CD	0.849196090720797	1.51523396167939	388	186	0.576445461426647	0.674750876150944
C8p_QI13856	diagnosis	UC	-1.00638867981121	1.80045364867593	388	264	0.577428886297716	0.674750876150944
C8p_QI28759	diagnosis	CD	-0.886863189313647	1.57606607285654	388	241	0.574950783610765	0.674750876150944
HILn_QI2203	diagnosis	UC	0.947191325729247	1.68635322565163	388	257	0.575699179463212	0.674750876150944
C18n_QI13755	diagnosis	UC	-1.09819162351949	2.00377388725314	388	167	0.584863375386206	0.680258616000736
HILp_QI21205	diagnosis	CD	-0.896836510323585	1.63572537511627	388	130	0.584834155134333	0.680258616000736
C8p_QI5680	diagnosis	UC	1.0334707801211	1.89330931442084	388	165	0.586382926992635	0.680258616000736
HILn_TF6	diagnosis	CD	-0.646415704309802	1.18205096536341	388	134	0.585910602335575	0.680258616000736
HILp_QI15946	diagnosis	UC	-0.79966091454849	1.46318565157538	388	239	0.585940524009598	0.680258616000736
C8p_QI28647	diagnosis	CD	-0.751223543382516	1.36550409671267	388	218	0.583579019465172	0.680258616000736
HILp_QI21874	diagnosis	UC	0.971753268742027	1.80805636674913	388	152	0.592264640099568	0.686285793858132
HILp_QI20426	diagnosis	UC	-1.06748631782804	2.00830486435144	388	233	0.596200420640096	0.69004678314826
HILp_QI23880	diagnosis	CD	0.78498833482691	1.50363865125875	388	131	0.602860562693372	0.696948627391181
C8p_QI28420	diagnosis	CD	-0.673139345148796	1.29441208785251	388	278	0.604358322739101	0.697873351892726
HILp_TF34	diagnosis	UC	0.933345898622933	1.82904985553509	388	321	0.611015224059832	0.704746509872932
C18n_QI11529	diagnosis	UC	0.896698880895114	1.76584331783676	388	244	0.612729210053132	0.705909228171811
C18n_QI5197	diagnosis	CD	0.778651924690065	1.53853994318592	388	243	0.613951274315512	0.706503192537988
HILp_QI16679	diagnosis	CD	-0.744315906444928	1.4800398866875	388	279	0.616233951989085	0.708314887343776
HILp_QI14551	diagnosis	CD	-0.72731072150622	1.46066129588553	388	211	0.619669024414732	0.709815606431538
C8p_QI28035	diagnosis	CD	0.702786299288912	1.41079103669782	388	225	0.619532745338755	0.709815606431538
HILp_QI17209	diagnosis	CD	-0.656295589775827	1.31370550687926	388	245	0.61854904142484	0.709815606431538
HILp_QI19733	diagnosis	UC	-0.938901791137402	1.90790369996509	388	261	0.62368281121055	0.7127803556692
C8p_QI25850	diagnosis	CD	-0.79582856116444	1.61424274990584	388	236	0.62308736139158	0.7127803556692
HILp_QI21790	diagnosis	UC	0.885069153926156	1.81144724629305	388	156	0.626193285625316	0.714832517837119
HILp_QI17524	diagnosis	CD	-0.652813046495481	1.35390982634002	388	111	0.630721673278006	0.719180927340942
C18n_QI13879	diagnosis	UC	-0.843321024039297	1.75858799986764	388	165	0.632595400733162	0.720495900607246
C18n_QI4496	diagnosis	CD	-0.854056996563303	1.79059128401677	388	255	0.634466389758253	0.721804766505408
HILp_QI20639	diagnosis	UC	0.819458750772239	1.73058205314598	388	168	0.636911108188615	0.723762622941608
HILp_QI24860	diagnosis	UC	-0.784613134514966	1.69041148202626	388	275	0.643562775918266	0.730491232597351
HILp_QI24879	diagnosis	UC	-0.741657454090449	1.60981057269301	388	221	0.646044025392663	0.732476219266058
HILn_QI2691	diagnosis	UC	-0.818674091914938	1.78888177125035	388	195	0.648179206074185	0.73406478604098
C8p_QI28908	diagnosis	UC	0.919838108928928	2.01610126153994	388	208	0.649167847913263	0.73435276913265
HILp_QI20949	diagnosis	UC	0.728643291380506	1.6027287216603	388	194	0.65042133331054	0.734939359672927
HILn_QI3923	diagnosis	CD	-0.679179325127386	1.51080921202243	388	248	0.654024048172797	0.738176126605866
HILp_QI11843	diagnosis	CD	0.684395893964073	1.52745865477565	388	244	0.655140120377677	0.738602165025566
C18n_QI13749	diagnosis	UC	-0.924985807513512	2.09686910767601	388	177	0.66006759367583	0.742039533919574
HILp_TF37	diagnosis	UC	0.730057304195156	1.65029427068076	388	337	0.659270224794383	0.742039533919574
HILp_QI22780	diagnosis	UC	0.717777780899155	1.6289571368258	388	267	0.660415185188421	0.742039533919574
HILn_QI32559	diagnosis	UC	0.937849189136292	2.15358295881231	388	197	0.664131180577182	0.745377307045098
HILp_QI19289	diagnosis	CD	-0.650353916179484	1.49938788105926	388	123	0.665529523299156	0.746109331052866
HILp_QI18156	diagnosis	CD	0.678138142980124	1.58093660654157	388	259	0.66891207811389	0.749061677619137
C8p_QI27060	diagnosis	UC	0.759071597675312	1.77543398796899	388	190	0.669886289830466	0.749313523300298
HILp_QI22009	diagnosis	UC	0.880382712493034	2.10376148815645	388	217	0.676494906120632	0.754304356961844
HILp_QI17682	diagnosis	CD	0.610034841975424	1.46061697059284	388	183	0.677222068732869	0.754304356961844
HILp_TF14	diagnosis	CD	-0.575105847408368	1.37744749045172	388	329	0.677365312551736	0.754304356961844
HILn_QI2542	diagnosis	UC	-0.817751843311315	1.95827730480116	388	230	0.677121920658485	0.754304356961844
C18n_QI13886	diagnosis	UC	-0.695276406387434	1.7449353572234	388	164	0.691143881238834	0.76879185899759
HILp_QI24992	diagnosis	CD	-0.544432764475378	1.38666655569137	388	99	0.695431771896137	0.772701968773486
HILp_QI15492	diagnosis	CD	-0.598464465567877	1.53877007524111	388	299	0.698167182825445	0.774129352729634
C8p_QI27409	diagnosis	CD	-0.511765848526468	1.3162043327088	388	186	0.69826467616213	0.774129352729634
C18n_QI13156	diagnosis	CD	-0.579865202404828	1.5085728319858	388	118	0.701529682938705	0.776887799489153
HILp_QI11954	diagnosis	CD	0.618200720350095	1.62074406282488	388	285	0.7037112967047	0.778441699894579
HILp_QI9431	diagnosis	CD	-0.549899873303891	1.46300743011773	388	257	0.707838144221885	0.782141595825288
HILp_QI19707	diagnosis	CD	0.537375565342356	1.44679954212061	388	131	0.71119598107919	0.784984526577472
HILp_QI19375	diagnosis	CD	0.517035877722626	1.40844891102086	388	213	0.714489226613029	0.787749974215027
HILp_QI19707	diagnosis	UC	-0.592714389092449	1.62237020534103	388	131	0.71567932173131	0.788193085607169
HILp_TF14	diagnosis	UC	-0.553883347839547	1.54364511206506	388	329	0.720593542659584	0.792732170142556
HILn_TF2	diagnosis	UC	-0.612081256633737	1.75348263638238	388	280	0.727786389214761	0.799765262873364
HILp_QI9431	diagnosis	UC	-0.561098788459088	1.63592158263091	388	257	0.732326399045729	0.80387091003922
C8p_QI28879	diagnosis	CD	0.566739402596687	1.67318806183734	388	192	0.735525538717236	0.80649730122504
HILn_QI1554	diagnosis	UC	-0.620467854986097	1.84948139454799	388	179	0.737967124077135	0.808288197236731
C8p_QI28731	diagnosis	UC	-0.4726680925064	1.45633243537471	388	247	0.746227308463271	0.816441256524367
HILp_QI6871	diagnosis	CD	-0.56598387151445	1.76517375362928	388	231	0.749181537207649	0.817883774244159
C8p_QI26720	diagnosis	UC	-0.569031181163289	1.77224608653626	388	214	0.748804469275209	0.817883774244159
HILp_QI22465	diagnosis	UC	0.56344731945525	1.79674952885583	388	300	0.754480355226664	0.822770289233004
HILp_QI19894	diagnosis	UC	0.521380874482216	1.68558157175924	388	131	0.757727787624938	0.825411533360499
HILp_QI18155	diagnosis	CD	0.426059311113508	1.41672303241624	388	229	0.764274100097255	0.831636670399625
HILp_QI8936	diagnosis	CD	-0.425180265298308	1.44987403595008	388	263	0.769955773171823	0.836908449099807
HILp_QI21862	diagnosis	UC	-0.50737653285728	1.75897733063637	388	272	0.773585397370786	0.839940713757639
HILp_QI24369	diagnosis	UC	-0.470493390516553	1.6415179862229	388	226	0.774998735431947	0.840562619774346
C18n_QI13732	diagnosis	UC	-0.560819840424354	2.02362001937517	388	173	0.78224351697533	0.847299618408787
C8p_QI18814	diagnosis	UC	-0.510032141722432	1.84618623963328	388	292	0.782904847409719	0.847299618408787
HILp_QI17412	diagnosis	UC	0.452095628789626	1.64757541642254	388	307	0.784334213955598	0.847928879951998
HILp_QI19735	diagnosis	UC	-0.454884679390136	1.67568982692018	388	123	0.786638987641766	0.848935468640682
HILn_QI2691	diagnosis	CD	-0.434229114515861	1.60237038279702	388	195	0.786963179429912	0.848935468640682
HILp_TF21	diagnosis	CD	-0.55674176046147	2.06958518882622	388	167	0.788495245420665	0.849671600668821
HILp_QI9050	diagnosis	UC	-0.417600062839472	1.59129389654495	388	271	0.793534379222273	0.854181247817302
HILp_QI20639	diagnosis	CD	-0.402052853837934	1.54631267112363	388	168	0.795432940563875	0.854590229855379
C8p_QI28731	diagnosis	CD	0.336937169046849	1.29701420306408	388	247	0.795623503995358	0.854590229855379
HILp_QI13503	diagnosis	UC	0.431202925588993	1.69239124859309	388	220	0.799409604907477	0.85773562758313
HILp_QI22820	diagnosis	UC	0.490623252406295	1.97545964376145	388	171	0.804405654250254	0.860828776037655
HILp_QI25066	diagnosis	CD	0.403398953952849	1.61578619998934	388	205	0.803384905123896	0.860828776037655
HILp_QI21617	diagnosis	UC	0.425880908961557	1.71934175688909	388	207	0.804874905595208	0.860828776037655
C8p_QI25709	diagnosis	UC	0.434851358822046	1.77518947111105	388	187	0.806976338570315	0.862154207874269
HILn_QI1632	diagnosis	UC	-0.425306013671779	1.75642167302397	388	183	0.809166027857086	0.863571000914713
HILn_QI2809	diagnosis	CD	0.451604456761899	1.89879354592373	388	154	0.812510084197985	0.865292954417449
HILp_QI24860	diagnosis	CD	0.360879900007182	1.51171297679828	388	275	0.811836971327778	0.865292954417449
HILn_QI1532	diagnosis	UC	-0.410309351839288	1.81361359848774	388	179	0.821481684604728	0.873677441931025
HILp_QI24992	diagnosis	UC	-0.350085346437165	1.55337903499032	388	99	0.822130472857094	0.873677441931025
HILp_QI21617	diagnosis	CD	-0.344423639532319	1.53764486471692	388	207	0.823236798202659	0.873924414227876
HILp_QI22456	diagnosis	UC	-0.41112228569907	1.96447813451602	388	243	0.834653748918202	0.884703758104475
HILp_QI20501	diagnosis	CD	0.321028161755689	1.53872983758436	388	239	0.835160347650625	0.884703758104475
HILp_QI24353	diagnosis	UC	0.335162193381517	1.65043903383901	388	305	0.839477789940704	0.887586424417963
HILp_QI14193	diagnosis	CD	-0.299095532876204	1.47403573914445	388	206	0.839656757499393	0.887586424417963
C8p_QI24127	diagnosis	CD	-0.30774644726254	1.52621490717961	388	220	0.84062135455269	0.887667745039799
HILp_QI11843	diagnosis	UC	-0.329654797184545	1.70726416491385	388	244	0.847290467812588	0.893766316258004
HILn_TF19	diagnosis	CD	0.343284479631797	1.84761269414576	388	270	0.853004297497148	0.897899260523314
HILp_QI20949	diagnosis	CD	-0.266304934774883	1.43278826968348	388	194	0.852965531061978	0.897899260523314
C18n_QI13770	diagnosis	UC	0.322044654145057	1.80223584991529	388	212	0.85853059885083	0.902766139695931
HILp_QI23683	diagnosis	UC	-0.325110809246885	1.86988710767315	388	243	0.862316907562579	0.905795070969096
HILp_QI10785	diagnosis	CD	-0.303188105863873	1.79512211437434	388	171	0.866224592029164	0.908945007375828
HILp_QI15492	diagnosis	UC	-0.281724979244375	1.71652648596234	388	299	0.869956664408914	0.911904260386702
C8p_QI20826	diagnosis	UC	-0.253860045828926	1.56006103465442	388	230	0.871069180412919	0.912114325039706
HILp_QI23682	diagnosis	UC	0.276200987687561	1.7098048883518	388	302	0.871983114977568	0.912116229056034
HILp_QI14093	diagnosis	UC	-0.270251456661529	1.70609339346292	388	163	0.874450632653272	0.913741517924005
HILp_QI19704	diagnosis	UC	-0.269386806205451	1.79077420571378	388	135	0.880731293514398	0.919343730182044
HILp_QI21566	diagnosis	UC	0.244715065088681	1.71174213303662	388	110	0.886609330245868	0.924514421528538
C18n_QI8237	diagnosis	UC	0.258716856609465	1.855061269963	388	211	0.889361184100836	0.926417900105037
HILp_QI18613	diagnosis	CD	-0.204834884055862	1.50977284922566	388	150	0.892352645258902	0.926796533579521
C8p_QI24566	diagnosis	UC	-0.223720286245607	1.66559477626361	388	162	0.893431858370658	0.926796533579521
HILp_QI24353	diagnosis	CD	0.200564863472421	1.47680600238099	388	305	0.892246694222374	0.926796533579521
HILp_QI10347	diagnosis	CD	0.200413387079901	1.48390390246901	388	125	0.892857645698485	0.926796533579521
HILp_QI20614	diagnosis	UC	-0.232061102147056	1.78467511419851	388	172	0.896804616395097	0.929331208699582
C18n_QI13404	diagnosis	UC	0.213103441985888	1.67140910091905	388	171	0.898797200188845	0.930431884253463
HILp_QI22414	diagnosis	CD	-0.19455802143169	1.54696820167151	388	239	0.900178589281872	0.930898230901626
HILp_QI6871	diagnosis	UC	0.225065088918385	1.96499826551315	388	231	0.909045264051121	0.937010357959568
C18n_QI7821	diagnosis	UC	-0.219497461376919	1.93342925007352	388	218	0.909837057578741	0.937010357959568
HILp_TF34	diagnosis	CD	0.186964507328278	1.63931379787677	388	321	0.909443029588822	0.937010357959568
HILn_QI4140	diagnosis	CD	-0.212876251587052	1.83501250694603	388	224	0.907880261241351	0.937010357959568
HILp_QI23305	diagnosis	UC	-0.180522577142787	1.61671886108037	388	219	0.911313336822248	0.937565161339761
C8p_QI28924	diagnosis	CD	0.163759880100904	1.68654425124517	388	166	0.922838103791755	0.947472385823157
HILp_QI16359	diagnosis	CD	0.156385141512664	1.59543818476758	388	180	0.922120244277166	0.947472385823157
C18n_QI13846	diagnosis	UC	0.16394236814083	1.81469827981196	388	232	0.928195453934258	0.951789880631476
HILp_QI25155	diagnosis	CD	-0.134151280188282	1.50061327057156	388	173	0.928946923496321	0.951789880631476
HILp_QI17412	diagnosis	CD	-0.120463434550674	1.4728025926377	388	307	0.934979460652293	0.956011718458377
HILp_QI16269	diagnosis	UC	-0.129134440943518	1.56510873844218	388	187	0.934408431225203	0.956011718458377
HILn_TF14	diagnosis	UC	0.116442040620183	1.99627354546585	388	205	0.953604680302846	0.972074087974359
HILp_QI21205	diagnosis	UC	-0.107279634360909	1.82883383063717	388	130	0.953345912670947	0.972074087974359
C8p_QI11976	diagnosis	CD	-0.0908358322337873	1.55205751059399	388	247	0.953455506579319	0.972074087974359
HILp_QI20578	diagnosis	UC	-0.090213000150725	1.7714021904714	388	78	0.959489338812981	0.975090791476607
C8p_QI28908	diagnosis	CD	-0.0936854453653801	1.81082874287048	388	208	0.958841149539773	0.975090791476607
C18n_QI11503	diagnosis	UC	0.0934986882014566	1.83381223015251	388	218	0.959440632344847	0.975090791476607
HILp_QI20614	diagnosis	CD	0.073720502706643	1.59750384299612	388	172	0.963288448315688	0.976965971922605
HILp_QI23420	diagnosis	UC	-0.0769683790362247	1.63680065440432	388	288	0.962585234374865	0.976965971922605
HILp_QI11943	diagnosis	UC	-0.0610976463933185	1.67030920183697	388	195	0.97089429308969	0.983682161185097
HILp_QI19705	diagnosis	UC	-0.0523932873951871	1.81928160469979	388	117	0.977088733347204	0.985881611198236
HILp_QI21318	diagnosis	UC	-0.0485004016880772	1.7538683326276	388	262	0.97799455830865	0.985881611198236
C18n_QI6982	diagnosis	UC	-0.0545080044415525	1.85458194771284	388	191	0.976610946717248	0.985881611198236
HILp_QI19894	diagnosis	CD	0.0442573634589542	1.50898876887402	388	131	0.976663077541275	0.985881611198236
HILp_QI23880	diagnosis	UC	-0.0520977069262594	1.67932758386407	388	131	0.975314895623786	0.985881611198236
HILp_QI20578	diagnosis	CD	0.0366841556974865	1.57765358950679	388	78	0.981499655095686	0.98841858519203
HILp_QI19735	diagnosis	CD	0.0327776852377202	1.4933515814576	388	123	0.982537905680911	0.988468717988844
C18n_QI11997	diagnosis	UC	0.0311260033303466	1.83105666679641	388	230	0.986470722011421	0.989439039128807
HILp_QI15503	diagnosis	CD	-0.0253017838326862	1.347847531063	388	235	0.985062726698642	0.989439039128807
HILp_QI25155	diagnosis	UC	-0.0297032931781541	1.67602108903367	388	173	0.985894753488775	0.989439039128807
C8p_QI24127	diagnosis	UC	0.0254141890799762	1.7051958627001	388	220	0.988138406630058	0.990118643917894
C8p_QI21184	diagnosis	UC	0.0245458994302884	1.81048920203407	388	190	0.989209273191364	0.990199472664028
HILp_QI16360	diagnosis	CD	-0.00760914647757085	1.67877304023894	388	204	0.996392775687159	0.996392775687159
